txn_id,txn_datetime,customer_account,card_no,txn_amount,txn_currency,merchant_type,city,country_code,payment_channel,km_from_home,foreign_txn_flag,txn_count_past_hour,fraud_label,risk_index
e5e1abd3-5643-4a56-b1e3-3bfb1aa532f4,5/19/2026 15:55,ACC38740,4475-XXXX-XXXX-4409,58.91,USD,Healthcare,Los Angeles,US,Mobile App,2.1,0,0,normal,0.046
f0f57be2-6023-4cdf-8397-393a4afae304,6/13/2026 14:11,ACC58473,4488-XXXX-XXXX-2785,19.96,USD,Grocery,London,GB,Mobile App,13.3,0,1,normal,0.244
a9d8374a-be5e-45c9-9a5f-cf4b61f1a7b2,7/10/2026 16:19,ACC82413,4109-XXXX-XXXX-1255,30.05,USD,Coffee Shop,Tokyo,JP,Mobile App,9.6,0,0,normal,0.045
dd69896b-7181-4b24-a10d-c2de474084be,8/7/2026 12:34,ACC68552,4563-XXXX-XXXX-1810,34.57,USD,Grocery,Tokyo,JP,POS,3.6,0,0,normal,0.235
c2252145-278f-4bff-b916-e23c99bcd585,5/27/2026 9:07,ACC15535,4842-XXXX-XXXX-5947,16.29,USD,Healthcare,Dubai,AE,Mobile App,19.8,0,1,normal,0.064
814bb452-12f8-4faa-a20f-b7535a8318d4,5/18/2026 21:56,ACC35301,4870-XXXX-XXXX-3644,41.73,USD,Grocery,London,GB,ATM,14.8,0,1,normal,0.052
8481c908-fba9-4da3-8626-d355e3b898b6,6/17/2026 18:15,ACC57118,4137-XXXX-XXXX-6432,47.31,USD,Home Improvement,Delhi,IN,ATM,18.5,0,0,normal,0.083
4c2b94ed-7ee3-478c-aecb-2995db4907b9,6/30/2026 9:29,ACC63635,4706-XXXX-XXXX-1167,381.63,USD,Education,Berlin,DE,ATM,32.9,0,0,normal,0.212
1dc85d2f-6895-4470-84c9-8f799bd6fdb5,7/18/2026 12:07,ACC60913,4474-XXXX-XXXX-6956,21.95,USD,Subscription,Houston,US,Mobile App,13,0,0,normal,0.184
c27c299a-9877-49ba-8586-9d7d1fbdd5f3,7/12/2026 2:41,ACC74437,4878-XXXX-XXXX-2609,47.37,USD,Healthcare,Mumbai,IN,Online,5.4,0,2,normal,0.116
dfbe330e-7dbe-4926-b3e6-e74b911bad9d,7/6/2026 9:44,ACC85813,4579-XXXX-XXXX-6499,30.89,USD,Coffee Shop,Los Angeles,US,Mobile App,16.7,0,0,normal,0.119
4ac8ea1d-2347-4eb8-b8d2-ad350befd86a,7/3/2026 14:46,ACC66919,4661-XXXX-XXXX-6306,20.13,USD,Utilities,New York,US,ATM,7.1,0,0,normal,0.193
197acfc1-b682-4dff-aa9e-b8b65c236194,5/31/2026 0:29,ACC14278,4237-XXXX-XXXX-5720,42.59,USD,Coffee Shop,Los Angeles,US,Mobile App,28.1,0,0,normal,0.175
45d8a810-a8bc-4318-9fde-98ac1113b955,7/11/2026 11:36,ACC13318,4942-XXXX-XXXX-3490,31.69,USD,Electronics,Dubai,AE,ATM,34.3,0,0,normal,0.041
ebb0b754-ceef-4174-bd56-f62fe055a40b,7/5/2026 10:09,ACC74303,4471-XXXX-XXXX-3756,23.02,USD,Healthcare,London,GB,Mobile App,6.8,0,1,normal,0.127
b02b3784-8945-4b97-b617-4b03788c59b2,6/22/2026 13:51,ACC23340,4721-XXXX-XXXX-2891,9.53,USD,Insurance,Singapore,SG,Online,13.9,0,0,normal,0.215
5fad6f32-f7b2-415c-a9e8-224ac321422b,7/9/2026 1:45,ACC41373,4658-XXXX-XXXX-4989,28.41,USD,Gas Station,Tokyo,JP,Online,14.9,0,0,normal,0.155
cf0f9fc9-8956-4ae4-bfbd-736b04648987,7/19/2026 6:06,ACC12440,4275-XXXX-XXXX-2663,20.36,USD,Grocery,Toronto,CA,Online,30.5,0,0,normal,0.04
892f8c53-2b1d-4e47-a2f0-8f2e16f234b9,6/26/2026 20:24,ACC76676,4772-XXXX-XXXX-3766,12.2,USD,Pharmacy,Chicago,US,POS,23.9,0,0,normal,0.224
7c082813-44e8-4cc7-9c0b-d4dec2fc66ec,6/21/2026 18:51,ACC29482,4796-XXXX-XXXX-3401,217.91,USD,Home Improvement,Delhi,IN,Mobile App,5.9,0,0,normal,0.201
7f493781-5a3e-4dbe-8c19-711ca552bb46,5/20/2026 19:59,ACC17994,4900-XXXX-XXXX-3222,10.89,USD,Home Improvement,Toronto,CA,Mobile App,8.5,0,0,normal,0.106
da112cc2-1eeb-46c7-87b7-27a39ae29fa0,6/5/2026 4:15,ACC11787,4801-XXXX-XXXX-9167,2106.88,USD,Retail,Lagos,NG,Online,10977.9,1,1,suspicious,0.867
38e6110e-ca2f-469f-911a-6e63f29bc5a2,7/27/2026 17:00,ACC27643,4751-XXXX-XXXX-4005,13.17,USD,Subscription,Bangalore,IN,POS,6.1,0,0,normal,0.152
e3a5fee5-ff8a-4025-bbea-50c5122f12d0,5/13/2026 10:17,ACC52488,4928-XXXX-XXXX-4922,29.63,USD,Pharmacy,Toronto,CA,Online,13.9,0,0,normal,0.208
afdfc947-3120-4756-9101-78de5971d937,6/13/2026 15:42,ACC71918,4102-XXXX-XXXX-3252,9.76,USD,Grocery,New York,US,POS,38.6,0,2,normal,0.048
36d5d88f-74ba-401b-a549-41c74f0dfb2c,8/1/2026 10:59,ACC14312,4183-XXXX-XXXX-6152,100.73,USD,Education,Sydney,AU,POS,38.5,0,0,normal,0.191
8f2ebc46-e80a-41a6-a1f5-4d958ab6ab9f,5/18/2026 7:15,ACC60783,4824-XXXX-XXXX-7677,230.83,USD,Subscription,Delhi,IN,ATM,27.9,0,0,normal,0.092
f3930502-020f-4f01-a85c-5accd61c7cf4,8/8/2026 10:21,ACC74138,4509-XXXX-XXXX-4781,22.65,USD,Insurance,London,GB,Online,1.2,0,1,normal,0.209
49576479-27af-4fac-bc2e-df7c7fd4546e,7/20/2026 13:24,ACC68205,4225-XXXX-XXXX-3229,9.38,USD,Retail,Dubai,AE,POS,11.3,0,0,normal,0.24
eb76fe5e-12ec-4430-ac03-736ae5525cb6,6/8/2026 21:30,ACC71216,4763-XXXX-XXXX-9123,61.74,USD,Utilities,London,GB,ATM,20.5,0,0,normal,0.056
1fa6c2f0-3df5-4275-a09b-87769b2a84d7,5/19/2026 22:20,ACC53517,4109-XXXX-XXXX-9994,115.72,USD,Electronics,Chicago,US,POS,27.5,0,1,normal,0.161
a9d548a5-f055-48cf-940e-7a3359797b76,8/5/2026 12:20,ACC79243,4910-XXXX-XXXX-1197,24.49,USD,Retail,Houston,US,Mobile App,37.4,0,0,normal,0.217
ecf5f84e-0f2a-4cff-9885-ab72c03b845c,7/27/2026 14:07,ACC68288,4660-XXXX-XXXX-3556,11.87,USD,Healthcare,Mumbai,IN,POS,37.1,0,0,normal,0.075
491e0e54-2409-478f-9be1-c5720a88e861,7/25/2026 10:41,ACC97235,4324-XXXX-XXXX-6633,5.18,USD,Gas Station,Chicago,US,Online,14.9,0,0,normal,0.049
a867cd16-2e15-4d4e-b44f-2f3ef1194ddb,8/3/2026 7:15,ACC29385,4420-XXXX-XXXX-4608,26.65,USD,Entertainment,Tokyo,JP,Online,14.3,0,0,normal,0.149
eda50532-741a-4271-8d9d-33c261436d96,7/31/2026 18:12,ACC56438,4433-XXXX-XXXX-7735,3.91,USD,Retail,Houston,US,ATM,34.6,0,0,normal,0.167
26b889be-c998-4c79-bbff-3f976c64f2c1,5/29/2026 9:38,ACC57077,4870-XXXX-XXXX-3083,8.88,USD,Gas Station,Mumbai,IN,POS,9.7,0,1,normal,0.02
44ec81af-9d57-4947-8fce-4ee3ddf75fa7,6/27/2026 17:27,ACC19869,4144-XXXX-XXXX-4696,59.35,USD,Utilities,Singapore,SG,ATM,38.7,0,1,normal,0.098
ea9e8b98-90ea-483f-adb7-89ef2a75c957,6/20/2026 8:36,ACC89493,4229-XXXX-XXXX-5648,34.52,USD,Insurance,Sydney,AU,POS,15.7,0,0,normal,0.049
8d656587-b1cb-4d88-93b2-99ed332b27da,8/7/2026 15:23,ACC28941,4720-XXXX-XXXX-2267,21.93,USD,Healthcare,London,GB,ATM,6.7,0,0,normal,0.062
354448f1-68fb-43d4-b6cd-51ebd55f0f1a,5/12/2026 14:42,ACC64053,4140-XXXX-XXXX-4791,73.85,USD,Healthcare,Dubai,AE,POS,28.3,0,0,normal,0.131
cb181963-5dbb-4e88-8bea-d9e93f916d4a,7/6/2026 12:18,ACC60070,4263-XXXX-XXXX-2491,5.17,USD,Subscription,New York,US,POS,39.2,0,0,normal,0.078
9d4624b3-6b30-4b01-87d6-694cd48ca196,7/12/2026 9:46,ACC35330,4231-XXXX-XXXX-1528,24.16,USD,Subscription,Berlin,DE,ATM,30.6,0,0,normal,0.075
4434f729-495e-4174-b2d2-2ca042a0920e,8/7/2026 10:13,ACC86931,4593-XXXX-XXXX-9022,15.21,USD,Grocery,Singapore,SG,Online,17.9,0,0,normal,0.09
6fa39183-aa89-48a0-85c5-0b70b7d8db84,6/25/2026 14:00,ACC80463,4134-XXXX-XXXX-7200,82.29,USD,Coffee Shop,Singapore,SG,POS,3.9,0,0,normal,0.248
79db463e-deb0-4b73-844f-105ad3a96723,6/14/2026 7:10,ACC45418,4092-XXXX-XXXX-3649,65.67,USD,Healthcare,Paris,FR,POS,17.8,0,0,normal,0.154
5665cab8-37b8-4a24-bd75-1c03ba316ffb,5/10/2026 19:02,ACC50205,4214-XXXX-XXXX-4663,41.92,USD,Restaurant,Sydney,AU,POS,7.7,0,0,normal,0.097
5f60a5ac-2cca-49b4-8c19-1f5c0c1996fd,8/5/2026 15:42,ACC31344,4147-XXXX-XXXX-9286,45.31,USD,Coffee Shop,Mumbai,IN,Online,19.4,0,0,normal,0.242
542c1da8-e1c1-4ccc-8fc9-8daedd8592d3,6/1/2026 11:07,ACC65898,4109-XXXX-XXXX-4908,39.93,USD,Healthcare,New York,US,POS,32.2,0,0,normal,0.056
19a9cebd-7940-4d58-9b0d-1eeed9a625ec,5/18/2026 20:58,ACC28767,4648-XXXX-XXXX-8590,3.91,USD,Restaurant,Chicago,US,ATM,6.3,0,1,normal,0.139
7a4b646a-f5e9-46d7-a134-fd97d41e80c6,6/3/2026 18:11,ACC71706,4131-XXXX-XXXX-5237,27.86,USD,Education,Tokyo,JP,Online,37.9,0,1,normal,0.167
a3682167-c98e-4058-bde1-5c1a01036f9f,6/29/2026 14:10,ACC37235,4640-XXXX-XXXX-4457,47.05,USD,Grocery,Bangalore,IN,Mobile App,26.4,0,0,normal,0.052
69be3142-b0c1-433e-8a7d-4616a3e01efb,5/30/2026 3:16,ACC45182,4129-XXXX-XXXX-7352,36.01,USD,Healthcare,Dubai,AE,Mobile App,30.9,0,1,normal,0.059
a41545f8-8788-4541-bda9-77e7186c91fa,7/15/2026 15:02,ACC88215,4292-XXXX-XXXX-5071,85.62,USD,Gas Station,London,GB,POS,24.7,0,1,normal,0.215
928034c5-fd9a-42ed-89c0-4840cd733636,7/23/2026 12:53,ACC87621,4439-XXXX-XXXX-7370,30.55,USD,Home Improvement,Berlin,DE,POS,28.2,0,0,normal,0.191
3b05088e-71fc-4c32-828d-7468a69431c0,6/14/2026 18:46,ACC50838,4163-XXXX-XXXX-4641,31.89,USD,Utilities,London,GB,Mobile App,39.8,0,0,normal,0.081
d52e8b76-d841-4024-b565-b37f5db4cddd,6/28/2026 15:23,ACC61788,4841-XXXX-XXXX-1504,50.82,USD,Pharmacy,Berlin,DE,ATM,6.3,0,0,normal,0.189
e2107329-56d1-43c8-8a8e-d5a8d7e7440b,6/21/2026 16:13,ACC30131,4055-XXXX-XXXX-6911,49.01,USD,Pharmacy,Dubai,AE,POS,17.1,0,0,normal,0.169
79202764-8829-434e-9954-371584932015,6/27/2026 18:10,ACC94277,4421-XXXX-XXXX-1995,12.45,USD,Pharmacy,Dubai,AE,Online,1.8,0,0,normal,0.186
d6a01213-372c-4c4f-90e2-a9c40194dd40,7/20/2026 7:22,ACC90683,4481-XXXX-XXXX-3533,28.97,USD,Grocery,Los Angeles,US,Online,35.8,0,0,normal,0.221
fc69cfae-b05e-4bb7-aff6-068cf33ca621,5/13/2026 12:56,ACC57798,4713-XXXX-XXXX-3327,6.07,USD,Home Improvement,Delhi,IN,POS,12.9,0,1,normal,0.211
2c190f1b-85c6-45b5-9aaa-fee99412c868,5/1/2026 5:28,ACC93660,4537-XXXX-XXXX-8871,88.03,USD,Subscription,Tokyo,JP,Online,33.3,0,0,normal,0.196
f4690d77-9730-49c5-99cd-2b41c3d9d121,5/9/2026 11:15,ACC88484,4349-XXXX-XXXX-9850,107.91,USD,Education,Dubai,AE,Online,34,0,0,normal,0.245
e291bdc9-c73e-44f1-8161-faa513a904a1,6/14/2026 14:47,ACC93447,4438-XXXX-XXXX-7599,71.66,USD,Coffee Shop,Delhi,IN,POS,18.1,0,1,normal,0.107
1ac77823-c39c-44b9-aab0-949f2f4528b1,6/1/2026 20:24,ACC56803,4346-XXXX-XXXX-2329,9.16,USD,Retail,Toronto,CA,ATM,13.7,0,0,normal,0.106
ef81e3b1-316d-4064-9726-167a5d26cbd1,6/30/2026 7:45,ACC89500,4464-XXXX-XXXX-5665,22.54,USD,Pharmacy,London,GB,Online,23.5,0,0,normal,0.014
7ff81bd9-617c-421c-8237-6dcebd7523b2,6/20/2026 14:59,ACC10006,4668-XXXX-XXXX-6549,5231.32,USD,Gift Cards,Los Angeles,US,Mobile App,14.3,0,1,suspicious,0.676
35acd8b3-5cfd-4680-b606-8eee1f3184c7,8/7/2026 15:07,ACC81426,4429-XXXX-XXXX-4611,6.5,USD,Electronics,Houston,US,ATM,23.6,0,1,normal,0.012
3d63ff2f-5f62-404b-97f4-150e5e4842f2,5/6/2026 15:20,ACC20552,4613-XXXX-XXXX-7697,34.5,USD,Gas Station,Houston,US,POS,13,0,0,normal,0.147
3c28ae80-dcbd-467c-8ffb-2f405225ef22,6/22/2026 13:35,ACC45160,4739-XXXX-XXXX-6496,20.62,USD,Insurance,Paris,FR,Online,14.4,0,0,normal,0.099
c47fe5ec-0b85-4761-acb9-784c59ed4fa9,6/20/2026 18:57,ACC26147,4442-XXXX-XXXX-3396,18.64,USD,Entertainment,Tokyo,JP,POS,7.4,0,1,normal,0.168
5b703685-a5f6-425a-a131-3f73c1a1ec1b,8/6/2026 13:04,ACC65782,4600-XXXX-XXXX-9645,72.67,USD,Pharmacy,London,GB,Online,35.4,0,1,normal,0.154
d22977fa-fd38-4a70-a8a6-4338d4f862e6,5/26/2026 19:25,ACC85526,4384-XXXX-XXXX-1045,6.62,USD,Gas Station,Bangalore,IN,Mobile App,9.3,0,0,normal,0.19
f8d33c08-19df-4557-9d9a-e94591426ffa,8/3/2026 10:39,ACC24617,4737-XXXX-XXXX-8252,60.86,USD,Grocery,Sydney,AU,Online,23.6,0,0,normal,0.191
9415bf46-7f66-453b-92c1-a9c9e94782b9,6/27/2026 9:21,ACC63895,4811-XXXX-XXXX-5584,8.76,USD,Healthcare,Chicago,US,Mobile App,20.5,0,2,normal,0.137
f323e8e9-f35d-4bb7-ac11-982d577a7864,5/15/2026 21:40,ACC34791,4913-XXXX-XXXX-6648,29.39,USD,Education,Bangalore,IN,ATM,24.4,0,0,normal,0.224
5f176262-ff89-4e95-9af3-925a20a742ef,6/28/2026 14:36,ACC17691,4268-XXXX-XXXX-7923,128.99,USD,Gas Station,Tokyo,JP,POS,21.8,0,0,normal,0.184
f1193019-315f-4b10-829e-57104de1e5e5,6/4/2026 16:00,ACC30648,4216-XXXX-XXXX-2199,21.45,USD,Education,Toronto,CA,Online,16.6,0,0,normal,0.178
33b95136-1f87-43b8-ba90-246fc53f1c1e,5/14/2026 15:48,ACC15284,4194-XXXX-XXXX-5886,23.79,USD,Electronics,Tokyo,JP,Online,32.4,0,1,normal,0.085
e1547fe9-e441-427c-adbc-5ea06a9de1c4,7/30/2026 19:38,ACC38000,4877-XXXX-XXXX-3649,997.28,USD,Utilities,Chicago,US,ATM,32.4,0,3,suspicious,0.823
c553f661-6322-4bd1-9356-a5c4a7cdcc7a,7/17/2026 9:30,ACC77610,4601-XXXX-XXXX-8679,51,USD,Home Improvement,Chicago,US,ATM,13.6,0,0,normal,0.213
e0c35a3a-67c4-4ddc-b729-418e02ff7f9c,5/30/2026 8:14,ACC87144,4391-XXXX-XXXX-7449,29.72,USD,Insurance,Dubai,AE,Online,30.7,0,1,normal,0.02
907ede62-ce1f-4fa1-8d9e-049a4a6c34ef,6/26/2026 20:06,ACC43228,4367-XXXX-XXXX-6636,6.42,USD,Insurance,Los Angeles,US,Mobile App,38.9,0,0,normal,0.117
16e4d537-d1ba-4410-bc5b-a02d3eb9e3fb,7/1/2026 18:58,ACC96748,4212-XXXX-XXXX-3341,100.08,USD,Grocery,Sydney,AU,ATM,31,0,0,normal,0.062
cededf2c-f3f1-475a-9ffd-43805387428f,7/12/2026 14:02,ACC24169,4493-XXXX-XXXX-2045,31.19,USD,Travel,Tokyo,JP,Mobile App,39.5,0,0,normal,0.217
5c49ba61-4d7c-48eb-aaac-d06467e4c7af,5/6/2026 22:51,ACC28012,4953-XXXX-XXXX-9600,14.34,USD,Utilities,New York,US,POS,14.5,0,0,normal,0.073
9d206ca8-f392-40c5-ae0b-3fef98aea695,5/26/2026 10:41,ACC92927,4619-XXXX-XXXX-7047,4.54,USD,Insurance,Dubai,AE,Mobile App,3.3,0,1,normal,0.142
1d5f38cb-9deb-41c3-8e5e-b739a85808ba,8/5/2026 19:29,ACC66372,4289-XXXX-XXXX-5312,14.46,USD,Healthcare,Chicago,US,Mobile App,20.7,0,0,normal,0.05
4eb257ff-13ba-4f2c-b4ae-ea12368c17b4,5/17/2026 11:03,ACC34811,4558-XXXX-XXXX-5100,16.94,USD,Restaurant,Singapore,SG,POS,36.4,0,0,normal,0.243
f02ab888-9493-42a4-ae03-c74a88c9f3b6,7/14/2026 11:39,ACC90725,4684-XXXX-XXXX-8756,97.57,USD,Insurance,Toronto,CA,Online,6.7,0,1,normal,0.247
05ab7021-9fde-45aa-aa8e-41e4ab7f5293,8/5/2026 7:42,ACC43181,4962-XXXX-XXXX-7105,357.6,USD,Coffee Shop,New York,US,Online,31.6,0,9,suspicious,0.724
d5443696-6afb-4704-b76c-5e1b1109665d,7/30/2026 13:04,ACC31603,4055-XXXX-XXXX-7086,87.2,USD,Entertainment,Los Angeles,US,ATM,7.8,0,0,normal,0.029
9dfbd2e4-a334-404d-8704-5c27259091bf,8/3/2026 10:03,ACC42537,4238-XXXX-XXXX-3854,23.24,USD,Grocery,Houston,US,Mobile App,17.5,0,0,normal,0.175
7c884dcd-2e08-4080-9dbe-2972b0b91e09,7/27/2026 19:47,ACC86100,4541-XXXX-XXXX-5902,8.04,USD,Coffee Shop,Dubai,AE,Mobile App,37,0,1,normal,0.2
51326843-74ba-4bf3-b6b3-b318237a7ff3,7/24/2026 16:30,ACC84136,4384-XXXX-XXXX-9502,23.39,USD,Restaurant,Houston,US,ATM,1.7,0,0,normal,0.211
b53faf3c-8d93-4811-b269-951b528285c5,8/2/2026 9:34,ACC63067,4296-XXXX-XXXX-5244,6.66,USD,Entertainment,Chicago,US,POS,7.4,0,0,normal,0.042
4b895909-a874-4da3-a647-a6c637bb0202,7/27/2026 10:58,ACC57938,4254-XXXX-XXXX-2916,52.68,USD,Home Improvement,Tokyo,JP,ATM,1.9,0,0,normal,0.123
84066441-c49b-48f6-8784-a4f9a036536c,7/5/2026 13:40,ACC80566,4475-XXXX-XXXX-3221,993.64,USD,Pharmacy,New York,US,ATM,14.5,0,2,suspicious,0.864
40e3addf-c69d-4cc7-b913-779d17d001ee,5/4/2026 7:58,ACC36975,4869-XXXX-XXXX-9508,5.96,USD,Healthcare,Chicago,US,Online,5.1,0,1,normal,0.077
f5aa1d4f-94b8-4700-ab00-d6c8b12f9f55,7/27/2026 19:36,ACC98000,4133-XXXX-XXXX-3247,8.24,USD,Home Improvement,Paris,FR,Mobile App,0.8,0,1,normal,0.189
acc0bbd8-daf8-4aa0-8594-7e74be16c45b,7/31/2026 12:23,ACC71763,4644-XXXX-XXXX-1558,73.22,USD,Restaurant,New York,US,Mobile App,3.6,0,0,normal,0.241
aa10d784-268e-4a36-afa7-98dd829fe055,7/1/2026 16:24,ACC80507,4484-XXXX-XXXX-4948,10.29,USD,Subscription,Bangalore,IN,Online,12,0,1,normal,0.203
4adcb5e3-ed73-4899-92a4-26b35c65512d,5/12/2026 7:58,ACC24314,4835-XXXX-XXXX-2411,9.71,USD,Travel,Paris,FR,Mobile App,7.4,0,0,normal,0.221
93d286ed-e16e-49fa-8f0b-5d5926d98805,5/24/2026 12:26,ACC26661,4530-XXXX-XXXX-1584,29.03,USD,Education,Los Angeles,US,ATM,19.2,0,0,normal,0.019
ca102d3e-4a8d-4959-95ab-2e0e37a4dc11,7/2/2026 21:02,ACC84994,4313-XXXX-XXXX-1341,24.11,USD,Education,Toronto,CA,Mobile App,7.5,0,1,normal,0.01
0bb7d571-d38e-4466-b6db-bb5a50780d28,5/5/2026 20:27,ACC46350,4700-XXXX-XXXX-4590,88.51,USD,Healthcare,New York,US,Online,17.4,0,1,normal,0.184
6e98cfaf-672d-4df0-bfb4-c86646953a3a,7/24/2026 14:08,ACC73131,4552-XXXX-XXXX-4721,43.5,USD,Entertainment,Dubai,AE,POS,17.7,0,0,normal,0.072
b0e9bcbc-ee8e-43ac-8225-6c5aa8b83672,5/31/2026 1:07,ACC42697,4085-XXXX-XXXX-6445,1072.79,USD,Gift Cards,Dubai,AE,Online,11.8,0,1,suspicious,0.95
5145a143-32ed-48c3-b060-25ffa9916e47,5/19/2026 16:15,ACC22362,4971-XXXX-XXXX-1065,37.76,USD,Pharmacy,Bangalore,IN,POS,35.7,0,0,normal,0.204
0a6abd9f-9eb4-4b19-9754-1d2b365cfa19,5/1/2026 12:29,ACC81636,4962-XXXX-XXXX-7828,46.65,USD,Restaurant,Bangalore,IN,POS,20.1,0,2,normal,0.201
d0943e6e-069d-4262-981e-5f5d8fdbda80,7/14/2026 7:21,ACC39958,4027-XXXX-XXXX-1073,30.33,USD,Education,Mumbai,IN,Online,26.4,0,1,normal,0.227
d7d7a918-06dc-4461-887f-c318ebde9cce,5/7/2026 22:32,ACC46170,4941-XXXX-XXXX-9376,7.02,USD,Travel,Paris,FR,Online,3.8,0,0,normal,0.047
1ffd7205-3002-4857-a771-b9aed8264771,7/4/2026 11:22,ACC25799,4890-XXXX-XXXX-4714,5.73,USD,Healthcare,New York,US,POS,25.4,0,0,normal,0.023
be8a5a22-09c9-42da-a242-98ac93ff7431,7/31/2026 10:05,ACC44664,4744-XXXX-XXXX-6992,62.92,USD,Grocery,Berlin,DE,ATM,14.6,0,0,normal,0.147
d1d1fc8b-a370-4de3-9a79-7aa06709aa03,7/20/2026 19:06,ACC38939,4631-XXXX-XXXX-5140,25.11,USD,Healthcare,Houston,US,Online,4.6,0,0,normal,0.146
542cc215-779a-4550-8c6d-77503bea97f2,6/2/2026 12:53,ACC94685,4462-XXXX-XXXX-2481,78.41,USD,Travel,London,GB,POS,7.2,0,0,normal,0.225
d475972b-6959-4601-8782-85d8cfd87b9b,6/23/2026 13:55,ACC72978,4579-XXXX-XXXX-8144,31.16,USD,Restaurant,Singapore,SG,Mobile App,25.1,0,0,normal,0.177
21ad385f-2810-445a-affc-0b008172fffd,8/2/2026 20:37,ACC85832,4177-XXXX-XXXX-3103,54.07,USD,Insurance,Tokyo,JP,POS,15.5,0,0,normal,0.222
8bb1680c-89c1-4c67-ba2e-f9fd52da5321,6/14/2026 11:15,ACC77463,4070-XXXX-XXXX-7493,135.82,USD,Retail,Sydney,AU,ATM,19,0,0,normal,0.227
8178ec61-51bd-4f3d-9523-818db22e2af6,5/18/2026 7:20,ACC22103,4393-XXXX-XXXX-3494,57.58,USD,Restaurant,Singapore,SG,Online,5.6,0,0,normal,0.234
bf51b030-ed9a-44bc-86c7-874f9c03d336,6/7/2026 0:23,ACC46941,4964-XXXX-XXXX-7987,54.03,USD,Healthcare,Toronto,CA,ATM,20.8,0,1,normal,0.081
c96b7109-6486-489a-b7bc-93afa95cc41c,8/4/2026 14:39,ACC41491,4029-XXXX-XXXX-3091,32.62,USD,Grocery,Delhi,IN,POS,34.1,0,0,normal,0.082
4b50711f-1cc4-4d03-8669-5ef265bd4f05,7/26/2026 18:32,ACC70423,4051-XXXX-XXXX-3752,18.7,USD,Restaurant,Houston,US,ATM,32.9,0,0,normal,0.017
76fd91d4-a2ea-4719-8b16-3473d22a80ad,6/9/2026 19:28,ACC45755,4576-XXXX-XXXX-4479,194.05,USD,Gas Station,Los Angeles,US,POS,21,0,0,normal,0.11
f405d856-a27c-4a58-9af8-83101e83b47e,5/4/2026 12:43,ACC91048,4064-XXXX-XXXX-1745,28.5,USD,Restaurant,Delhi,IN,POS,14.3,0,0,normal,0.08
7380add0-3781-4724-bcf3-8be555723b58,7/9/2026 21:09,ACC84536,4061-XXXX-XXXX-5597,18.88,USD,Retail,Berlin,DE,Online,4.4,0,0,normal,0.11
5e5dc3ca-1584-4495-9763-cde6ab6c154d,6/18/2026 10:34,ACC21401,4449-XXXX-XXXX-2923,21.78,USD,Grocery,Singapore,SG,Online,8.4,0,1,normal,0.175
8b2dee6a-a871-4b70-8d04-958bd4333f0d,6/13/2026 21:50,ACC91033,4097-XXXX-XXXX-8091,81.29,USD,Entertainment,Paris,FR,Online,19.3,0,0,normal,0.164
af758567-d93c-4f76-b6de-f2eda8867e63,6/22/2026 21:26,ACC10255,4665-XXXX-XXXX-1722,11.68,USD,Retail,Berlin,DE,ATM,22.4,0,1,normal,0.2
10abcc3a-0e6d-4ab7-a145-2f3cc2903955,5/15/2026 12:19,ACC11934,4992-XXXX-XXXX-2528,40.91,USD,Healthcare,Tokyo,JP,Online,6.7,0,0,normal,0.061
ab2972ef-913c-488b-b641-6bcc7790ae00,6/8/2026 8:22,ACC52054,4885-XXXX-XXXX-1460,23.62,USD,Restaurant,Houston,US,Mobile App,38.8,0,0,normal,0.1
6a31bf18-b590-4ff4-9efc-3cc1d3bc3631,6/14/2026 12:30,ACC89370,4266-XXXX-XXXX-5700,54.85,USD,Subscription,London,GB,Mobile App,12.6,0,0,normal,0.111
8eb7d6bf-7382-4ba2-9324-1bcc729a175c,5/29/2026 20:44,ACC63230,4310-XXXX-XXXX-4428,61.35,USD,Home Improvement,London,GB,POS,38.1,0,0,normal,0.014
58e432c5-6a77-4f0d-b8b0-469b724cf426,6/7/2026 19:18,ACC65182,4492-XXXX-XXXX-8284,32.63,USD,Gas Station,Singapore,SG,Online,9.7,0,1,normal,0.025
3ccca523-7391-414b-a11e-d0fbbc9de208,5/23/2026 16:27,ACC73113,4691-XXXX-XXXX-8844,136.65,USD,Subscription,Tokyo,JP,ATM,8.4,0,0,normal,0.21
8844e968-90bb-4758-9b10-d4ef1a56eae2,6/7/2026 17:31,ACC28405,4578-XXXX-XXXX-6169,36.12,USD,Home Improvement,Tokyo,JP,ATM,9,0,0,normal,0.222
94f17ae8-be05-4b02-b3dc-6d1f9aac494e,6/28/2026 11:57,ACC51333,4460-XXXX-XXXX-6046,16.49,USD,Pharmacy,Tokyo,JP,ATM,22.5,0,1,normal,0.011
a4ff2833-23f6-406d-be52-043ce676caa0,6/23/2026 9:44,ACC58062,4396-XXXX-XXXX-6028,17.76,USD,Education,Chicago,US,Online,8.5,0,0,normal,0.236
47df5441-47d3-426c-b227-94fbcda5487c,5/23/2026 19:53,ACC67216,4940-XXXX-XXXX-1949,19.04,USD,Education,London,GB,Online,9.3,0,0,normal,0.065
5e8ca413-63b1-49b4-800a-987e9f95fe60,8/7/2026 18:30,ACC33385,4976-XXXX-XXXX-3346,14.32,USD,Subscription,Dubai,AE,POS,32.6,0,1,normal,0.247
4a75d1cf-412c-4b83-9f60-8c1af7aae263,6/14/2026 3:08,ACC51359,4284-XXXX-XXXX-8883,8299.53,USD,Gas Station,Paris,FR,Online,19.9,0,2,suspicious,0.881
692beebe-4e89-4c95-a335-ace01c2c686f,5/1/2026 12:14,ACC47889,4208-XXXX-XXXX-7773,6.98,USD,Gas Station,Mumbai,IN,POS,35.3,0,0,normal,0.077
2c084d85-c58a-41a1-abea-eaad7fc237a2,5/1/2026 21:19,ACC89964,4574-XXXX-XXXX-4578,982.25,USD,Insurance,Dubai,AE,Mobile App,35.4,0,1,suspicious,0.873
8eecea39-0b92-436d-84b0-30f4e3b8bdaf,6/30/2026 8:51,ACC79807,4447-XXXX-XXXX-8541,39.71,USD,Retail,Tokyo,JP,Mobile App,24.4,0,2,normal,0.037
cee7cae0-79a5-4e1c-9dcb-a2a0c1a65df9,5/27/2026 17:51,ACC11682,4882-XXXX-XXXX-9203,12.71,USD,Retail,Delhi,IN,Mobile App,19.7,0,1,normal,0.236
bc206717-67d7-43af-9588-e0f8ee7085f4,5/28/2026 17:40,ACC21425,4510-XXXX-XXXX-2541,255.61,USD,Pharmacy,New York,US,ATM,12.5,0,1,normal,0.049
09b66bf2-8acf-4c1a-b89d-0200f9ae0725,5/30/2026 9:59,ACC52931,4141-XXXX-XXXX-4600,11.48,USD,Utilities,Toronto,CA,POS,29.1,0,1,normal,0.074
bfd9f2bd-bf58-482f-9ea3-0de39f482af7,5/12/2026 4:10,ACC56801,4743-XXXX-XXXX-9294,4292.59,USD,Pharmacy,Berlin,DE,POS,29.5,0,2,suspicious,0.701
df1e05db-3c60-4a8b-8b91-aa2fc4117855,8/1/2026 18:19,ACC70374,4913-XXXX-XXXX-9797,12.61,USD,Entertainment,London,GB,Mobile App,18.5,0,1,normal,0.233
efe513cd-0089-49c0-a325-1bbcfa0e31f0,5/8/2026 13:01,ACC62976,4885-XXXX-XXXX-9431,15.92,USD,Utilities,Bangalore,IN,POS,26.3,0,0,normal,0.109
dd5d3ce9-7844-4edd-bc3f-63ccc3df5b74,7/2/2026 16:42,ACC84873,4200-XXXX-XXXX-3061,7.18,USD,Utilities,Chicago,US,Online,20.6,0,1,normal,0.044
e256a26d-fed6-4dec-a6a6-2ff06d18ec04,8/3/2026 14:41,ACC74254,4815-XXXX-XXXX-7425,140.33,USD,Gas Station,Delhi,IN,Mobile App,21.7,0,0,normal,0.063
a3c96a2a-6268-4b81-9dea-1c5a8d256256,7/29/2026 2:59,ACC23326,4748-XXXX-XXXX-3456,1349.55,USD,Insurance,Berlin,DE,Online,5.7,0,2,suspicious,0.766
ff18cb55-4a04-4cf3-a70e-edb5dd9b4519,6/14/2026 17:25,ACC91230,4793-XXXX-XXXX-7229,23.02,USD,Travel,Singapore,SG,Online,32.9,0,0,normal,0.147
039d75c7-9906-46cd-90ab-3e19b2d69cfc,7/22/2026 8:23,ACC68459,4904-XXXX-XXXX-3435,58.53,USD,Retail,Berlin,DE,POS,24.6,0,0,normal,0.165
786bdfb7-bc88-46e4-97d6-c578ee93393e,7/8/2026 9:44,ACC53426,4380-XXXX-XXXX-5269,6.02,USD,Healthcare,Houston,US,Mobile App,18.6,0,0,normal,0.023
f1791db1-1e4d-47c7-999b-ab7fcd841463,5/9/2026 15:55,ACC90151,4961-XXXX-XXXX-9784,18.75,USD,Healthcare,Singapore,SG,POS,20.8,0,0,normal,0.208
374090b7-fe7a-41c6-9512-5344d6333032,6/12/2026 6:21,ACC28997,4221-XXXX-XXXX-8454,19.69,USD,Travel,Dubai,AE,Online,15.5,0,0,normal,0.183
01894677-49b2-4c7c-9442-7f1d4e792c77,5/15/2026 17:53,ACC69026,4632-XXXX-XXXX-8313,142.94,USD,Travel,Singapore,SG,POS,34.9,0,0,normal,0.163
56ab89fd-c584-4e4b-b68e-2a2429df6af9,7/26/2026 13:23,ACC83647,4163-XXXX-XXXX-3490,11.94,USD,Home Improvement,Delhi,IN,Online,16.6,0,0,normal,0.158
c3598d20-f720-4085-b190-9a68f01567fd,6/17/2026 21:19,ACC24860,4395-XXXX-XXXX-5203,64.23,USD,Entertainment,Sydney,AU,Mobile App,1,0,0,normal,0.195
851380f7-c1d0-4794-8584-7eae8ba7da02,8/5/2026 13:38,ACC48074,4198-XXXX-XXXX-1025,53.09,USD,Gas Station,Paris,FR,POS,1,0,0,normal,0.038
fb03d56d-9474-4146-83ce-80747506bf86,5/15/2026 17:24,ACC74598,4827-XXXX-XXXX-1175,56.99,USD,Restaurant,Los Angeles,US,ATM,27.1,0,1,normal,0.043
cad20e4c-092b-4f35-8b5a-fd2e942526bc,7/17/2026 10:34,ACC13312,4889-XXXX-XXXX-2170,7.93,USD,Healthcare,Berlin,DE,ATM,18.6,0,1,normal,0.015
deaebe92-f850-4252-84ba-57f16f8e82bc,6/11/2026 6:36,ACC33082,4085-XXXX-XXXX-3322,20.92,USD,Healthcare,London,GB,POS,11,0,0,normal,0.22
71888354-a672-418e-9399-9238c22a4906,7/29/2026 11:30,ACC43470,4618-XXXX-XXXX-1379,61.99,USD,Retail,Houston,US,Online,4.8,0,0,normal,0.105
d2ad77af-91ca-483f-99b4-74f354c7045a,5/22/2026 9:14,ACC57627,4430-XXXX-XXXX-8743,980.85,USD,Insurance,Singapore,SG,POS,25.7,0,2,suspicious,0.698
91c94d15-415f-4579-bb5a-5877bed4fa78,7/22/2026 20:41,ACC96113,4320-XXXX-XXXX-9267,14.52,USD,Travel,Chicago,US,POS,30.2,0,0,normal,0.19
7341ad44-e342-4bba-b7c6-f9ad9458dbd3,5/10/2026 16:07,ACC63004,4875-XXXX-XXXX-8408,44.62,USD,Pharmacy,Toronto,CA,Online,3.8,0,0,normal,0.201
93377118-fa0b-462b-a9ce-22b7e1202615,5/31/2026 17:49,ACC23014,4157-XXXX-XXXX-6959,20.44,USD,Home Improvement,Delhi,IN,Mobile App,32.8,0,0,normal,0.058
6a3753c1-aede-4905-be76-320b55d2ce75,5/7/2026 1:17,ACC17855,4098-XXXX-XXXX-9108,23.23,USD,Coffee Shop,Toronto,CA,Online,5.5,0,2,normal,0.145
0846e23d-bda4-4564-b196-f6873b521815,5/31/2026 20:40,ACC48103,4479-XXXX-XXXX-8165,37.37,USD,Electronics,Houston,US,POS,36.3,0,0,normal,0.046
db63285d-76da-48e8-b2be-372c44e258f2,7/10/2026 17:28,ACC34102,4874-XXXX-XXXX-1378,83.64,USD,Electronics,Singapore,SG,Online,29.1,0,0,normal,0.236
1903b685-d9b9-4b2e-bf9d-b18dfb0270b3,8/3/2026 17:14,ACC54875,4781-XXXX-XXXX-9504,52.42,USD,Coffee Shop,Singapore,SG,Mobile App,2.5,0,0,normal,0.164
311271b6-cad2-4eb7-80ce-0e55b960fef2,6/26/2026 10:48,ACC19991,4159-XXXX-XXXX-2989,55.66,USD,Electronics,Los Angeles,US,POS,38.1,0,0,normal,0.195
4fd7e427-2244-4c17-bb88-5887982f3ce6,5/4/2026 4:13,ACC79576,4841-XXXX-XXXX-6837,34.04,USD,Entertainment,Dubai,AE,Online,5.7,0,0,normal,0.098
0f340c25-7144-4a61-93ef-70f10f22c919,6/13/2026 22:21,ACC14376,4231-XXXX-XXXX-7632,9.6,USD,Pharmacy,Paris,FR,Mobile App,27.8,0,0,normal,0.056
f51221b4-15cf-4f75-ba82-25df52572e44,5/25/2026 8:06,ACC73792,4673-XXXX-XXXX-8155,32.06,USD,Restaurant,Mumbai,IN,Online,3.4,0,0,normal,0.11
74cf7a7e-bac7-43a7-b9ff-1e284790f118,5/25/2026 20:55,ACC97896,4359-XXXX-XXXX-1479,29.05,USD,Retail,Singapore,SG,POS,5.8,0,1,normal,0.077
ec9817c8-83b3-4b0f-81d9-ae3544e13036,6/6/2026 14:51,ACC47110,4330-XXXX-XXXX-7714,39.85,USD,Coffee Shop,Bangalore,IN,Mobile App,4.4,0,0,normal,0.026
df42d472-00db-4114-963f-874f91949aa0,8/6/2026 10:00,ACC13862,4966-XXXX-XXXX-5590,121.61,USD,Grocery,Houston,US,Online,6.1,0,1,normal,0.168
7cd394a3-b739-4c9e-a2ff-29b3efbc9449,5/22/2026 8:10,ACC68648,4292-XXXX-XXXX-9802,3.82,USD,Retail,Los Angeles,US,ATM,27.3,0,0,normal,0.206
a2bec29f-fa20-47a1-8fc5-52b4718d2a97,5/6/2026 15:00,ACC26765,4857-XXXX-XXXX-9583,39.82,USD,Utilities,Singapore,SG,POS,9.8,0,0,normal,0.123
e8a17901-b54b-42e8-9b2c-ff071bf3c500,7/24/2026 20:18,ACC57746,4473-XXXX-XXXX-3420,36.95,USD,Home Improvement,Tokyo,JP,Online,6,0,0,normal,0.082
992a5d5e-f4ea-45c8-b8f1-0e3f4f7074f1,6/4/2026 10:51,ACC39024,4000-XXXX-XXXX-9841,11.07,USD,Healthcare,Tokyo,JP,Online,35,0,1,normal,0.089
8c5d6c6b-7a5c-4177-acaf-02b4b18ead53,7/19/2026 9:19,ACC61621,4505-XXXX-XXXX-1128,4773.8,USD,Travel,Houston,US,POS,29.1,0,3,suspicious,0.925
04907c1d-ae91-4123-8344-a86d8a8fb78f,7/16/2026 18:49,ACC40975,4449-XXXX-XXXX-8309,413.62,USD,Travel,Delhi,IN,Online,7.4,0,6,suspicious,0.9
ca2fc59a-b9aa-43a6-a38d-24a9f7d09a14,5/22/2026 12:15,ACC25854,4632-XXXX-XXXX-1522,12.2,USD,Restaurant,Los Angeles,US,ATM,5.4,0,0,normal,0.188
f6d6b17d-61ca-4a8d-a274-bc56a0e9bedf,5/11/2026 14:07,ACC89616,4090-XXXX-XXXX-1446,17.19,USD,Retail,Houston,US,ATM,6.2,0,0,normal,0.087
4026a9e0-8344-46a6-b927-1e075608904f,5/2/2026 16:40,ACC31745,4190-XXXX-XXXX-2273,91.21,USD,Education,New York,US,Mobile App,31.1,0,1,normal,0.222
2215382f-906f-4726-8ca9-3002435bb561,6/21/2026 13:29,ACC47281,4328-XXXX-XXXX-2006,32.43,USD,Subscription,Bangalore,IN,POS,23.6,0,0,normal,0.098
ce902fb5-bf03-4e9f-bd0f-523f1f1b538b,7/8/2026 11:12,ACC70387,4836-XXXX-XXXX-5328,975.54,USD,Gas Station,New York,US,Mobile App,16,0,3,suspicious,0.701
5d00555e-3167-4997-ab4a-e35f98b075d6,6/3/2026 5:28,ACC89505,4830-XXXX-XXXX-8628,10.88,USD,Grocery,Houston,US,ATM,14,0,0,normal,0.188
7880b364-3ee2-460b-ab4b-aef04da4fa54,6/12/2026 20:28,ACC43130,4212-XXXX-XXXX-9291,15.04,USD,Subscription,Los Angeles,US,POS,18.5,0,0,normal,0.177
846c65d0-1d92-4492-9eec-0bbae8389474,5/13/2026 17:50,ACC79756,4504-XXXX-XXXX-7299,104.27,USD,Entertainment,Los Angeles,US,Online,34.3,0,0,normal,0.115
833d9b46-c2b0-4470-9f87-28f62a2cc493,5/17/2026 7:02,ACC94803,4627-XXXX-XXXX-1725,35.78,USD,Retail,Dubai,AE,ATM,38.7,0,0,normal,0.201
8080e07a-7de8-4765-89de-0b6602a805ab,7/14/2026 6:19,ACC93420,4135-XXXX-XXXX-3622,5223.62,USD,Wire Transfer,Paris,FR,POS,30.2,0,1,suspicious,0.876
e8bc2811-2e20-4983-9049-cae4bdddbd6f,7/10/2026 9:25,ACC84647,4139-XXXX-XXXX-4270,66.66,USD,Healthcare,Paris,FR,POS,1.3,0,0,normal,0.113
8f95d6d4-4b9e-4d12-9a41-42df3070f7b9,6/28/2026 11:07,ACC62198,4991-XXXX-XXXX-6228,12.51,USD,Home Improvement,Chicago,US,Mobile App,29.4,0,0,normal,0.242
3dbc6d60-cc3c-4b3a-b858-8256f525a02f,7/16/2026 16:30,ACC38807,4172-XXXX-XXXX-8034,20.84,USD,Insurance,Tokyo,JP,POS,29.5,0,0,normal,0.142
81655217-d7a9-4f81-9b38-8ad3b6b8ef89,6/12/2026 22:29,ACC92400,4717-XXXX-XXXX-6582,14.98,USD,Grocery,Sydney,AU,ATM,18.1,0,1,normal,0.23
053aa926-7e74-4406-be27-43446a181f5a,6/23/2026 16:37,ACC77303,4994-XXXX-XXXX-2228,24.13,USD,Gas Station,Chicago,US,Online,17.5,0,0,normal,0.145
27a9d7bc-887b-4d08-b5b9-a97322cce5cd,5/17/2026 8:08,ACC85065,4742-XXXX-XXXX-3583,4.78,USD,Travel,Toronto,CA,Online,23.7,0,0,normal,0.087
0ee9ece8-afed-4430-bab3-a201d634093d,7/11/2026 17:43,ACC36216,4591-XXXX-XXXX-7850,29.6,USD,Pharmacy,Delhi,IN,POS,38.3,0,0,normal,0.215
a3bc7613-c730-4c09-9a37-0b483159d590,5/27/2026 12:34,ACC87373,4918-XXXX-XXXX-4308,22.37,USD,Utilities,Toronto,CA,ATM,3.6,0,0,normal,0.166
89f60b12-2418-4599-ad20-151a3b5b4f17,6/24/2026 7:30,ACC44471,4851-XXXX-XXXX-9571,24.31,USD,Restaurant,Los Angeles,US,Online,14.3,0,0,normal,0.048
7faa9ee4-09eb-4ba0-babb-44b45f0878ba,6/27/2026 12:44,ACC48770,4114-XXXX-XXXX-8557,280.77,USD,Electronics,Chicago,US,POS,14.3,0,0,normal,0.203
93602f08-164f-4481-b14d-b282b80e5b42,7/12/2026 9:44,ACC23941,4133-XXXX-XXXX-2971,11.86,USD,Pharmacy,Singapore,SG,POS,23.5,0,1,normal,0.167
a65a24be-e9ea-4a97-a9e9-dcdae7077191,5/8/2026 8:36,ACC62654,4039-XXXX-XXXX-7484,6.02,USD,Subscription,London,GB,Mobile App,27.6,0,0,normal,0.124
dc80e338-7f95-42c3-80a8-ac4ed3baf666,7/31/2026 12:19,ACC56129,4519-XXXX-XXXX-2215,75.17,USD,Pharmacy,Los Angeles,US,Mobile App,18.5,0,0,normal,0.098
011b8628-04e5-48e9-b630-2bbc45c1c97b,6/17/2026 9:28,ACC96419,4802-XXXX-XXXX-6954,186.93,USD,Retail,Houston,US,ATM,21.9,0,1,normal,0.108
8b42dfb8-2e5b-4a42-a714-33675bdeb1a2,5/20/2026 19:11,ACC17732,4688-XXXX-XXXX-5455,18.23,USD,Grocery,Singapore,SG,POS,19.4,0,0,normal,0.012
367504a7-aaa2-4ed2-96eb-4027cfb6aebf,5/11/2026 1:17,ACC41574,4338-XXXX-XXXX-5557,6.74,USD,Education,Chicago,US,POS,20.3,0,0,normal,0.101
b6dda432-841e-44fe-8566-2a95c724cdc5,5/20/2026 14:24,ACC89142,4431-XXXX-XXXX-7451,37.55,USD,Restaurant,Berlin,DE,POS,13.9,0,1,normal,0.215
522d5282-af68-45e9-ba5d-ee716cdfc204,8/1/2026 13:55,ACC94523,4372-XXXX-XXXX-5670,32.28,USD,Gas Station,Tokyo,JP,Online,17.4,0,0,normal,0.203
e93bec9e-6b6a-43be-9820-355c560abfcc,6/2/2026 20:34,ACC32658,4724-XXXX-XXXX-9902,30.11,USD,Pharmacy,Paris,FR,POS,29.5,0,0,normal,0.025
dddb5caa-4bba-49c1-af77-07548a8748ca,6/21/2026 10:35,ACC37080,4614-XXXX-XXXX-4531,17.81,USD,Coffee Shop,Tokyo,JP,Mobile App,29.1,0,0,normal,0.053
49802d9c-8c83-4914-a902-57fa6b2614a6,6/17/2026 17:10,ACC47261,4697-XXXX-XXXX-2998,9.65,USD,Entertainment,Los Angeles,US,ATM,14.9,0,1,normal,0.035
085a6572-7a2c-423f-8047-461d44fc7bf5,5/16/2026 18:15,ACC96232,4304-XXXX-XXXX-2645,52.42,USD,Electronics,Dubai,AE,ATM,30.1,0,0,normal,0.231
49a34568-febd-4269-9aa8-646ffdf55f87,5/13/2026 13:56,ACC57073,4984-XXXX-XXXX-9388,28.05,USD,Retail,Toronto,CA,Online,29.3,0,0,normal,0.078
2f16eb83-1a3e-41b2-b21c-55ead2a4a47d,7/9/2026 15:34,ACC67636,4722-XXXX-XXXX-3456,31.04,USD,Restaurant,Mumbai,IN,Mobile App,9.9,0,2,normal,0.247
cdd40d97-b2ec-4b7a-9ff2-8d687a326c15,7/5/2026 7:50,ACC80557,4778-XXXX-XXXX-1662,38.28,USD,Retail,New York,US,POS,10.9,0,0,normal,0.214
81c82dc0-dac5-4f08-a55d-edbac9f3bde3,6/19/2026 11:06,ACC12874,4931-XXXX-XXXX-3712,9.6,USD,Electronics,New York,US,Mobile App,36.3,0,0,normal,0.083
9aa7b865-c62f-4cf9-9946-d1a541875971,5/6/2026 9:46,ACC97145,4240-XXXX-XXXX-2427,38.5,USD,Home Improvement,Chicago,US,Online,38.3,0,0,normal,0.247
a82252bf-f806-45dd-aade-c862c740187d,5/26/2026 13:57,ACC32995,4966-XXXX-XXXX-3412,4.57,USD,Retail,Bangalore,IN,ATM,4.1,0,1,normal,0.211
e968f772-d389-4603-b6d4-0483b31f5375,6/7/2026 16:06,ACC72154,4779-XXXX-XXXX-4309,31.91,USD,Education,Houston,US,Online,1.8,0,0,normal,0.142
5e452f03-255c-462b-9626-5e14e9b9b3b3,7/10/2026 16:02,ACC71507,4420-XXXX-XXXX-5262,72.39,USD,Utilities,Tokyo,JP,ATM,20.5,0,0,normal,0.048
17af074f-41dd-419f-95ac-7b39ea455dd1,7/31/2026 9:34,ACC39831,4228-XXXX-XXXX-1387,66.25,USD,Healthcare,New York,US,Online,15.9,0,0,normal,0.027
d92b537f-d1e6-43ea-a050-82ba760326e2,5/23/2026 18:21,ACC52464,4348-XXXX-XXXX-8872,17.18,USD,Healthcare,Dubai,AE,POS,20.9,0,0,normal,0.112
3ae79285-b4b6-428c-a532-fcf18eb8349e,7/22/2026 23:38,ACC22838,4607-XXXX-XXXX-5033,4154.46,USD,Home Improvement,Moscow,RU,POS,4400.6,1,2,suspicious,0.785
7e576b0a-5ba3-413c-b1c3-b964afe6094c,6/17/2026 7:21,ACC17212,4316-XXXX-XXXX-3877,5.32,USD,Subscription,New York,US,POS,0.5,0,0,normal,0.013
7d9c9ec4-f2bf-4c6b-93e0-ff395d4f3333,5/24/2026 18:49,ACC11362,4142-XXXX-XXXX-2722,11.13,USD,Travel,Berlin,DE,Mobile App,34.5,0,1,normal,0.064
4c223a50-77a9-4895-a8e5-e6f428669a7f,6/20/2026 17:00,ACC35688,4022-XXXX-XXXX-3884,49.98,USD,Utilities,Houston,US,Mobile App,36.4,0,0,normal,0.173
e6c16ebc-b804-4b67-8c07-603c555541da,5/23/2026 10:17,ACC37076,4555-XXXX-XXXX-6739,36.26,USD,Gas Station,Berlin,DE,Mobile App,10.8,0,1,normal,0.203
75df267e-504b-4962-934c-16dab7f372ca,6/2/2026 19:03,ACC48155,4230-XXXX-XXXX-9566,73.75,USD,Home Improvement,Bangalore,IN,POS,3.5,0,1,normal,0.24
b6d76b45-1891-4d1b-b81b-ea30a3366ecd,5/6/2026 17:07,ACC72775,4706-XXXX-XXXX-2610,18.47,USD,Restaurant,Berlin,DE,ATM,19.1,0,1,normal,0.04
fe2ca76d-fa89-4f73-bb48-ea4e8fb7c69f,5/25/2026 14:17,ACC60393,4724-XXXX-XXXX-4066,34.04,USD,Pharmacy,Chicago,US,POS,22.3,0,0,normal,0.101
06e52a31-0d25-43cf-b33c-aacb5a07e136,7/8/2026 8:13,ACC33827,4167-XXXX-XXXX-1351,10.25,USD,Utilities,Mumbai,IN,Mobile App,34.3,0,0,normal,0.037
44e4a80b-4bf0-4730-ab67-7b8beb2acc86,5/27/2026 6:09,ACC26571,4246-XXXX-XXXX-1831,26.53,USD,Gas Station,Paris,FR,POS,9.7,0,0,normal,0.091
8483e31c-aa1f-4b72-b0cb-d3bb230be4ef,5/15/2026 16:16,ACC96960,4552-XXXX-XXXX-6133,24.78,USD,Pharmacy,Delhi,IN,Online,16.6,0,0,normal,0.134
9de6e6a0-424a-4aca-b692-7d1f0d4cd129,7/21/2026 13:06,ACC68202,4915-XXXX-XXXX-1708,22.17,USD,Retail,Delhi,IN,POS,16,0,0,normal,0.109
5e941170-45ce-41a5-aa84-24ed7a535ee6,5/27/2026 14:42,ACC24869,4026-XXXX-XXXX-4048,16.49,USD,Subscription,Sydney,AU,ATM,20.7,0,1,normal,0.038
159747de-b78f-4fdf-89fe-14db5052c6bf,5/11/2026 20:24,ACC61239,4914-XXXX-XXXX-7784,7.2,USD,Gas Station,Chicago,US,Online,2.8,0,0,normal,0.108
f70a4edc-fe93-434e-9b6c-39bcee9e3fac,7/14/2026 19:47,ACC45615,4210-XXXX-XXXX-9053,16.39,USD,Insurance,Dubai,AE,ATM,31.6,0,0,normal,0.087
7e26099e-6d6e-4bcb-93b4-b5f7ec6685b4,6/26/2026 18:40,ACC26622,4517-XXXX-XXXX-2259,5.95,USD,Travel,New York,US,Mobile App,10.1,0,0,normal,0.076
7a038fb3-ba7c-411c-be90-905c4765ac73,5/2/2026 9:30,ACC81963,4375-XXXX-XXXX-6765,30.65,USD,Pharmacy,Dubai,AE,ATM,34.7,0,0,normal,0.014
0e0dc683-9e69-43fd-abb7-8df74094e4e2,6/26/2026 8:09,ACC75820,4010-XXXX-XXXX-4913,25.2,USD,Electronics,Dubai,AE,Online,30.3,0,0,normal,0.048
d794f2be-239f-4636-b426-d543c18d6685,8/5/2026 15:23,ACC86318,4449-XXXX-XXXX-1044,70.25,USD,Home Improvement,Singapore,SG,Online,22.8,0,0,normal,0.049
dcec1278-e71c-4537-bd02-86711b3220ca,7/31/2026 17:52,ACC20969,4382-XXXX-XXXX-8900,6.78,USD,Retail,Mumbai,IN,Mobile App,23.2,0,0,normal,0.096
84ba7243-6390-461f-a873-09d48e3132c6,7/5/2026 14:03,ACC55054,4915-XXXX-XXXX-1793,29.92,USD,Gas Station,Mumbai,IN,POS,4,0,1,normal,0.12
3e68f52c-8be7-46d7-a714-878a33612d43,7/6/2026 10:50,ACC24610,4774-XXXX-XXXX-3984,24.84,USD,Electronics,Houston,US,ATM,0.3,0,1,normal,0.132
a0710890-2a2d-4415-8d17-47fecbb1c451,6/1/2026 6:13,ACC22622,4460-XXXX-XXXX-6483,2.5,USD,Healthcare,Los Angeles,US,Mobile App,14.4,0,0,normal,0.234
8cdee7e1-063a-4840-8454-71e0b84bbe45,6/29/2026 17:14,ACC29249,4717-XXXX-XXXX-7618,11.94,USD,Utilities,Tokyo,JP,ATM,25.8,0,1,normal,0.16
ad31176b-8de1-4495-9811-092f0f101698,5/31/2026 4:08,ACC11635,4582-XXXX-XXXX-7823,11.78,USD,Utilities,Tokyo,JP,Online,30.6,0,0,normal,0.044
50e6cddd-bddc-4d6b-9a33-e8f170a96816,5/11/2026 12:53,ACC77765,4940-XXXX-XXXX-9574,107.62,USD,Entertainment,London,GB,ATM,23.7,0,0,normal,0.024
1a9a1411-1027-4a82-98aa-3c165dd0ab4e,5/7/2026 19:03,ACC44750,4416-XXXX-XXXX-4406,16.2,USD,Retail,Chicago,US,POS,0.7,0,0,normal,0.118
2b659e2d-acad-4da8-92c5-4c47f66f2e2a,6/14/2026 20:45,ACC31006,4876-XXXX-XXXX-4059,61.94,USD,Grocery,Delhi,IN,POS,7,0,0,normal,0.241
4d44e22e-0618-4d98-87a1-2c1620fcac35,8/2/2026 6:18,ACC18833,4397-XXXX-XXXX-9555,39.38,USD,Entertainment,Berlin,DE,POS,15.4,0,0,normal,0.186
aab1aaf9-2429-4683-bc00-5fbfd6d7d1bf,5/25/2026 15:30,ACC85243,4291-XXXX-XXXX-8690,21.96,USD,Insurance,Paris,FR,ATM,17.6,0,0,normal,0.022
43c29f86-d901-4572-8b79-814e2cd22e55,6/16/2026 14:36,ACC12952,4981-XXXX-XXXX-8864,6168.78,USD,Jewelry,Bangalore,IN,ATM,11.3,0,1,suspicious,0.793
33990d3d-e4a9-4127-9ae5-8dd7133fce76,7/18/2026 13:14,ACC60536,4429-XXXX-XXXX-1401,22.99,USD,Education,Delhi,IN,Online,31.5,0,0,normal,0.219
04c8ef65-04d8-466d-ae24-003584732cf1,7/18/2026 21:57,ACC58308,4433-XXXX-XXXX-6050,144.84,USD,Travel,Dubai,AE,POS,14.8,0,0,normal,0.197
cc3756f7-836d-48db-b14e-516f552b52c2,5/25/2026 8:05,ACC37760,4951-XXXX-XXXX-9835,27.35,USD,Coffee Shop,Toronto,CA,Online,28.5,0,0,normal,0.171
98428d9e-8f4e-47c7-9c46-9dc7cc576c25,6/21/2026 16:54,ACC75767,4525-XXXX-XXXX-9956,59.07,USD,Utilities,Houston,US,POS,31.4,0,1,normal,0.034
4060df3b-fde5-4a7e-b9d1-3eb5bd736092,7/3/2026 18:58,ACC97441,4962-XXXX-XXXX-3218,7.28,USD,Subscription,Berlin,DE,Mobile App,36.3,0,0,normal,0.243
a4403adf-a915-46d0-9c6d-39b22ce33fc2,6/25/2026 16:01,ACC81399,4102-XXXX-XXXX-8276,68.43,USD,Education,Bangalore,IN,POS,26.7,0,1,normal,0.061
6da6dfd4-7fc3-4225-99ad-aca11fa1fe75,7/25/2026 11:14,ACC43260,4514-XXXX-XXXX-1212,9.09,USD,Retail,Houston,US,Mobile App,1.3,0,0,normal,0.125
b3975707-ef33-4cd7-8489-bf17f8394fdf,5/1/2026 14:44,ACC46466,4961-XXXX-XXXX-9341,25.46,USD,Gas Station,Sydney,AU,ATM,30.6,0,1,normal,0.191
94a3a6e6-324b-4523-8189-d5e51fbcbd53,7/28/2026 4:29,ACC45039,4572-XXXX-XXXX-6564,8776.81,USD,Grocery,Paris,FR,Online,1.9,0,1,suspicious,0.859
743f2e86-4535-423b-bbae-6dbdbace2fa5,5/17/2026 16:34,ACC94936,4497-XXXX-XXXX-8019,5091.8,USD,Crypto Exchange,Houston,US,ATM,30,0,2,suspicious,0.814
6f80dd94-6630-4322-abdd-3bc779a494e2,5/14/2026 5:43,ACC20567,4595-XXXX-XXXX-7031,24.04,USD,Travel,Toronto,CA,Online,15.9,0,0,normal,0.012
d23c7b38-bacf-4a23-88d2-d23499c0dfab,7/1/2026 19:26,ACC20333,4237-XXXX-XXXX-1804,32.54,USD,Gas Station,Delhi,IN,Mobile App,12.5,0,1,normal,0.191
51f7c27f-d435-4dd0-8a87-830b63002556,7/26/2026 1:26,ACC43640,4805-XXXX-XXXX-2770,16.2,USD,Retail,Delhi,IN,POS,1.9,0,0,normal,0.111
2e012cfd-865d-48ca-b8e1-36de4c0bb661,5/8/2026 20:43,ACC66596,4685-XXXX-XXXX-1420,155.03,USD,Healthcare,Sydney,AU,Online,22.7,0,0,normal,0.237
55ac8222-27f4-451e-ad0a-06df315cecfe,6/27/2026 18:59,ACC46709,4893-XXXX-XXXX-3071,8.55,USD,Utilities,Tokyo,JP,ATM,8.4,0,0,normal,0.123
8668a765-94a7-4726-a82f-110ed257f9a8,5/16/2026 16:53,ACC16917,4925-XXXX-XXXX-6628,47.92,USD,Electronics,Berlin,DE,POS,18.8,0,0,normal,0.123
fccbdb09-75d0-4fad-83b5-45ef9c1ad1c0,7/11/2026 19:43,ACC22046,4584-XXXX-XXXX-7550,2.77,USD,Retail,Mumbai,IN,Online,29.4,0,1,normal,0.2
ede8aaf6-2be9-497b-b15c-bab657785c03,6/28/2026 13:07,ACC64596,4597-XXXX-XXXX-6040,13.16,USD,Grocery,Sydney,AU,POS,23.9,0,0,normal,0.167
c59d4d3f-b056-4e2e-a349-2a99e1bec8fe,6/21/2026 20:30,ACC37265,4004-XXXX-XXXX-4316,29.6,USD,Subscription,Tokyo,JP,POS,6.1,0,0,normal,0.059
f6ab2a42-ba98-442b-a493-c3086408f0a1,5/19/2026 8:00,ACC87748,4579-XXXX-XXXX-3662,7.45,USD,Coffee Shop,Tokyo,JP,Mobile App,13,0,0,normal,0.171
8534d0ac-5c11-4713-85e7-59524dd73467,6/10/2026 20:14,ACC32756,4015-XXXX-XXXX-7588,12.34,USD,Subscription,Sydney,AU,Mobile App,0.5,0,0,normal,0.063
d735a75a-2c1b-41cc-ac1b-eff765a35556,7/4/2026 15:45,ACC57739,4215-XXXX-XXXX-7463,40.27,USD,Pharmacy,Houston,US,Mobile App,3.5,0,0,normal,0.036
13d0c1b4-e7e8-4900-89a1-c6e0694f9d3e,5/22/2026 18:14,ACC68598,4147-XXXX-XXXX-3408,20.02,USD,Grocery,Paris,FR,POS,34.8,0,0,normal,0.109
1f2bd837-1ef5-46b8-9e32-e98cac43cfa9,7/27/2026 10:11,ACC20069,4203-XXXX-XXXX-8899,17.1,USD,Gas Station,Chicago,US,ATM,10,0,0,normal,0.189
662f5b39-e8e3-4515-9e8b-5a844493fc85,7/15/2026 13:24,ACC69987,4884-XXXX-XXXX-7854,23.43,USD,Travel,Singapore,SG,Online,29.8,0,0,normal,0.064
a719f7a4-10ea-4373-861c-ea382af53915,6/27/2026 15:43,ACC15344,4251-XXXX-XXXX-9978,17.27,USD,Restaurant,Singapore,SG,Online,26.7,0,0,normal,0.129
5e272ea4-cf11-4fd2-a509-c98d3bf2b0b4,6/25/2026 13:50,ACC18489,4540-XXXX-XXXX-9467,24.66,USD,Healthcare,Singapore,SG,Mobile App,23.5,0,0,normal,0.016
b06f9478-1be2-44c3-a4ea-bf39da227a20,5/13/2026 7:42,ACC92831,4527-XXXX-XXXX-4963,24.52,USD,Education,London,GB,Online,11.7,0,0,normal,0.095
d8b3db15-c88d-4569-a464-48dae1ef2359,5/21/2026 17:03,ACC92081,4649-XXXX-XXXX-4377,14.49,USD,Home Improvement,Singapore,SG,ATM,8.8,0,0,normal,0.15
ac652123-f7c0-4d97-bfab-68eed7b33613,6/29/2026 9:15,ACC69286,4307-XXXX-XXXX-7752,22.19,USD,Gas Station,Berlin,DE,POS,8,0,0,normal,0.224
0fd97de0-166f-4d7f-99d3-cc18acb9faa2,8/1/2026 10:26,ACC41896,4740-XXXX-XXXX-7989,58.51,USD,Entertainment,Tokyo,JP,POS,23,0,0,normal,0.089
77dbeb55-c41f-4bd3-ba72-741c369203ac,5/12/2026 6:58,ACC15778,4796-XXXX-XXXX-4958,46.6,USD,Subscription,Dubai,AE,ATM,20,0,0,normal,0.04
db3a1f5b-00f7-400d-98f8-77af4cb49ba1,5/14/2026 2:01,ACC98705,4047-XXXX-XXXX-6835,70.44,USD,Insurance,Los Angeles,US,Online,0.2,0,1,normal,0.14
44ce03f3-6d9f-431c-b570-81e5cd2e69ce,6/11/2026 17:46,ACC65980,4818-XXXX-XXXX-6356,13.95,USD,Education,Sydney,AU,POS,25.6,0,0,normal,0.142
a6c9a397-8475-41ea-8022-b2c8ac94f41d,5/12/2026 8:56,ACC47828,4449-XXXX-XXXX-3037,56.54,USD,Pharmacy,Los Angeles,US,ATM,27.5,0,0,normal,0.236
3f18900f-c7c0-4305-899d-c90af43b1681,6/18/2026 18:26,ACC86798,4967-XXXX-XXXX-3487,9.7,USD,Restaurant,Houston,US,Online,17.7,0,0,normal,0.193
a41546a7-2881-4054-95eb-ca4fd9d59d13,5/31/2026 3:48,ACC57424,4628-XXXX-XXXX-3653,77.48,USD,Coffee Shop,Dubai,AE,ATM,9.2,0,0,normal,0.024
834054d2-71bb-4615-b746-44c59b74e692,7/13/2026 7:08,ACC82468,4064-XXXX-XXXX-1806,16.48,USD,Home Improvement,Singapore,SG,Online,14.5,0,0,normal,0.048
4d480192-57ee-4919-8751-d32f740fc599,5/6/2026 18:49,ACC80465,4295-XXXX-XXXX-3755,15.76,USD,Retail,Los Angeles,US,ATM,22.6,0,1,normal,0.129
7b95e69a-72d2-405e-b610-c2d68ff5afac,8/2/2026 18:56,ACC87481,4101-XXXX-XXXX-9517,66.99,USD,Education,Dubai,AE,POS,26.5,0,0,normal,0.137
3e280487-5b64-411f-b3a7-4a09608c0f9a,6/23/2026 10:53,ACC30092,4220-XXXX-XXXX-2067,27.23,USD,Home Improvement,Tokyo,JP,ATM,27.1,0,0,normal,0.129
6c121fad-c5ae-4e88-8289-7ffeb2439510,6/3/2026 8:29,ACC26817,4619-XXXX-XXXX-8815,32.74,USD,Grocery,Berlin,DE,Online,39.5,0,0,normal,0.138
a2e539f1-f0b8-406d-99bd-c3a52b609fa1,7/31/2026 12:47,ACC53415,4299-XXXX-XXXX-1397,568.19,USD,Coffee Shop,Singapore,SG,Online,7.4,0,6,suspicious,0.904
73488a5e-7a24-4d3e-8131-8945a938c9c4,5/28/2026 19:58,ACC60296,4252-XXXX-XXXX-9021,42.27,USD,Subscription,Mumbai,IN,Online,15.2,0,0,normal,0.15
02917e2c-5baf-432c-a57f-ec07f25ce1e2,5/16/2026 8:07,ACC46624,4476-XXXX-XXXX-9469,32.78,USD,Home Improvement,Paris,FR,POS,20.9,0,0,normal,0.069
7553a469-e4a4-4d34-9bc8-2371a800337e,6/17/2026 15:13,ACC82632,4332-XXXX-XXXX-3801,10.48,USD,Electronics,Toronto,CA,Online,23.4,0,0,normal,0.174
c72b5402-cb9d-448e-8e0e-e0e2ab1d4249,8/4/2026 12:15,ACC52247,4618-XXXX-XXXX-5102,7.02,USD,Travel,Toronto,CA,POS,3.7,0,2,normal,0.211
e4e12ae3-6008-4698-a034-e8498e3874d0,6/8/2026 2:36,ACC34896,4498-XXXX-XXXX-9177,52.26,USD,Subscription,Delhi,IN,ATM,17.4,0,1,normal,0.127
a50b6eab-2efd-470f-bf1e-230354916954,6/12/2026 12:13,ACC89996,4564-XXXX-XXXX-6145,62.58,USD,Travel,London,GB,POS,17.6,0,0,normal,0.199
41bb4118-3e56-4cbb-8459-9f6753f99ea3,5/26/2026 17:56,ACC97453,4459-XXXX-XXXX-3440,59.39,USD,Electronics,Paris,FR,Mobile App,3.6,0,0,normal,0.16
393469cb-220e-44da-9ac4-c4e371c3b78a,6/8/2026 17:48,ACC11906,4367-XXXX-XXXX-6387,74.99,USD,Coffee Shop,Chicago,US,POS,35.1,0,1,normal,0.01
9a71eb88-8023-4687-a44b-17cc71a73e65,8/3/2026 17:47,ACC71483,4121-XXXX-XXXX-5145,44.99,USD,Grocery,New York,US,POS,2.6,0,0,normal,0.191
d6409dea-3ba7-47d6-8046-f9b7666a2cb1,7/5/2026 7:03,ACC82450,4609-XXXX-XXXX-3664,22.17,USD,Gas Station,Toronto,CA,ATM,15.3,0,1,normal,0.175
3f90ec8b-6b6f-4929-afad-ae1e8206beaa,5/7/2026 16:08,ACC21495,4050-XXXX-XXXX-2784,31.14,USD,Healthcare,Chicago,US,ATM,39.7,0,0,normal,0.078
a8b318f4-1e37-4db9-85a7-9b87a63b049b,5/31/2026 21:59,ACC69159,4414-XXXX-XXXX-1963,27.33,USD,Coffee Shop,Dubai,AE,Online,24.4,0,0,normal,0.118
bd8787bc-8f50-45ed-9d7c-9850c380b36e,7/27/2026 16:22,ACC97229,4949-XXXX-XXXX-9564,69.43,USD,Subscription,Paris,FR,ATM,12.9,0,1,normal,0.096
8fbe8b62-f38d-4ca7-b0bd-ad22cc3e5f9b,8/1/2026 13:17,ACC72691,4119-XXXX-XXXX-8240,39.77,USD,Electronics,Sydney,AU,POS,19,0,0,normal,0.151
a127f6dc-e811-4ff5-929b-96386d2404a0,5/31/2026 5:22,ACC24113,4459-XXXX-XXXX-3066,28.6,USD,Grocery,Paris,FR,Online,28.9,0,0,normal,0.09
22c57e15-8e42-4c41-a0e5-413efff063ec,6/2/2026 17:28,ACC41133,4992-XXXX-XXXX-8277,16.03,USD,Grocery,Singapore,SG,Mobile App,30.1,0,1,normal,0.066
352e5dc4-c615-4dae-8c0e-18c239056e20,5/29/2026 2:02,ACC64732,4302-XXXX-XXXX-3497,120.9,USD,Electronics,Houston,US,Online,13.2,0,0,normal,0.21
5b08b03d-dd67-46c9-ac4a-7c1d19e4f4ab,5/31/2026 15:49,ACC33264,4519-XXXX-XXXX-3438,10.06,USD,Travel,Berlin,DE,ATM,1.2,0,0,normal,0.139
824923e7-bc2c-4064-8564-115be0056224,5/3/2026 9:27,ACC36805,4406-XXXX-XXXX-4921,8.98,USD,Retail,Dubai,AE,Mobile App,31,0,0,normal,0.138
661a16b1-ce4f-4232-b003-1ccf5c174763,8/1/2026 13:02,ACC68306,4138-XXXX-XXXX-9835,26.74,USD,Healthcare,Delhi,IN,Online,23.6,0,0,normal,0.19
290249fd-9c5f-4da5-aac0-261493cb8eca,7/11/2026 8:10,ACC50768,4110-XXXX-XXXX-1420,40.97,USD,Travel,Singapore,SG,Mobile App,23,0,1,normal,0.1
6ba2419f-d6b1-49a3-83d5-d1b871144415,8/6/2026 4:01,ACC16471,4728-XXXX-XXXX-4474,25.9,USD,Education,Los Angeles,US,Online,5.8,0,0,normal,0.038
5dad509f-ab36-41a5-8f8d-3fe3143e1535,7/18/2026 11:52,ACC65178,4881-XXXX-XXXX-3949,14.36,USD,Pharmacy,Delhi,IN,Mobile App,1.6,0,1,normal,0.117
7d4e68a9-a4a7-40f0-b288-7181e62f680f,7/1/2026 15:28,ACC56257,4382-XXXX-XXXX-2052,19.58,USD,Travel,Tokyo,JP,ATM,6.7,0,0,normal,0.133
015c9dd3-0abf-406a-ace3-1a364f549f4d,6/9/2026 10:04,ACC55038,4828-XXXX-XXXX-9856,24.04,USD,Coffee Shop,London,GB,POS,38.1,0,0,normal,0.113
eed8ee75-a947-40ea-972c-3060825e9428,5/17/2026 23:22,ACC48657,4721-XXXX-XXXX-8293,8.12,USD,Coffee Shop,Los Angeles,US,ATM,2.2,0,1,normal,0.05
728d9eb0-f32a-4a10-b06a-f4623e8e1fb7,8/6/2026 15:02,ACC27340,4410-XXXX-XXXX-1628,32.12,USD,Retail,Paris,FR,Mobile App,39.6,0,1,normal,0.112
d694f4f8-43e8-4f97-860a-b95e09fededf,7/14/2026 14:12,ACC39809,4427-XXXX-XXXX-4938,39,USD,Entertainment,Los Angeles,US,Online,17.1,0,0,normal,0.155
552e81f4-ed5c-4ff3-85e4-90914a0a407b,6/29/2026 6:07,ACC12830,4575-XXXX-XXXX-1063,29.65,USD,Coffee Shop,Bangalore,IN,ATM,12.3,0,0,normal,0.071
d39a0f9c-179d-41dc-811c-6842eed7ac22,7/11/2026 14:14,ACC24401,4730-XXXX-XXXX-5066,22.05,USD,Pharmacy,Tokyo,JP,Online,25.6,0,1,normal,0.026
d2b68d13-7528-44f2-b54b-a78bb7ff3baa,6/25/2026 3:09,ACC19023,4309-XXXX-XXXX-5868,6737.9,USD,Entertainment,Chicago,US,Online,37.1,0,1,suspicious,0.918
54855605-d54e-4788-96d3-7f2a1b6e17bc,6/17/2026 5:35,ACC77193,4040-XXXX-XXXX-3406,28.93,USD,Travel,New York,US,POS,6.7,0,1,normal,0.134
6ee57f55-6ffc-417e-b195-6198191e6977,5/7/2026 21:02,ACC81078,4443-XXXX-XXXX-5108,70.1,USD,Home Improvement,Singapore,SG,Mobile App,25.9,0,0,normal,0.155
a3b85fb9-1086-4628-8688-63fda89a897e,7/14/2026 12:42,ACC88587,4806-XXXX-XXXX-1173,40.74,USD,Travel,Tokyo,JP,ATM,15.4,0,1,normal,0.221
f12942e0-2b23-43af-b6aa-224b1a443fa6,5/15/2026 19:57,ACC33224,4883-XXXX-XXXX-9549,7.68,USD,Utilities,Mumbai,IN,Online,34.9,0,1,normal,0.164
dc179739-bbe8-4511-b653-99a530afa1bb,7/9/2026 15:20,ACC19288,4582-XXXX-XXXX-2280,19.07,USD,Electronics,Delhi,IN,Online,31.3,0,0,normal,0.038
2ecd68b3-e6cc-4102-bbbc-eaef6766d1cb,7/19/2026 7:15,ACC72952,4156-XXXX-XXXX-5757,20.89,USD,Electronics,Bangalore,IN,POS,12.4,0,1,normal,0.084
4be1b26d-4336-4b1f-b036-fbfd9d975ee0,7/29/2026 9:20,ACC24828,4883-XXXX-XXXX-8218,10.96,USD,Education,Tokyo,JP,Online,22.5,0,1,normal,0.114
1b36a261-7fdf-4864-beee-92b0b26ddd99,6/4/2026 17:47,ACC33927,4956-XXXX-XXXX-9578,51.61,USD,Utilities,Mumbai,IN,ATM,18.4,0,0,normal,0.044
71bc1f0a-b1bd-40be-a93d-922d4ada031b,7/7/2026 13:11,ACC18804,4307-XXXX-XXXX-1732,45.88,USD,Coffee Shop,London,GB,POS,0.9,0,0,normal,0.036
c1834c20-d321-43bb-bc9b-6495ad37e29c,7/10/2026 2:39,ACC68616,4574-XXXX-XXXX-9049,5539.68,USD,Travel,New York,US,Online,28.2,0,1,suspicious,0.769
e90700fa-618d-4c25-aa7a-1bdf6375a804,5/30/2026 17:00,ACC56365,4414-XXXX-XXXX-1936,3.92,USD,Entertainment,Tokyo,JP,ATM,7.3,0,1,normal,0.248
7c6ecb37-5619-44d6-9b70-398541fccd0b,7/20/2026 19:09,ACC62222,4411-XXXX-XXXX-5894,33.76,USD,Electronics,Los Angeles,US,ATM,1.1,0,1,normal,0.011
82f4dc67-5411-4dc3-a12b-73bc7b710acc,6/28/2026 17:55,ACC12976,4808-XXXX-XXXX-7468,14.16,USD,Restaurant,Berlin,DE,Online,36.9,0,1,normal,0.148
025a50d2-4f0e-408b-8eab-b09beae76c99,5/27/2026 10:27,ACC56377,4707-XXXX-XXXX-4772,13.79,USD,Retail,Delhi,IN,Mobile App,14.2,0,0,normal,0.075
16ec34a4-1d87-42d1-8f66-59e65844774c,6/12/2026 12:30,ACC75039,4172-XXXX-XXXX-4588,38.65,USD,Pharmacy,Mumbai,IN,Mobile App,13.8,0,1,normal,0.201
d0f20b7d-7add-4620-8d34-a26228235f1e,5/16/2026 21:15,ACC42072,4262-XXXX-XXXX-3993,20.64,USD,Grocery,Toronto,CA,Online,9.1,0,1,normal,0.053
1c11f24e-9a61-43cb-93d7-5a09c96cf765,5/24/2026 16:43,ACC87139,4367-XXXX-XXXX-2523,158.92,USD,Retail,London,GB,Online,12.3,0,8,suspicious,0.975
e8405dd4-1d15-45ba-93ba-5a109d429b5d,7/12/2026 19:53,ACC92159,4756-XXXX-XXXX-5166,15.86,USD,Home Improvement,Los Angeles,US,Online,23.3,0,1,normal,0.016
08287f50-6b7e-42a7-9892-492891bd2654,6/5/2026 17:00,ACC17263,4851-XXXX-XXXX-3034,7.65,USD,Gas Station,Tokyo,JP,Online,12.2,0,0,normal,0.234
3670eb6b-c393-4069-9bac-915311012fb5,5/28/2026 17:10,ACC90602,4086-XXXX-XXXX-8350,24.71,USD,Utilities,Delhi,IN,POS,2.2,0,1,normal,0.137
56307864-a846-4c4b-85ce-589f4da06f55,7/9/2026 9:30,ACC83385,4905-XXXX-XXXX-7658,36.55,USD,Retail,New York,US,Online,37,0,0,normal,0.049
8035b973-f56a-4019-89bb-f127ef68e988,6/16/2026 11:48,ACC43259,4899-XXXX-XXXX-1450,429.21,USD,Utilities,Tokyo,JP,Online,33.9,0,12,suspicious,0.977
57971f5d-3315-4725-ab7a-948ccfc66ffd,6/8/2026 14:05,ACC11584,4980-XXXX-XXXX-1052,34.46,USD,Home Improvement,Chicago,US,Mobile App,9.1,0,1,normal,0.16
6b64c34e-8d52-4083-9215-7ebee2369c40,5/3/2026 3:50,ACC74523,4132-XXXX-XXXX-3173,834.11,USD,Insurance,Sydney,AU,Online,25.4,0,10,suspicious,0.837
4d408d2b-d2ff-45f3-b6e4-69a6d8b92ea1,5/2/2026 6:06,ACC67725,4199-XXXX-XXXX-6896,27.07,USD,Grocery,Delhi,IN,POS,39,0,0,normal,0.078
fdd9e1ce-3e0b-415c-be13-7ce558274a68,6/17/2026 12:25,ACC68755,4990-XXXX-XXXX-4299,14.26,USD,Travel,Houston,US,Mobile App,34.5,0,0,normal,0.238
0fa17de7-a144-412b-8488-baa5cc6ec811,7/5/2026 7:56,ACC88684,4211-XXXX-XXXX-4337,13.59,USD,Education,Chicago,US,Online,13.7,0,0,normal,0.058
2c91710c-dae6-4468-b921-3513792a1173,5/26/2026 20:36,ACC46205,4735-XXXX-XXXX-3688,497.74,USD,Travel,Bangalore,IN,Online,15,0,6,suspicious,0.888
dba97d20-3076-4498-803f-4bf936ade183,5/15/2026 18:37,ACC77307,4042-XXXX-XXXX-4861,5.53,USD,Restaurant,Singapore,SG,Mobile App,39.3,0,0,normal,0.204
aed097a3-09ed-4503-ab27-3e2fcbcc499f,5/22/2026 17:56,ACC41859,4814-XXXX-XXXX-8906,20.01,USD,Utilities,Singapore,SG,Online,10.6,0,0,normal,0.176
af7bbf50-21f2-411c-8308-98eb16e0a8c7,5/2/2026 17:05,ACC89669,4023-XXXX-XXXX-8291,17.09,USD,Home Improvement,Berlin,DE,Mobile App,25.1,0,0,normal,0.158
ef1dde2b-a69f-419e-a257-7abdc6e16044,7/19/2026 11:57,ACC64059,4273-XXXX-XXXX-5702,138.94,USD,Healthcare,Bangalore,IN,Online,10.3,0,0,normal,0.107
4714d6a8-f32c-4761-899d-30f7e091538a,8/4/2026 6:08,ACC20563,4908-XXXX-XXXX-8844,36.27,USD,Travel,Houston,US,Online,10.8,0,0,normal,0.019
ec0dccfc-5f74-41e7-86be-96ba6d52d621,8/4/2026 21:36,ACC97835,4107-XXXX-XXXX-3634,17.25,USD,Coffee Shop,Berlin,DE,Mobile App,16.5,0,0,normal,0.169
6088d8eb-6010-4982-9006-b47bafa5d833,6/29/2026 17:00,ACC47690,4798-XXXX-XXXX-2898,6.64,USD,Entertainment,Berlin,DE,Online,37,0,0,normal,0.184
c78fc326-e1ff-4494-88fe-dd00edc4cc8a,5/17/2026 12:20,ACC68436,4631-XXXX-XXXX-6826,46.76,USD,Gas Station,New York,US,Mobile App,13.3,0,0,normal,0.192
7de6327f-3663-448b-826c-fc86f2aead39,6/22/2026 17:59,ACC35512,4440-XXXX-XXXX-7876,15.37,USD,Coffee Shop,Dubai,AE,Online,11.8,0,0,normal,0.138
cfd911d0-9ba8-40f4-ba03-57aaf9337fd3,6/4/2026 17:17,ACC10208,4625-XXXX-XXXX-7523,16.01,USD,Utilities,Dubai,AE,POS,25.8,0,0,normal,0.055
9b890d83-84cb-4e75-8074-f1ee979aba99,6/25/2026 14:45,ACC85076,4638-XXXX-XXXX-7893,2.95,USD,Education,Mumbai,IN,ATM,34.8,0,0,normal,0.209
f41fbed8-7f0f-4877-a1d8-010f2b8e4f3e,5/30/2026 3:38,ACC69513,4643-XXXX-XXXX-5412,109.91,USD,Coffee Shop,Delhi,IN,POS,13.2,0,0,normal,0.159
39cc3903-d67c-415e-ab54-293853586a90,5/26/2026 17:35,ACC95491,4585-XXXX-XXXX-4212,29.33,USD,Coffee Shop,Paris,FR,Online,9.7,0,0,normal,0.113
eda41e47-78c5-4429-a960-07291a30bc2b,6/19/2026 17:05,ACC96127,4643-XXXX-XXXX-2698,48.42,USD,Utilities,Delhi,IN,Mobile App,5.3,0,0,normal,0.091
efa0ba0b-69c0-4807-a95e-f1033ea5be2e,7/30/2026 15:07,ACC66485,4837-XXXX-XXXX-5536,130.33,USD,Retail,Dubai,AE,ATM,18.1,0,1,normal,0.187
050dd35c-2eec-4a14-93cd-b08724208dc4,7/18/2026 10:08,ACC58636,4318-XXXX-XXXX-4212,13.66,USD,Insurance,Bangalore,IN,Mobile App,3.3,0,1,normal,0.069
a6847ba7-81ac-4da4-89d9-0b00b5c54991,5/16/2026 7:55,ACC55217,4805-XXXX-XXXX-9693,17.1,USD,Utilities,New York,US,POS,21.6,0,0,normal,0.238
40101c3a-aaba-491f-a38f-1b293ed041f0,7/9/2026 11:40,ACC94813,4092-XXXX-XXXX-6985,16.16,USD,Pharmacy,Los Angeles,US,Mobile App,3.2,0,0,normal,0.194
a20524a2-2c07-45d4-90ff-3ae3acc0c05c,7/8/2026 18:45,ACC39984,4312-XXXX-XXXX-2424,27.47,USD,Electronics,London,GB,Mobile App,16.3,0,0,normal,0.032
6383827d-9faa-41c6-a3f5-8b603fd991bc,7/14/2026 1:20,ACC83339,4926-XXXX-XXXX-4977,20.3,USD,Subscription,Delhi,IN,Online,27.4,0,0,normal,0.075
653996d6-5461-435b-abec-e0cc124ae25c,5/1/2026 11:13,ACC45750,4979-XXXX-XXXX-6243,37.53,USD,Healthcare,Houston,US,ATM,39.4,0,0,normal,0.139
d4fac4e5-ead0-4a61-8b98-2b6aedcf808a,6/14/2026 14:04,ACC57422,4665-XXXX-XXXX-4997,11.05,USD,Retail,Toronto,CA,Online,26.3,0,0,normal,0.014
f1debbda-28e2-4b00-aa27-782394ff7344,7/29/2026 15:39,ACC22871,4202-XXXX-XXXX-8982,17.35,USD,Restaurant,New York,US,Mobile App,14.3,0,0,normal,0.066
7445efe3-9022-4ece-a0c7-0852208f73bc,5/10/2026 15:41,ACC45282,4199-XXXX-XXXX-5801,26.25,USD,Entertainment,Singapore,SG,Online,13.1,0,1,normal,0.245
d22d104f-2bbe-4166-b452-041cd90feaec,5/13/2026 15:22,ACC83649,4989-XXXX-XXXX-8159,66.95,USD,Subscription,Sydney,AU,Online,8.9,0,0,normal,0.031
2790edd1-6e49-4f07-b855-845d56b40f3d,5/13/2026 6:22,ACC31004,4782-XXXX-XXXX-4972,8.42,USD,Subscription,Paris,FR,ATM,31.5,0,0,normal,0.104
933dca4e-d5c7-4e46-a38c-8c9c117f0078,5/14/2026 9:33,ACC93305,4863-XXXX-XXXX-9905,29.09,USD,Restaurant,Sydney,AU,ATM,5.3,0,0,normal,0.14
08a14a41-5784-40a1-b6a8-0623dbda45f9,6/12/2026 22:42,ACC32840,4982-XXXX-XXXX-9936,113.56,USD,Utilities,Los Angeles,US,Mobile App,13.8,0,1,normal,0.228
d47405dd-640d-4d0c-bc52-a1953606774a,8/4/2026 17:54,ACC68284,4338-XXXX-XXXX-8378,14.5,USD,Insurance,London,GB,Mobile App,22.7,0,0,normal,0.193
5f7828aa-7caf-4a4d-8b68-ebdd841ef2b3,7/24/2026 5:48,ACC79756,4025-XXXX-XXXX-6195,209.77,USD,Grocery,Sydney,AU,Online,22,0,10,suspicious,0.66
4626eb03-108d-4752-8ece-617214a5f106,8/2/2026 11:30,ACC45922,4484-XXXX-XXXX-6218,2.5,USD,Home Improvement,Los Angeles,US,Online,26.7,0,0,normal,0.23
9f5baea3-58d9-4de9-88d8-8cbb94d472cc,6/13/2026 16:56,ACC94268,4959-XXXX-XXXX-5243,40.43,USD,Retail,Tokyo,JP,Mobile App,28.5,0,2,normal,0.082
3f5d9788-b2f1-435e-9b0b-a5c029c6a68e,6/25/2026 20:39,ACC12135,4645-XXXX-XXXX-2978,25.14,USD,Retail,Mumbai,IN,ATM,13.9,0,0,normal,0.061
9550adb0-a30c-4585-b012-c4bfbfcf07c0,6/23/2026 14:06,ACC36104,4113-XXXX-XXXX-1326,11.68,USD,Electronics,Sydney,AU,POS,8.8,0,0,normal,0.108
7042c171-30ca-400f-8f82-5fc174febead,6/21/2026 14:32,ACC18345,4927-XXXX-XXXX-3171,100.24,USD,Restaurant,Sydney,AU,Mobile App,2.4,0,0,normal,0.151
e2478efa-c617-409a-87c4-28093790ed31,6/23/2026 5:25,ACC44335,4165-XXXX-XXXX-8239,77.75,USD,Utilities,Bangalore,IN,ATM,22.4,0,0,normal,0.237
5cc3180e-9392-43a3-b834-3610ec8a20a3,5/15/2026 8:10,ACC83889,4778-XXXX-XXXX-8354,35.46,USD,Insurance,Chicago,US,Mobile App,34.6,0,0,normal,0.046
ae6ca285-07b3-4a04-92a7-c56363db5920,6/14/2026 15:39,ACC86818,4205-XXXX-XXXX-9482,16.86,USD,Entertainment,Paris,FR,POS,29.5,0,0,normal,0.032
7eaa5195-b498-41ec-8df2-55231e7edaa2,6/27/2026 21:41,ACC81765,4969-XXXX-XXXX-2394,29.53,USD,Gas Station,Singapore,SG,Mobile App,8.4,0,1,normal,0.184
104291ec-e440-4638-8a57-6fad718a6129,6/17/2026 14:08,ACC16461,4194-XXXX-XXXX-5770,11.7,USD,Subscription,New York,US,ATM,15.9,0,0,normal,0.209
f02c34d8-369f-4095-ae64-8a8dbe6ce7bd,5/7/2026 14:31,ACC15571,4505-XXXX-XXXX-6070,61.54,USD,Utilities,New York,US,POS,26.6,0,0,normal,0.223
4e19d553-cbff-4fe4-8426-3556cb0bc13b,7/4/2026 13:14,ACC37504,4328-XXXX-XXXX-4285,74.08,USD,Grocery,Los Angeles,US,Online,11.5,0,0,normal,0.195
8bdb69de-7bc0-46ae-8b15-4512efdce9b2,6/25/2026 14:16,ACC24596,4701-XXXX-XXXX-2067,27.29,USD,Gas Station,Sydney,AU,ATM,20.7,0,0,normal,0.183
2507fbaf-3855-44be-8eed-446c26e3f886,7/20/2026 19:01,ACC27987,4429-XXXX-XXXX-4267,9.57,USD,Coffee Shop,London,GB,Online,25.2,0,1,normal,0.201
eef58493-473f-48e3-9e3c-e0dfaf701404,6/4/2026 13:23,ACC83595,4061-XXXX-XXXX-3156,46.32,USD,Travel,Delhi,IN,ATM,0.3,0,0,normal,0.066
1e852179-32bc-41fe-ab7d-bb97c87f04aa,5/10/2026 19:46,ACC67272,4910-XXXX-XXXX-7553,4.28,USD,Utilities,Singapore,SG,ATM,35.8,0,0,normal,0.244
1368c6e2-8c5c-42de-ac9a-d5c54904d46a,8/3/2026 1:05,ACC35755,4057-XXXX-XXXX-5166,4297.23,USD,Travel,London,GB,Mobile App,29.6,0,1,suspicious,0.743
948122c3-9e86-44a1-9a66-ac51bf1a5d7b,7/14/2026 2:16,ACC12128,4855-XXXX-XXXX-4776,6253.29,USD,Restaurant,Sydney,AU,Mobile App,25,0,1,suspicious,0.916
ce81519a-ab6a-4427-bfaf-858b50af6bc4,8/2/2026 9:29,ACC20739,4484-XXXX-XXXX-2892,7.02,USD,Grocery,Sydney,AU,Mobile App,31.4,0,0,normal,0.225
e6d50c0e-31ee-4fc8-b20a-aedb1ae1bd6d,7/27/2026 17:28,ACC10365,4428-XXXX-XXXX-9112,65.45,USD,Electronics,New York,US,Mobile App,30.1,0,1,normal,0.015
fedda53c-cc90-48e9-8477-eb32ae5fdade,5/15/2026 15:51,ACC52389,4263-XXXX-XXXX-3653,59.91,USD,Education,Dubai,AE,POS,11.1,0,0,normal,0.103
0382948b-0cb5-493a-bc09-0f68585ec514,6/16/2026 17:49,ACC49433,4526-XXXX-XXXX-2168,996.23,USD,Gas Station,Delhi,IN,ATM,30.2,0,1,suspicious,0.864
c6139b8e-a1e6-47c6-be3c-de712d750864,7/7/2026 12:02,ACC35192,4480-XXXX-XXXX-6633,8.68,USD,Subscription,London,GB,ATM,9.3,0,0,normal,0.228
f1eb65aa-e415-4a1b-98fe-c138d937cee4,7/18/2026 19:51,ACC91067,4832-XXXX-XXXX-6910,33.33,USD,Home Improvement,London,GB,ATM,32.2,0,0,normal,0.042
93ad5cc2-ce17-40c4-8d40-6546f4ef5ae2,7/17/2026 15:34,ACC74350,4471-XXXX-XXXX-8580,38.29,USD,Retail,Tokyo,JP,POS,29.5,0,0,normal,0.221
f2bda390-68ed-4ca5-86f3-6ae06d3955c3,5/2/2026 1:14,ACC57395,4627-XXXX-XXXX-5254,19.95,USD,Retail,Delhi,IN,Online,21.9,0,0,normal,0.123
9dc4ce4b-1610-4ea7-8b73-126556a5d4cc,7/2/2026 17:37,ACC92141,4751-XXXX-XXXX-5076,5.6,USD,Electronics,Dubai,AE,Online,27.7,0,0,normal,0.041
c42bfdc1-267f-42ba-b12b-a2a93fe02f3b,7/15/2026 13:26,ACC83812,4347-XXXX-XXXX-8528,35.57,USD,Gas Station,Delhi,IN,Online,11.1,0,1,normal,0.083
5cbf7f33-c98b-4b22-859d-35a604d67840,5/13/2026 13:12,ACC10322,4744-XXXX-XXXX-8364,13.96,USD,Utilities,London,GB,Online,9.1,0,0,normal,0.197
e9eaee76-d2cc-4672-9ada-edfff29f36fb,6/18/2026 18:07,ACC11947,4366-XXXX-XXXX-4898,31.67,USD,Restaurant,Toronto,CA,Mobile App,0.6,0,0,normal,0.04
72c63b52-745d-4291-aa96-3a88ed7351f8,7/13/2026 16:04,ACC60741,4784-XXXX-XXXX-7180,5.83,USD,Home Improvement,Tokyo,JP,Online,17.2,0,0,normal,0.043
8552a823-1167-4527-9213-887728ec7bf4,6/26/2026 10:27,ACC97574,4590-XXXX-XXXX-9847,26.65,USD,Restaurant,Mumbai,IN,ATM,11.5,0,0,normal,0.194
f1bcf7eb-87bd-4af4-ab61-0d562772e3f8,5/7/2026 10:54,ACC53610,4734-XXXX-XXXX-7920,22.74,USD,Restaurant,Bangalore,IN,POS,33,0,0,normal,0.132
2533ba7d-ed42-4fd7-afb5-9d3bf1667494,5/22/2026 10:32,ACC24669,4092-XXXX-XXXX-8717,52.67,USD,Coffee Shop,Singapore,SG,ATM,6.1,0,1,normal,0.151
b16831cf-800e-465e-8fd1-11c2e6449d60,5/1/2026 11:14,ACC81786,4534-XXXX-XXXX-7125,68.81,USD,Healthcare,Houston,US,POS,1.8,0,0,normal,0.044
2807c45c-bc67-4aa6-897d-e434740ab4bd,6/10/2026 19:48,ACC36718,4219-XXXX-XXXX-8924,32.29,USD,Electronics,Dubai,AE,ATM,36,0,0,normal,0.091
e773d63f-a01a-4a5f-81ee-593a56896e0f,6/25/2026 1:42,ACC71759,4023-XXXX-XXXX-6437,48.24,USD,Home Improvement,Tokyo,JP,Online,29.6,0,0,normal,0.141
5f16827c-1ad5-4e0b-8267-1cf6516203f1,6/2/2026 12:49,ACC88897,4788-XXXX-XXXX-4037,23.88,USD,Education,Los Angeles,US,Online,17.5,0,0,normal,0.194
3dd718d3-e708-4d8f-9891-69aa80926abd,5/18/2026 20:38,ACC32445,4207-XXXX-XXXX-6648,8.97,USD,Education,Houston,US,ATM,4.3,0,0,normal,0.029
a3164c2a-cf59-4682-b3ff-9b31c56a03df,6/16/2026 15:42,ACC44379,4347-XXXX-XXXX-3589,19.81,USD,Gas Station,Paris,FR,Online,30.7,0,0,normal,0.099
f3f395cb-3a51-49aa-a249-ac63a29b551b,6/5/2026 15:57,ACC63739,4462-XXXX-XXXX-1419,27.49,USD,Home Improvement,Los Angeles,US,ATM,27.3,0,0,normal,0.062
87dea6e3-1dd4-4637-aed3-ba4277ac2d89,5/2/2026 9:42,ACC32447,4087-XXXX-XXXX-5358,23.17,USD,Insurance,Bangalore,IN,Mobile App,28.6,0,0,normal,0.161
d29febdc-3629-4e0c-8c2a-9476c5d8b1dd,5/2/2026 11:50,ACC54175,4618-XXXX-XXXX-8036,87.06,USD,Electronics,Houston,US,Mobile App,14.8,0,1,normal,0.25
f36248a5-3dc9-4959-83a2-8e9b502644c4,6/8/2026 12:30,ACC87460,4560-XXXX-XXXX-5754,57.43,USD,Home Improvement,Sydney,AU,ATM,1.8,0,0,normal,0.108
c2e2798d-b36a-4dd9-8d38-dd22c812ba82,5/16/2026 3:40,ACC20196,4080-XXXX-XXXX-9222,8043.12,USD,Travel,New York,US,Online,39.6,0,3,suspicious,0.843
304d4770-8e22-4c88-aec2-34c78389dbb6,5/15/2026 1:35,ACC84928,4071-XXXX-XXXX-3278,460.42,USD,Insurance,Los Angeles,US,Online,15.5,0,8,suspicious,0.851
cee49746-d8a2-4d24-bd78-3335059cc4cf,5/19/2026 4:07,ACC33904,4003-XXXX-XXXX-7063,18.78,USD,Retail,Delhi,IN,Mobile App,37.7,0,2,normal,0.151
d4d471b9-28e1-4d9a-966a-826dc1007b02,7/29/2026 17:58,ACC81214,4862-XXXX-XXXX-2346,48.77,USD,Travel,Paris,FR,ATM,19.2,0,0,normal,0.069
8bd9b895-0ed0-471f-8888-5cfc8f0641ee,5/3/2026 13:09,ACC55592,4310-XXXX-XXXX-4675,27.4,USD,Insurance,Bangalore,IN,ATM,8,0,1,normal,0.211
03761a2b-a31b-406d-b5ef-be4f0e7f0264,5/11/2026 12:15,ACC69923,4782-XXXX-XXXX-7843,5.58,USD,Home Improvement,Bangalore,IN,POS,25.7,0,0,normal,0.062
be341388-5fe9-403d-931c-4e56d49fae41,7/2/2026 10:15,ACC27782,4388-XXXX-XXXX-3535,27.95,USD,Utilities,London,GB,POS,13,0,0,normal,0.133
e557786c-4610-4d44-8834-566e78c825e7,8/8/2026 6:43,ACC40298,4467-XXXX-XXXX-5850,10.73,USD,Home Improvement,Los Angeles,US,Mobile App,18.6,0,0,normal,0.052
5bac667d-76df-4da0-bb07-fc920e41b1be,7/16/2026 8:59,ACC29442,4923-XXXX-XXXX-8848,45.91,USD,Retail,Singapore,SG,POS,19.8,0,0,normal,0.206
d9c4d932-7559-418a-aaf4-3a9171296b13,6/24/2026 18:09,ACC81146,4302-XXXX-XXXX-6530,10.45,USD,Pharmacy,New York,US,ATM,1.5,0,0,normal,0.074
f1886517-d562-4072-97bd-6c2b95243466,6/23/2026 8:31,ACC69897,4016-XXXX-XXXX-7694,415.24,USD,Electronics,Paris,FR,Online,38.5,0,9,suspicious,0.888
a5f03436-cb73-49be-877d-a4f4a43087de,5/6/2026 12:11,ACC11959,4166-XXXX-XXXX-5547,24.33,USD,Healthcare,Sydney,AU,Online,14.8,0,0,normal,0.249
953a983d-bc95-4b80-8dce-1776b519ed96,5/20/2026 12:33,ACC97461,4525-XXXX-XXXX-3790,18.7,USD,Electronics,Mumbai,IN,Online,3,0,1,normal,0.163
b7b32ed3-9d85-45ea-a0dc-cd8572b5668e,8/1/2026 15:57,ACC59375,4060-XXXX-XXXX-6458,23.9,USD,Retail,Tokyo,JP,Online,33.1,0,0,normal,0.186
809a0210-f3f1-409c-8cf1-7c23035274fd,7/3/2026 11:37,ACC62111,4117-XXXX-XXXX-1519,2.5,USD,Grocery,Singapore,SG,POS,18.6,0,0,normal,0.023
21c8983d-2494-43cf-9eeb-3040aaf9eb8f,8/3/2026 0:56,ACC64732,4492-XXXX-XXXX-6074,4.04,USD,Electronics,Chicago,US,ATM,36,0,1,normal,0.124
ff9da8aa-88ca-4058-8cd9-9984b4e9a5f7,6/23/2026 14:40,ACC74331,4441-XXXX-XXXX-3184,83.76,USD,Education,Los Angeles,US,ATM,8.6,0,0,normal,0.139
a880c935-97ca-4ac7-8835-a4dc6ccd6967,7/18/2026 15:38,ACC82578,4240-XXXX-XXXX-4191,2.5,USD,Subscription,Paris,FR,Mobile App,28.5,0,0,normal,0.161
0254fab2-d869-428d-a797-d471a3b13e4a,7/16/2026 13:28,ACC97936,4143-XXXX-XXXX-9523,6.93,USD,Insurance,Los Angeles,US,ATM,8,0,0,normal,0.247
d1a02360-3388-4ec3-be3f-61cea3bbd309,5/29/2026 18:27,ACC24721,4749-XXXX-XXXX-8847,75.64,USD,Home Improvement,Sydney,AU,POS,5.6,0,0,normal,0.084
36542250-9c61-4886-b1b0-f643d9a973e0,5/14/2026 20:51,ACC96451,4536-XXXX-XXXX-2146,15.88,USD,Subscription,Houston,US,ATM,2.3,0,0,normal,0.051
f7f79f9b-06c3-4f22-b55d-7acef3198a50,6/30/2026 11:16,ACC21892,4188-XXXX-XXXX-5268,21.25,USD,Home Improvement,Los Angeles,US,ATM,8,0,0,normal,0.165
7b7cb2a9-6856-4f71-b679-94683cd8d952,8/1/2026 8:38,ACC75860,4733-XXXX-XXXX-8519,126.94,USD,Travel,Berlin,DE,Mobile App,8.1,0,2,normal,0.117
b838807d-ab48-4e96-92ca-28c6158b6203,7/1/2026 13:41,ACC45945,4859-XXXX-XXXX-8363,8.26,USD,Home Improvement,Mumbai,IN,Online,10.2,0,0,normal,0.204
1e7167e3-26a8-4178-9b52-040a33d34830,7/9/2026 11:03,ACC42256,4402-XXXX-XXXX-1697,9.42,USD,Education,Chicago,US,Online,33.5,0,1,normal,0.123
b7482c0a-87c0-475d-813b-3429968c6f95,5/20/2026 10:01,ACC95646,4893-XXXX-XXXX-8100,2.5,USD,Grocery,Berlin,DE,POS,23.9,0,0,normal,0.133
3ce26149-1e94-4945-9633-9aba3c075fdb,5/4/2026 19:49,ACC14804,4564-XXXX-XXXX-5269,17.16,USD,Entertainment,Los Angeles,US,ATM,26.2,0,0,normal,0.104
cd30af1c-8b5b-4f10-a277-7a64e81a7226,7/10/2026 11:54,ACC34147,4459-XXXX-XXXX-2415,16.98,USD,Electronics,Houston,US,ATM,6.2,0,0,normal,0.193
0070fc5b-95a6-46db-93f1-f31383c99783,7/5/2026 15:29,ACC49526,4639-XXXX-XXXX-5702,8.33,USD,Entertainment,Toronto,CA,Mobile App,35,0,0,normal,0.13
c668e371-d744-43b9-a983-50a556e0c7a5,7/15/2026 10:48,ACC26569,4134-XXXX-XXXX-9630,47.41,USD,Retail,Dubai,AE,Online,1.1,0,0,normal,0.216
73b50113-2dc4-4315-a367-536c94465e01,5/29/2026 14:38,ACC66333,4130-XXXX-XXXX-1685,15.62,USD,Healthcare,Paris,FR,Mobile App,14.6,0,1,normal,0.243
b1a2fe51-f8d8-49fa-90f7-fa45629c10be,6/28/2026 3:49,ACC78003,4859-XXXX-XXXX-2812,4196.35,USD,Electronics,Dubai,AE,Online,39.2,0,3,suspicious,0.778
20d7d49f-0f08-4057-9695-c10025c057ac,6/27/2026 9:28,ACC56512,4227-XXXX-XXXX-7961,33.31,USD,Utilities,Chicago,US,Mobile App,20,0,0,normal,0.138
58d5fec4-f1ba-4b27-a24c-67bb4f9bda59,7/9/2026 5:49,ACC42771,4309-XXXX-XXXX-5496,11.13,USD,Retail,Los Angeles,US,Online,28.2,0,2,normal,0.25
572f0d5b-6cd2-402f-926e-2256c0a87729,6/1/2026 10:42,ACC39536,4847-XXXX-XXXX-5300,17.17,USD,Insurance,Los Angeles,US,ATM,2.4,0,0,normal,0.219
9f1b7df6-1bde-443e-a5f6-fe5d927c4606,7/23/2026 22:07,ACC40090,4600-XXXX-XXXX-4802,51.53,USD,Grocery,Los Angeles,US,POS,38.3,0,0,normal,0.221
cd0bb5c7-d57c-413e-a97f-801f7dc907eb,8/1/2026 16:55,ACC30669,4511-XXXX-XXXX-2497,19.73,USD,Gas Station,Sydney,AU,Mobile App,37.2,0,2,normal,0.16
dc5bb220-3b91-4832-89e1-8af22092ecfb,7/23/2026 14:27,ACC55527,4291-XXXX-XXXX-3713,57.67,USD,Travel,Houston,US,POS,11.5,0,0,normal,0.064
a6941b81-a364-40fc-b323-d8f0f6ca11ee,7/3/2026 8:48,ACC78271,4810-XXXX-XXXX-7797,61.91,USD,Utilities,Paris,FR,Mobile App,30,0,0,normal,0.186
13fda3cd-e56c-4ecf-ad0d-0e61b063b1ec,6/30/2026 8:15,ACC97127,4012-XXXX-XXXX-2120,12.83,USD,Grocery,Singapore,SG,Mobile App,8.1,0,1,normal,0.077
b5b6d4e8-2b7b-49d4-8dff-1b868eb62fc6,6/4/2026 8:58,ACC20888,4363-XXXX-XXXX-9105,32.88,USD,Pharmacy,Los Angeles,US,POS,24.9,0,0,normal,0.248
9e8fbb2d-8ee4-4de7-aaac-13cab35d1dae,5/4/2026 14:41,ACC62862,4464-XXXX-XXXX-4920,14.18,USD,Subscription,New York,US,POS,24.5,0,0,normal,0.135
91a1454c-b06f-4e4a-975a-6fefceb5e02d,5/7/2026 15:18,ACC39817,4764-XXXX-XXXX-2480,317.7,USD,Retail,London,GB,ATM,39.1,0,1,normal,0.179
bcc3b78f-864a-427c-bb7d-c56037dd0281,6/19/2026 17:26,ACC52161,4421-XXXX-XXXX-8376,6.15,USD,Utilities,Bangalore,IN,POS,29.5,0,0,normal,0.222
92413f16-f771-4d37-8a27-6c9294cdca83,6/11/2026 20:15,ACC64839,4507-XXXX-XXXX-7588,12.53,USD,Travel,Delhi,IN,Mobile App,27.8,0,1,normal,0.168
f71847dd-8765-46a3-869c-498a1a78ab4f,5/6/2026 21:39,ACC49682,4636-XXXX-XXXX-2578,31.18,USD,Subscription,London,GB,POS,26.4,0,0,normal,0.128
adc16bf7-cb17-438e-b4f9-76c29a3ac93b,8/2/2026 11:03,ACC34941,4233-XXXX-XXXX-3794,44.36,USD,Pharmacy,Singapore,SG,POS,27.6,0,0,normal,0.221
7266cc6f-62e8-47bb-bc89-8c1485726bf4,5/13/2026 9:23,ACC65716,4615-XXXX-XXXX-2222,17.4,USD,Grocery,Toronto,CA,POS,12.7,0,0,normal,0.045
d9a00a10-c2bc-490f-bee4-9042edb65e65,7/2/2026 13:47,ACC32241,4674-XXXX-XXXX-2389,42.72,USD,Coffee Shop,Sydney,AU,Mobile App,20.6,0,0,normal,0.09
b87e33c6-7d33-4513-a8b1-c947cf148c64,5/20/2026 17:17,ACC34021,4403-XXXX-XXXX-8422,111.85,USD,Gas Station,Delhi,IN,POS,20.4,0,1,normal,0.179
67959aab-e10f-4804-b7e2-a19588cb8705,6/16/2026 9:40,ACC21722,4108-XXXX-XXXX-8125,77.42,USD,Gas Station,Toronto,CA,POS,6.4,0,1,normal,0.227
dbf2fb90-1cf9-4b6d-9c54-9d12b1198067,8/5/2026 10:49,ACC64461,4938-XXXX-XXXX-1050,84.33,USD,Pharmacy,Paris,FR,Online,15.7,0,0,normal,0.093
d17c39f7-1967-43e8-b9d9-a9dff9023a8a,7/2/2026 10:42,ACC22420,4526-XXXX-XXXX-4183,24.24,USD,Coffee Shop,New York,US,POS,27.9,0,1,normal,0.13
8b435233-515d-4890-9dab-83628dd65df3,7/20/2026 2:48,ACC29902,4097-XXXX-XXXX-7408,89.16,USD,Home Improvement,Paris,FR,Online,33.3,0,1,normal,0.198
ef91c1a7-f688-4bd6-a735-2a30d0cb4342,7/29/2026 9:14,ACC14803,4341-XXXX-XXXX-4790,94.75,USD,Pharmacy,Sydney,AU,ATM,20.4,0,0,normal,0.057
341dab64-99b5-43dc-8fb6-21015a827d7b,7/11/2026 17:44,ACC47475,4053-XXXX-XXXX-5338,2.5,USD,Travel,Houston,US,Online,9.9,0,1,normal,0.236
f8491da9-23fe-42cd-b2ae-8d0dbb75b1b9,7/6/2026 2:48,ACC89374,4203-XXXX-XXXX-9821,11.97,USD,Restaurant,Mumbai,IN,Online,39.2,0,0,normal,0.088
08238f6c-d698-4599-b7bf-afae959942f6,6/4/2026 10:20,ACC10250,4957-XXXX-XXXX-6820,26.04,USD,Education,Delhi,IN,Online,37,0,1,normal,0.158
877d95e5-5b3e-4f7c-97b7-a70fccb7e8d5,6/10/2026 10:06,ACC43371,4398-XXXX-XXXX-3894,17.5,USD,Insurance,London,GB,POS,13.8,0,0,normal,0.096
defefcf4-f4f6-446c-b284-713124a48e95,8/3/2026 10:15,ACC68868,4131-XXXX-XXXX-4653,33.89,USD,Grocery,Houston,US,POS,25.5,0,0,normal,0.227
7b4e16b2-96a4-44c5-812c-f59ec0576c5e,7/7/2026 6:39,ACC10190,4352-XXXX-XXXX-6674,28.2,USD,Utilities,Chicago,US,POS,29.2,0,1,normal,0.087
a964084f-a0e2-4520-8f6c-0f5dad4725ee,5/9/2026 15:23,ACC78618,4925-XXXX-XXXX-4687,240.37,USD,Gas Station,Dubai,AE,Online,3,0,1,normal,0.133
1d541d51-b2a6-4898-99da-31bde06488b8,5/15/2026 13:43,ACC95175,4082-XXXX-XXXX-6383,10.9,USD,Pharmacy,Chicago,US,ATM,38.2,0,0,normal,0.223
aa29c04e-ff3f-497a-82ee-8b984800c272,7/23/2026 14:36,ACC63088,4021-XXXX-XXXX-6321,33.27,USD,Home Improvement,Sydney,AU,Online,32.1,0,0,normal,0.21
9a5e5b93-fa61-4200-b67b-02b794b67cdc,5/3/2026 0:11,ACC47586,4480-XXXX-XXXX-9767,38.93,USD,Healthcare,Mumbai,IN,POS,27.5,0,0,normal,0.191
277feb71-1e80-425c-8e74-143d5a3bb3a6,6/17/2026 16:43,ACC75234,4736-XXXX-XXXX-2843,22.14,USD,Travel,Delhi,IN,Online,19.6,0,1,normal,0.088
2d6f27f6-d743-4a53-80e4-c1b06fcec6df,7/22/2026 0:12,ACC59295,4033-XXXX-XXXX-6051,4415.65,USD,Grocery,Moscow,RU,Online,7787.4,1,1,suspicious,0.815
fd5d6654-6417-44fe-a7c0-afbcaed75c21,7/22/2026 16:17,ACC22218,4498-XXXX-XXXX-6481,12.28,USD,Education,Paris,FR,Online,1.7,0,0,normal,0.133
2b0c2346-9477-46fd-82e1-eb67ef2363d8,6/17/2026 9:07,ACC65667,4380-XXXX-XXXX-1886,20.2,USD,Retail,Bangalore,IN,POS,26.5,0,0,normal,0.211
acf5b9c5-3437-42cd-ab73-4d2dbb96e936,5/30/2026 14:48,ACC47762,4243-XXXX-XXXX-5934,32.83,USD,Home Improvement,Houston,US,POS,1.9,0,0,normal,0.201
a4a3005a-581f-4fd9-89e2-a3906c074631,6/20/2026 14:26,ACC97590,4018-XXXX-XXXX-7170,37.09,USD,Travel,Singapore,SG,POS,10.2,0,0,normal,0.058
7ca05788-d810-4233-89fe-5016fd39bfac,5/31/2026 16:38,ACC16929,4940-XXXX-XXXX-7064,12.09,USD,Gas Station,Toronto,CA,Online,27.1,0,0,normal,0.12
26c1961a-cfc1-4082-8612-8fb5f15301cd,6/4/2026 17:09,ACC99526,4597-XXXX-XXXX-9083,16.56,USD,Grocery,Berlin,DE,Online,28.6,0,1,normal,0.238
0abce8a6-9568-4d62-8ddc-b1eb9c56fe5b,6/13/2026 16:50,ACC48157,4367-XXXX-XXXX-3970,99.83,USD,Travel,Houston,US,Online,33.9,0,0,normal,0.139
ffe3f5c5-9a9e-44f1-be2d-161e554425fd,7/24/2026 20:32,ACC35224,4441-XXXX-XXXX-7230,13.13,USD,Retail,Toronto,CA,Mobile App,8.3,0,0,normal,0.053
a8752a86-ba26-48b9-a9f7-9225d61b8f04,7/15/2026 13:14,ACC82585,4701-XXXX-XXXX-9837,30.23,USD,Restaurant,Mumbai,IN,ATM,19,0,1,normal,0.132
8219b455-fed8-4b32-9a73-2a0a164aa6d6,7/26/2026 8:51,ACC59664,4335-XXXX-XXXX-9098,204.53,USD,Subscription,Los Angeles,US,POS,3.6,0,1,normal,0.223
b35dda1b-f200-4b7c-a241-f76ebffcca02,6/5/2026 8:04,ACC26044,4886-XXXX-XXXX-7417,16.84,USD,Grocery,Sydney,AU,Mobile App,33.4,0,0,normal,0.143
ad846fcf-71a7-4126-837f-f6e39e680e5e,7/16/2026 19:17,ACC59005,4339-XXXX-XXXX-7773,16.67,USD,Retail,Toronto,CA,Online,22.1,0,0,normal,0.013
9cce5591-2e03-4f64-9f75-05dac27c0034,6/15/2026 12:07,ACC15209,4634-XXXX-XXXX-2343,31.67,USD,Education,Tokyo,JP,ATM,26.3,0,0,normal,0.086
5cdffb9a-c375-44dc-851d-83f5f7e7d1b1,5/17/2026 6:27,ACC36830,4303-XXXX-XXXX-4007,27.2,USD,Education,Houston,US,Online,33.2,0,0,normal,0.171
e3ba4a4f-8d10-4b26-bdd7-2345ddf28dba,7/6/2026 17:37,ACC51074,4976-XXXX-XXXX-7229,27.91,USD,Education,Los Angeles,US,POS,12.4,0,0,normal,0.056
75c5972a-e942-4c4b-830f-5786d8a32fa9,6/16/2026 6:36,ACC59002,4736-XXXX-XXXX-5375,26.45,USD,Home Improvement,New York,US,Mobile App,34.5,0,1,normal,0.104
2a37e878-37b8-4336-bc14-b761f6cb8dea,7/22/2026 21:14,ACC27657,4627-XXXX-XXXX-6231,6.68,USD,Healthcare,Bangalore,IN,ATM,8.7,0,0,normal,0.169
886f6de4-625c-4731-96b3-d58e8350c6ce,6/22/2026 7:24,ACC73413,4046-XXXX-XXXX-1787,30.86,USD,Travel,Houston,US,Mobile App,3.7,0,0,normal,0.245
df0119eb-6687-4d21-87a4-8a21d70d2d47,7/15/2026 9:54,ACC32468,4106-XXXX-XXXX-3910,33.4,USD,Restaurant,Toronto,CA,POS,33.1,0,0,normal,0.016
de78ee12-950e-427b-8216-2eb219ac0bee,5/15/2026 15:08,ACC64055,4391-XXXX-XXXX-7159,44.56,USD,Utilities,Houston,US,Mobile App,14.9,0,0,normal,0.058
49a310a0-92c8-40f3-981d-347b7704306d,5/21/2026 13:41,ACC26110,4370-XXXX-XXXX-1892,17.54,USD,Subscription,London,GB,POS,33.9,0,0,normal,0.142
70958a03-edfa-4e99-b0c3-4c102ef1cbae,6/22/2026 15:54,ACC91544,4815-XXXX-XXXX-2602,10.69,USD,Travel,Sydney,AU,Online,7.2,0,0,normal,0.179
e25a5c65-8943-4991-96d1-60dde87341f3,6/23/2026 15:25,ACC74927,4019-XXXX-XXXX-7268,10.24,USD,Pharmacy,Mumbai,IN,ATM,17.8,0,0,normal,0.101
38eedfb8-42f0-440f-bed3-5865713ef5c9,7/3/2026 13:20,ACC37443,4571-XXXX-XXXX-9966,4.17,USD,Entertainment,New York,US,Mobile App,29.6,0,1,normal,0.197
d62d5ee5-c9f6-44ee-add8-a48d46718c76,7/13/2026 16:37,ACC11653,4670-XXXX-XXXX-9894,6.99,USD,Healthcare,Toronto,CA,POS,32,0,0,normal,0.198
c208bf33-0eb9-4d72-a5d3-3eed2f138833,7/24/2026 10:24,ACC31840,4533-XXXX-XXXX-2094,10.8,USD,Education,Chicago,US,Online,34.9,0,0,normal,0.147
00929777-ca23-4ccb-942b-b5fec9599785,5/7/2026 15:35,ACC39145,4702-XXXX-XXXX-9759,51.56,USD,Travel,Bangalore,IN,ATM,36.3,0,0,normal,0.132
ecff6fd9-f59c-4899-83b7-9053c384406d,5/27/2026 2:10,ACC43244,4418-XXXX-XXXX-8675,14.37,USD,Utilities,New York,US,ATM,2.7,0,0,normal,0.171
02ec8ff4-8be4-4c2d-9e26-abe58fe8a046,7/21/2026 21:08,ACC11337,4689-XXXX-XXXX-3073,37.05,USD,Utilities,Los Angeles,US,POS,5.1,0,0,normal,0.245
2e6cb046-e005-4903-beaa-7c89522ee136,6/4/2026 21:39,ACC85963,4454-XXXX-XXXX-2386,44.11,USD,Pharmacy,Berlin,DE,Mobile App,16.1,0,0,normal,0.217
adcd1041-3cd5-4e4f-ad03-f3ce650633d3,5/1/2026 18:06,ACC41119,4488-XXXX-XXXX-9660,47.38,USD,Coffee Shop,Dubai,AE,Online,16.3,0,0,normal,0.165
e3eb3d91-e79b-46aa-aa70-4d42a4318eaf,5/31/2026 6:49,ACC48806,4523-XXXX-XXXX-2845,49.09,USD,Entertainment,Paris,FR,Mobile App,21.5,0,1,normal,0.14
c94fdd36-5a43-45c5-877b-c6bda185b1c9,7/16/2026 18:42,ACC60356,4410-XXXX-XXXX-3169,67.14,USD,Grocery,Houston,US,POS,4,0,0,normal,0.226
726a232a-cc34-4b12-92e8-409ae1c7558a,7/13/2026 18:15,ACC23741,4638-XXXX-XXXX-8566,21.32,USD,Pharmacy,Los Angeles,US,Mobile App,25.4,0,0,normal,0.138
d022578d-cd33-48e4-a389-1dc109e6c0f6,5/1/2026 15:39,ACC84364,4969-XXXX-XXXX-2290,17.9,USD,Coffee Shop,Dubai,AE,POS,29.3,0,1,normal,0.245
879eca53-0ae2-405a-9495-9a40db202af3,7/28/2026 11:37,ACC84133,4881-XXXX-XXXX-4048,95.2,USD,Education,Dubai,AE,POS,6.8,0,1,normal,0.195
1628a86b-ffe0-4bc6-9b16-0590d0772d35,7/19/2026 8:55,ACC70764,4618-XXXX-XXXX-9666,7.43,USD,Retail,Bangalore,IN,ATM,11.3,0,0,normal,0.099
f12ed959-4f07-4075-ba08-977244f171de,5/4/2026 19:46,ACC21239,4221-XXXX-XXXX-8359,34.76,USD,Home Improvement,Bangalore,IN,ATM,34.7,0,0,normal,0.209
b405cfd0-cc9e-4e3d-a877-6918293aa919,6/12/2026 5:00,ACC96889,4673-XXXX-XXXX-2360,37.25,USD,Pharmacy,London,GB,POS,1.9,0,0,normal,0.226
ec644fd3-093f-4d06-9cc4-93a508fcac74,6/8/2026 8:30,ACC13148,4606-XXXX-XXXX-6477,6.8,USD,Pharmacy,Houston,US,Mobile App,9.9,0,0,normal,0.24
6a054ee0-cad3-41bf-b943-0f7acf50f41e,5/6/2026 18:09,ACC14536,4670-XXXX-XXXX-8396,29.83,USD,Retail,New York,US,Online,6.4,0,0,normal,0.14
36f473a3-1012-49a2-8369-6cbb5ab66b92,5/8/2026 18:26,ACC56234,4597-XXXX-XXXX-2061,9.76,USD,Home Improvement,Tokyo,JP,Mobile App,19.8,0,0,normal,0.149
92b59dcd-8e14-4f63-8cff-9482f90af253,7/26/2026 15:21,ACC98902,4554-XXXX-XXXX-4955,49.04,USD,Travel,Bangalore,IN,POS,34.3,0,1,normal,0.117
55c3cdfa-18e4-49c8-a10a-77e92b146f1d,7/17/2026 20:11,ACC61007,4693-XXXX-XXXX-9856,12.35,USD,Pharmacy,Paris,FR,Mobile App,15.4,0,1,normal,0.2
672332c3-7ed6-4454-bb9e-b55330c3d445,6/14/2026 11:12,ACC96595,4389-XXXX-XXXX-2404,17.66,USD,Subscription,London,GB,Mobile App,31.9,0,1,normal,0.03
017c41d6-4a84-4b51-8e14-6a4f8c2b6df6,5/3/2026 19:55,ACC85085,4645-XXXX-XXXX-3734,64.04,USD,Grocery,Delhi,IN,POS,17.8,0,0,normal,0.099
ed05b469-e50f-45cd-b44b-eddfffe7e812,5/13/2026 9:28,ACC64339,4391-XXXX-XXXX-5794,22.04,USD,Travel,Houston,US,POS,16.4,0,0,normal,0.034
e02ad48c-6038-48ed-bc91-ef0ac5525eb5,6/18/2026 17:23,ACC96787,4401-XXXX-XXXX-3112,10.47,USD,Entertainment,Mumbai,IN,POS,12.4,0,0,normal,0.2
2b76fb77-abc6-4a60-9c69-6f7e49232e34,7/21/2026 12:14,ACC30903,4203-XXXX-XXXX-4293,21.76,USD,Gas Station,Mumbai,IN,Online,20.8,0,0,normal,0.2
429dff39-2d71-4530-a82b-b7144c76be86,8/4/2026 1:55,ACC50712,4700-XXXX-XXXX-8028,33.35,USD,Pharmacy,Bangalore,IN,POS,24,0,0,normal,0.092
86741c18-a831-47f9-a5c6-9a3db639f90a,6/10/2026 14:16,ACC32699,4470-XXXX-XXXX-9734,23.25,USD,Entertainment,Chicago,US,Mobile App,21.9,0,0,normal,0.218
02b101b6-3de7-41d9-a688-c317cf62aff4,7/17/2026 11:25,ACC32646,4154-XXXX-XXXX-4013,92.77,USD,Subscription,Chicago,US,Online,3.8,0,0,normal,0.046
c2e9e259-aa36-4fd9-a135-cdb44f27c12c,6/9/2026 12:31,ACC52734,4235-XXXX-XXXX-5564,78.49,USD,Home Improvement,Singapore,SG,Mobile App,20.4,0,0,normal,0.237
6a2dfdae-2ae9-457c-9e1d-091a5b7f0332,6/21/2026 18:54,ACC35928,4435-XXXX-XXXX-2880,49.75,USD,Entertainment,Dubai,AE,Online,25.9,0,1,normal,0.208
ef9de6f4-dc19-4d13-97cf-7dc97f59ae3b,7/6/2026 12:37,ACC27827,4285-XXXX-XXXX-8700,22.66,USD,Grocery,Houston,US,Online,20.1,0,1,normal,0.157
ee4407c0-9241-4c51-9a12-bfc97bb4632e,5/20/2026 18:28,ACC14288,4706-XXXX-XXXX-7070,2.5,USD,Travel,Berlin,DE,Online,17.7,0,2,normal,0.215
505b9639-ee4d-4ab7-abbe-fa2edeee6c52,6/16/2026 17:00,ACC97591,4965-XXXX-XXXX-5956,3.37,USD,Subscription,Delhi,IN,Online,35.8,0,0,normal,0.097
508f8a5a-c7ac-426a-b67f-f5710a7175e5,6/10/2026 17:06,ACC83296,4377-XXXX-XXXX-5985,27.39,USD,Gas Station,Singapore,SG,Online,39.8,0,0,normal,0.052
c5d7a343-0ab6-4b55-8bdb-33f1245c6426,5/10/2026 18:44,ACC82133,4656-XXXX-XXXX-3265,15.04,USD,Pharmacy,Toronto,CA,Online,12.6,0,0,normal,0.246
f8043a14-9dbf-434f-bc27-3e5659737906,7/21/2026 11:21,ACC19567,4017-XXXX-XXXX-2106,9.44,USD,Entertainment,Sydney,AU,POS,10.5,0,0,normal,0.025
32f78199-04ca-4ea3-bbb9-b25debf086eb,5/12/2026 13:21,ACC23325,4252-XXXX-XXXX-1882,25.07,USD,Retail,Delhi,IN,ATM,28.5,0,0,normal,0.243
1cf2a4c6-14a3-48a0-8e1c-1e576b2731ea,6/11/2026 10:53,ACC22699,4685-XXXX-XXXX-1223,18.12,USD,Pharmacy,Delhi,IN,Online,13.2,0,1,normal,0.097
c93f2d18-59f0-4e1b-8022-eeec03309a0b,8/4/2026 19:54,ACC92348,4198-XXXX-XXXX-5277,26.27,USD,Travel,Dubai,AE,ATM,6.9,0,0,normal,0.186
6499c419-d1b0-4650-901e-17a4af971f59,6/7/2026 19:40,ACC68059,4253-XXXX-XXXX-1549,4.51,USD,Pharmacy,Chicago,US,Online,18.4,0,1,normal,0.135
638986c4-a968-4a7d-b87a-43d8c1821f8b,6/13/2026 16:43,ACC39852,4021-XXXX-XXXX-1906,20.94,USD,Subscription,Toronto,CA,POS,30.9,0,1,normal,0.138
6b17dfa3-3054-4880-b88b-d83d730cb3cd,5/28/2026 5:26,ACC12204,4917-XXXX-XXXX-9114,13.47,USD,Utilities,Berlin,DE,ATM,17.7,0,0,normal,0.049
65c47793-50d6-4f6e-a9ac-551023cca6a5,7/4/2026 19:46,ACC19154,4007-XXXX-XXXX-1529,9.22,USD,Education,Los Angeles,US,ATM,34.7,0,2,normal,0.217
c8495dd6-da44-460f-bed3-87a339b8727f,6/27/2026 12:46,ACC49320,4000-XXXX-XXXX-2226,23.17,USD,Electronics,Bangalore,IN,Mobile App,28.3,0,0,normal,0.06
f984e8c3-76e3-4478-bb53-f9d12d8b6afe,6/24/2026 10:32,ACC97323,4935-XXXX-XXXX-6220,19.38,USD,Education,London,GB,POS,0.9,0,0,normal,0.193
755a5a99-793d-4512-84f5-bdd912379502,8/5/2026 9:23,ACC62813,4033-XXXX-XXXX-2287,10.64,USD,Home Improvement,London,GB,ATM,22.5,0,0,normal,0.06
fe32653d-4ec5-45f2-b21e-2e804bf1977e,5/14/2026 9:19,ACC84349,4033-XXXX-XXXX-3513,17.56,USD,Entertainment,Chicago,US,ATM,38,0,0,normal,0.193
272178a8-e1db-499b-b601-14d19b82a487,6/7/2026 15:51,ACC93397,4399-XXXX-XXXX-3846,28.16,USD,Subscription,Bangalore,IN,ATM,36.2,0,0,normal,0.115
2aedcafc-942b-4301-bb4a-25fc872704df,7/8/2026 18:27,ACC42955,4536-XXXX-XXXX-7679,94.16,USD,Travel,Toronto,CA,Online,20.1,0,0,normal,0.203
69108618-89ff-4e07-b3eb-3abd84a470a9,6/4/2026 20:01,ACC39427,4329-XXXX-XXXX-5067,64.06,USD,Healthcare,Chicago,US,ATM,36.6,0,0,normal,0.208
ad4426ec-f227-44da-8a3e-ace0fa8c6cbf,7/8/2026 15:59,ACC15863,4242-XXXX-XXXX-1601,14.92,USD,Electronics,Dubai,AE,Online,5.7,0,1,normal,0.062
589766bb-6ad0-4126-b12e-8b87d5bb5881,7/16/2026 3:06,ACC68959,4620-XXXX-XXXX-4681,42.88,USD,Entertainment,Singapore,SG,Online,19.2,0,1,normal,0.132
d9773157-0859-4c20-9844-272a883dbc09,5/17/2026 13:30,ACC49666,4221-XXXX-XXXX-9603,7.67,USD,Retail,Bangalore,IN,Mobile App,7,0,0,normal,0.019
3bbd4269-e1c6-4ad5-ad5f-6a05991aeb87,7/25/2026 19:00,ACC17801,4010-XXXX-XXXX-3587,69.77,USD,Insurance,Chicago,US,ATM,30.4,0,0,normal,0.022
520ebb1d-367f-4ffa-9437-c84bcb6a5333,5/8/2026 10:34,ACC31706,4947-XXXX-XXXX-9085,43.27,USD,Coffee Shop,Chicago,US,POS,3.2,0,0,normal,0.226
50220bd7-faf1-4548-8137-c032ea5f5c47,6/26/2026 11:08,ACC22451,4871-XXXX-XXXX-1751,8.12,USD,Entertainment,New York,US,POS,34.1,0,0,normal,0.051
f8acda56-5874-4bff-827f-54ee0a7c9636,7/9/2026 19:32,ACC58094,4798-XXXX-XXXX-5795,5.44,USD,Healthcare,Paris,FR,Online,21.1,0,0,normal,0.177
f6f3a9c4-1e04-4a86-82d8-8845854502f3,7/3/2026 10:07,ACC44631,4749-XXXX-XXXX-6986,7.04,USD,Travel,Houston,US,Online,3.9,0,1,normal,0.177
41288812-22e2-4fb3-b82d-93448da23a06,6/15/2026 19:36,ACC12026,4373-XXXX-XXXX-1036,40.7,USD,Electronics,London,GB,ATM,21.6,0,0,normal,0.212
6903188a-3f6c-4a58-a717-7b0674deb796,5/1/2026 10:10,ACC77589,4198-XXXX-XXXX-7194,23.7,USD,Home Improvement,Toronto,CA,Online,21.1,0,0,normal,0.074
ebff5496-e9b0-45be-980b-9879234c74e6,7/12/2026 15:44,ACC34560,4609-XXXX-XXXX-2914,6.63,USD,Healthcare,Delhi,IN,Mobile App,28.2,0,0,normal,0.018
ced9ce4d-3ef5-40ec-b181-33d74f30098e,7/29/2026 18:50,ACC21096,4056-XXXX-XXXX-5426,29.16,USD,Healthcare,New York,US,POS,13.3,0,0,normal,0.08
4685914c-ec1a-4457-9280-aa30c2c7325c,7/1/2026 17:05,ACC82803,4162-XXXX-XXXX-3828,50.67,USD,Restaurant,Berlin,DE,Online,34.8,0,0,normal,0.036
9128992c-86f0-4d76-82cc-57c4d399244d,7/9/2026 8:50,ACC16494,4711-XXXX-XXXX-7077,18.68,USD,Home Improvement,Los Angeles,US,ATM,28.8,0,0,normal,0.094
6064fe0a-a295-48f9-93f4-fc074c3ff10d,7/19/2026 7:03,ACC61497,4220-XXXX-XXXX-8488,14.38,USD,Travel,Paris,FR,Online,28.7,0,0,normal,0.109
507cb97b-e10c-45fa-9e9d-9104af904218,5/13/2026 12:07,ACC77667,4285-XXXX-XXXX-5806,3.05,USD,Retail,New York,US,Online,8.5,0,0,normal,0.168
af62c69d-3b3a-47a5-b019-f6ffb7a55f8f,5/6/2026 12:40,ACC45826,4883-XXXX-XXXX-7626,9.76,USD,Subscription,Bangalore,IN,ATM,17.7,0,1,normal,0.033
27025084-a829-4439-ac5e-53e3d9337834,7/13/2026 19:30,ACC98761,4533-XXXX-XXXX-7506,11.97,USD,Coffee Shop,Dubai,AE,POS,0.3,0,2,normal,0.242
594a6c47-6c83-49ac-b3e4-ad914047ef9e,7/15/2026 8:58,ACC15546,4191-XXXX-XXXX-7607,18.63,USD,Insurance,Berlin,DE,Online,28.8,0,0,normal,0.14
a4c0f983-ceb0-4dd9-a0ef-2c78d3d6a639,7/6/2026 1:15,ACC57472,4650-XXXX-XXXX-8532,42.79,USD,Subscription,Toronto,CA,Online,17.4,0,1,normal,0.242
1735f03d-9a27-4d09-9250-69f67073f7d7,5/8/2026 18:24,ACC44782,4004-XXXX-XXXX-9695,56.66,USD,Entertainment,Dubai,AE,Online,1.6,0,2,normal,0.118
be7b4161-da21-4893-9814-7cb733811ed4,6/7/2026 8:11,ACC66059,4527-XXXX-XXXX-6372,35.17,USD,Healthcare,Singapore,SG,POS,16,0,0,normal,0.246
420ed171-faee-43cb-946c-367331dfef6a,7/21/2026 10:38,ACC16826,4974-XXXX-XXXX-6733,20.44,USD,Restaurant,Tokyo,JP,Online,26,0,1,normal,0.166
a4012156-5f98-4e5a-bdce-d8390d1fe251,5/25/2026 17:31,ACC30017,4546-XXXX-XXXX-4060,105.12,USD,Electronics,Toronto,CA,Online,31.5,0,0,normal,0.051
39e2977f-f521-422a-b129-0ff52b6f24a6,6/30/2026 6:16,ACC93138,4781-XXXX-XXXX-2083,26.9,USD,Education,Los Angeles,US,Mobile App,27.9,0,1,normal,0.213
2f4af164-9d21-4139-8d1f-34eac9a5ec8a,5/7/2026 13:59,ACC70177,4046-XXXX-XXXX-9379,99.65,USD,Restaurant,Delhi,IN,Online,15.6,0,0,normal,0.24
94083347-80e1-40d0-bf13-be1d53e4c737,7/21/2026 14:02,ACC17044,4094-XXXX-XXXX-8021,51.62,USD,Entertainment,London,GB,Mobile App,38.5,0,0,normal,0.058
b99671d1-8b7d-46b4-a4f0-b4d52cb8b473,5/11/2026 8:35,ACC39067,4379-XXXX-XXXX-2311,22.05,USD,Entertainment,Berlin,DE,POS,29,0,1,normal,0.106
118266e8-99c1-46e5-8e2c-2ec80be6ae60,6/14/2026 21:03,ACC62506,4548-XXXX-XXXX-8273,18.4,USD,Insurance,Dubai,AE,POS,13,0,1,normal,0.207
877d3d68-2492-4ab9-8553-76b45f3f30a8,6/10/2026 18:22,ACC17184,4527-XXXX-XXXX-6963,32.46,USD,Restaurant,Sydney,AU,POS,4.4,0,0,normal,0.159
af388b5a-aa8d-4fdf-b36a-e6a48451d84a,8/1/2026 18:11,ACC35477,4923-XXXX-XXXX-3082,7.44,USD,Electronics,Berlin,DE,Mobile App,31.3,0,0,normal,0.229
46ee40df-2a35-4acf-887e-d7a7268b1f37,6/21/2026 14:47,ACC38298,4983-XXXX-XXXX-9511,9.46,USD,Home Improvement,Sydney,AU,POS,4,0,0,normal,0.102
5c822656-b092-4282-9954-a71c698f7b5e,8/8/2026 16:59,ACC17705,4929-XXXX-XXXX-1158,12.04,USD,Gas Station,Dubai,AE,Mobile App,12.5,0,0,normal,0.133
22d1f43c-084c-4455-b7c8-1e907fb4aa30,7/12/2026 13:14,ACC70429,4899-XXXX-XXXX-3219,28.44,USD,Travel,Los Angeles,US,Mobile App,6.5,0,0,normal,0.111
6f3a7a32-b2e4-4ea7-b360-d72106757c5e,6/11/2026 7:52,ACC19295,4149-XXXX-XXXX-3080,30.56,USD,Subscription,London,GB,Online,34.4,0,0,normal,0.133
937f94b5-e761-45b0-a4f3-46c494430902,5/4/2026 19:50,ACC47189,4426-XXXX-XXXX-8798,3.97,USD,Restaurant,Chicago,US,Online,8.2,0,0,normal,0.136
860f7034-5f1a-4c35-9de1-469975da0236,5/11/2026 1:44,ACC39563,4933-XXXX-XXXX-7025,66.64,USD,Pharmacy,Delhi,IN,Online,31,0,2,normal,0.081
920788b3-4f3a-4fac-b29a-f47244103a8e,7/16/2026 18:07,ACC66688,4640-XXXX-XXXX-3466,14.54,USD,Retail,Paris,FR,Online,19.7,0,0,normal,0.062
8bb81e63-0b2d-4503-8b9e-ae3c6a864a42,5/21/2026 18:40,ACC34922,4635-XXXX-XXXX-8920,45.21,USD,Insurance,Bangalore,IN,POS,39,0,1,normal,0.21
c200d92f-9dda-4bad-ae10-86e6fe529529,5/6/2026 15:49,ACC81673,4102-XXXX-XXXX-3534,55.27,USD,Utilities,Sydney,AU,ATM,33.9,0,1,normal,0.034
0356a4d5-1476-4cf0-95fa-d10ff0591158,6/17/2026 8:06,ACC71587,4974-XXXX-XXXX-1753,21.92,USD,Home Improvement,Los Angeles,US,ATM,27.5,0,1,normal,0.127
f73706ac-d687-40c1-bb84-ce197b43bb05,6/1/2026 11:10,ACC74447,4065-XXXX-XXXX-9411,21.73,USD,Home Improvement,Dubai,AE,Online,36.4,0,0,normal,0.118
702f0bf6-f803-44af-8b63-674c1ef7d26a,7/3/2026 17:41,ACC10191,4492-XXXX-XXXX-4168,29.74,USD,Insurance,New York,US,Online,4.3,0,0,normal,0.193
0dc5fa1f-38c6-4ebd-8814-730aea597d35,8/6/2026 19:12,ACC34952,4110-XXXX-XXXX-4030,13.85,USD,Travel,Singapore,SG,Online,11.8,0,0,normal,0.243
1faf59d0-cfe1-476f-b1ff-71a80ec0716d,5/23/2026 9:38,ACC72190,4363-XXXX-XXXX-6107,18.02,USD,Subscription,Singapore,SG,Mobile App,21.2,0,1,normal,0.212
7a3f8422-aad6-47cc-b151-785bbe5977ee,6/11/2026 21:42,ACC89466,4219-XXXX-XXXX-1328,21.67,USD,Subscription,Sydney,AU,Online,16.2,0,0,normal,0.139
c9a07b36-9215-4bb0-b3cd-53aa4d4d5e56,6/5/2026 11:54,ACC65824,4720-XXXX-XXXX-8036,26.24,USD,Healthcare,Bangalore,IN,Mobile App,19.8,0,0,normal,0.145
40d23fca-4e60-4e17-aee1-fa07cb46924f,7/20/2026 13:14,ACC80814,4851-XXXX-XXXX-1459,54.01,USD,Home Improvement,Sydney,AU,POS,22.1,0,1,normal,0.238
192ae82d-4ad1-460f-9130-f440514f9ebb,5/20/2026 17:23,ACC66094,4402-XXXX-XXXX-5797,42.99,USD,Entertainment,Los Angeles,US,Online,17.2,0,1,normal,0.22
ae0d304d-b798-44ee-a9d2-6fbbe820d818,7/6/2026 9:10,ACC93623,4975-XXXX-XXXX-3784,52.47,USD,Pharmacy,Singapore,SG,Online,3.5,0,1,normal,0.127
61c5853a-7e60-41de-9614-372326863a50,7/25/2026 16:32,ACC35859,4902-XXXX-XXXX-5940,96.61,USD,Education,Sydney,AU,POS,1.5,0,0,normal,0.184
fb94b339-0242-4d93-9674-e682c638e7e1,7/18/2026 14:52,ACC71417,4251-XXXX-XXXX-3139,11.11,USD,Insurance,Berlin,DE,ATM,12.6,0,1,normal,0.157
94c4fa5a-814b-4b48-b6d7-af419a2f2f06,6/11/2026 20:20,ACC66251,4252-XXXX-XXXX-1428,19.98,USD,Pharmacy,Mumbai,IN,ATM,31.4,0,0,normal,0.139
218b2a1e-043f-43e7-8164-875812cd307e,7/13/2026 13:55,ACC63841,4044-XXXX-XXXX-6213,12.76,USD,Utilities,Singapore,SG,ATM,28.2,0,1,normal,0.103
5ca76a64-1f30-4273-878d-6a86f05ca934,7/7/2026 9:37,ACC54129,4483-XXXX-XXXX-3161,42.59,USD,Entertainment,Mumbai,IN,Online,1.5,0,0,normal,0.082
46a36438-bab5-448f-becf-a0038b48b223,7/18/2026 17:40,ACC45133,4715-XXXX-XXXX-2362,63.15,USD,Utilities,New York,US,Online,39.9,0,1,normal,0.17
09af6d94-9a86-42ec-8b59-8068d283abba,5/17/2026 20:51,ACC14899,4471-XXXX-XXXX-7921,8.13,USD,Restaurant,Mumbai,IN,ATM,10.7,0,0,normal,0.151
ad9340bc-86d0-43a5-ac4c-5fcec988f7bf,7/31/2026 7:19,ACC75948,4171-XXXX-XXXX-3401,16.14,USD,Healthcare,Houston,US,POS,4,0,1,normal,0.091
37acec0c-7b1b-4be7-89cd-3e41d3df939d,5/12/2026 13:38,ACC22506,4280-XXXX-XXXX-9786,159.61,USD,Gas Station,Bangalore,IN,ATM,32.6,0,2,normal,0.227
10f76bae-28bf-4a3d-b8c9-8e928282ad70,7/15/2026 14:34,ACC39542,4387-XXXX-XXXX-3241,47.85,USD,Coffee Shop,Toronto,CA,ATM,22.4,0,0,normal,0.175
059b44fc-6aab-479c-98f9-0689cc40d874,5/11/2026 19:13,ACC85649,4140-XXXX-XXXX-8239,10.22,USD,Home Improvement,Tokyo,JP,ATM,11.6,0,0,normal,0.062
e5aea296-ebdb-41b9-9ef0-ba5805f81ffd,6/13/2026 12:59,ACC20819,4487-XXXX-XXXX-1807,20.33,USD,Insurance,Los Angeles,US,ATM,10.5,0,0,normal,0.114
2fc228ab-ee87-415d-a26d-9c0ec875d5c9,6/15/2026 6:14,ACC99925,4514-XXXX-XXXX-6095,23.02,USD,Restaurant,Delhi,IN,POS,25.5,0,1,normal,0.098
f342655b-fe27-43b3-a46e-6d0afa32528f,6/18/2026 16:44,ACC81893,4046-XXXX-XXXX-3299,5.65,USD,Education,Houston,US,ATM,0,0,1,normal,0.07
11ac27c8-7e68-4421-9b21-8e683595efad,7/4/2026 19:22,ACC61328,4194-XXXX-XXXX-6419,11.5,USD,Healthcare,London,GB,Mobile App,25.1,0,1,normal,0.241
598a5e71-e61b-4431-86bb-25f0798da614,7/8/2026 22:45,ACC70129,4013-XXXX-XXXX-6777,34.4,USD,Pharmacy,London,GB,Mobile App,28.4,0,1,normal,0.196
d8d383f5-e380-4881-9693-2670ab6380cc,7/3/2026 12:08,ACC24435,4333-XXXX-XXXX-4731,36.78,USD,Home Improvement,London,GB,POS,9.5,0,0,normal,0.058
171ebfbe-e987-46ff-8521-aa5dbeefb68d,7/16/2026 6:36,ACC74972,4754-XXXX-XXXX-5764,20.49,USD,Grocery,Tokyo,JP,POS,19.5,0,0,normal,0.152
ec1411b8-3351-48be-8a52-088d2364fab8,5/25/2026 11:08,ACC64657,4252-XXXX-XXXX-4431,7.24,USD,Coffee Shop,Delhi,IN,Mobile App,27.5,0,1,normal,0.227
8e4ff876-5188-4ec8-b4c9-5fdc182b007c,8/8/2026 17:49,ACC47938,4683-XXXX-XXXX-2638,10.07,USD,Electronics,Chicago,US,ATM,14.7,0,0,normal,0.103
447293a0-8a13-49ae-92be-a5b72cfe46d0,5/2/2026 20:37,ACC63976,4908-XXXX-XXXX-6418,45.82,USD,Coffee Shop,Berlin,DE,POS,3.5,0,0,normal,0.232
105df24c-d260-4048-a3f9-e07acd09d303,6/13/2026 23:46,ACC91006,4134-XXXX-XXXX-7172,8.36,USD,Gas Station,Houston,US,Online,6.5,0,1,normal,0.195
a1fc1af8-0edc-4928-8e27-9f1e97282c58,7/6/2026 9:11,ACC24000,4389-XXXX-XXXX-5799,47.33,USD,Home Improvement,Berlin,DE,POS,10.6,0,0,normal,0.2
42f23a74-8ea9-4e73-ac01-c2d50f4e1eae,5/19/2026 13:24,ACC87984,4818-XXXX-XXXX-4613,42.66,USD,Gas Station,Singapore,SG,POS,32.2,0,0,normal,0.205
15e3d96b-dfbc-4bf1-89ed-511650948e46,5/12/2026 2:29,ACC41135,4109-XXXX-XXXX-5035,2898.99,USD,Utilities,Moscow,RU,Online,10068.9,1,1,suspicious,0.737
412e6c44-0077-4d80-976a-833bb7a832e2,5/2/2026 20:26,ACC96334,4270-XXXX-XXXX-6036,13.53,USD,Insurance,Bangalore,IN,ATM,26.9,0,0,normal,0.228
69d160ee-3646-4519-a835-8f517fc9d13d,7/13/2026 7:11,ACC81458,4303-XXXX-XXXX-6031,11.63,USD,Retail,Delhi,IN,Mobile App,23.7,0,1,normal,0.05
f72d907d-06ac-442a-965a-5c3a68a3097b,6/23/2026 16:24,ACC87437,4261-XXXX-XXXX-4332,34,USD,Subscription,Mumbai,IN,ATM,32.4,0,0,normal,0.187
d65b8128-6722-4010-9a1e-4d10b346517e,7/19/2026 17:09,ACC31848,4714-XXXX-XXXX-1775,2142.23,USD,Healthcare,Lagos,NG,POS,11802.3,1,1,suspicious,0.689
067808d4-520c-4346-b6e7-d37e30ea016e,5/7/2026 17:17,ACC93498,4599-XXXX-XXXX-2328,8.41,USD,Insurance,New York,US,POS,27.5,0,0,normal,0.203
443a4268-feda-44de-903c-2daef036e497,6/14/2026 8:58,ACC25022,4046-XXXX-XXXX-1488,17.97,USD,Grocery,Chicago,US,ATM,28.6,0,0,normal,0.141
8d35b747-d636-4e0c-85e6-4deafaa26af4,7/1/2026 15:39,ACC38511,4653-XXXX-XXXX-7136,172.31,USD,Grocery,Chicago,US,ATM,3.3,0,1,normal,0.069
0c86209b-e404-4b55-8499-c046d93186bb,7/19/2026 7:34,ACC70709,4281-XXXX-XXXX-7359,20.65,USD,Entertainment,Sydney,AU,POS,10.1,0,0,normal,0.134
76a28095-28f8-4ec2-b6dd-06aefc39cb30,7/29/2026 15:31,ACC80048,4407-XXXX-XXXX-4568,19.42,USD,Home Improvement,Los Angeles,US,ATM,33,0,0,normal,0.087
d654f143-026b-4b5f-8cd2-804800ea3349,5/24/2026 11:41,ACC30993,4615-XXXX-XXXX-3413,12.13,USD,Coffee Shop,Tokyo,JP,ATM,9.3,0,0,normal,0.241
ed44ca41-67a8-4b3e-ba6f-2a8534d90eb3,8/5/2026 18:55,ACC89569,4821-XXXX-XXXX-6772,4.75,USD,Education,New York,US,Online,25.5,0,0,normal,0.173
fc94de65-84b1-4759-994f-f1de7f372e9b,8/5/2026 11:37,ACC65640,4080-XXXX-XXXX-8055,28.49,USD,Insurance,London,GB,Online,21.8,0,0,normal,0.029
1f4ea2ff-3ea4-4d9b-b116-f9556206cbf0,6/1/2026 8:14,ACC68090,4350-XXXX-XXXX-9824,21.1,USD,Insurance,London,GB,Online,7.7,0,0,normal,0.066
d2b54e4b-3991-4a99-9cbe-227e01978ab7,6/23/2026 19:06,ACC19027,4543-XXXX-XXXX-3539,103.18,USD,Travel,London,GB,ATM,11.8,0,0,normal,0.098
e135aed2-0885-43b5-b096-a1ac32ff7a2c,7/20/2026 8:35,ACC58439,4677-XXXX-XXXX-1802,169.49,USD,Pharmacy,Houston,US,Mobile App,12.4,0,0,normal,0.148
5fa40be9-5f2b-4228-9cf5-b89b8b95ef4b,6/30/2026 19:25,ACC55555,4436-XXXX-XXXX-1553,21.01,USD,Restaurant,Dubai,AE,Mobile App,34.3,0,0,normal,0.108
d71e40f7-625f-46aa-b4e2-6eb96b2c341c,6/10/2026 6:30,ACC86247,4569-XXXX-XXXX-5232,12.73,USD,Education,Delhi,IN,ATM,6.8,0,0,normal,0.075
ff888ed3-01d5-4a49-92bc-b6491766e5b4,7/19/2026 8:14,ACC33577,4043-XXXX-XXXX-8069,68.28,USD,Travel,Chicago,US,ATM,3,0,0,normal,0.16
8445e122-4946-4a70-bfe1-f986eb34c872,7/27/2026 5:16,ACC47912,4668-XXXX-XXXX-3742,17.82,USD,Healthcare,Dubai,AE,POS,2.4,0,1,normal,0.076
7a931f1f-19f4-47c4-aa30-9271283f48e8,7/25/2026 7:07,ACC76895,4456-XXXX-XXXX-1911,47.24,USD,Retail,Toronto,CA,ATM,5.3,0,0,normal,0.145
42f0d071-d1ad-4165-b5ef-f2b61e00de87,5/19/2026 2:35,ACC51100,4102-XXXX-XXXX-4992,1794.87,USD,Entertainment,Los Angeles,US,Online,5.3,0,3,suspicious,0.733
99e516f9-60b7-470b-916a-b9793e900c7d,6/20/2026 23:14,ACC41949,4710-XXXX-XXXX-1800,28.47,USD,Travel,Houston,US,Mobile App,22.9,0,0,normal,0.235
3bc30ff9-8e5f-444a-a634-0aa75e2f000f,6/15/2026 19:01,ACC68077,4753-XXXX-XXXX-5544,111.04,USD,Utilities,Bangalore,IN,POS,34.6,0,1,normal,0.147
ef0885aa-ea9d-492b-9b9c-9304141c3072,7/14/2026 15:20,ACC38239,4124-XXXX-XXXX-4778,178.52,USD,Coffee Shop,Bangalore,IN,Online,20,0,0,normal,0.197
770a2a47-f6a0-4a2d-8695-df0069c6513c,6/1/2026 20:56,ACC30989,4338-XXXX-XXXX-7985,15.2,USD,Home Improvement,Singapore,SG,ATM,9.3,0,0,normal,0.054
8a47b854-5f34-46bf-ba7e-1a21d86f2d21,7/16/2026 15:35,ACC80569,4632-XXXX-XXXX-5079,29.51,USD,Pharmacy,Dubai,AE,ATM,27.9,0,0,normal,0.085
6c6d8e5e-95cd-44ef-91d8-09119f1868b1,8/7/2026 18:58,ACC80321,4952-XXXX-XXXX-3617,45.42,USD,Restaurant,Singapore,SG,ATM,4.8,0,0,normal,0.179
e8a7c587-4ac9-474a-b416-8d88176f066e,6/30/2026 8:16,ACC98759,4720-XXXX-XXXX-7861,171.41,USD,Healthcare,New York,US,Online,23.6,0,7,suspicious,0.8
00d039a1-485d-4f36-855f-f0333384960d,6/27/2026 17:33,ACC96439,4662-XXXX-XXXX-4373,49.93,USD,Utilities,Mumbai,IN,POS,3,0,0,normal,0.061
11b53e6b-539b-422f-bba2-e3e5afa88902,7/1/2026 9:17,ACC87601,4134-XXXX-XXXX-1125,5.75,USD,Insurance,Singapore,SG,ATM,11.6,0,0,normal,0.235
eaa98a23-d762-4f2e-a5be-371a999128d9,5/17/2026 16:41,ACC74511,4103-XXXX-XXXX-7815,13.49,USD,Gas Station,Mumbai,IN,ATM,12.1,0,0,normal,0.021
1e02d163-e657-45bd-b26b-12a3090d5961,7/2/2026 8:45,ACC60510,4178-XXXX-XXXX-7574,33.67,USD,Education,Berlin,DE,POS,20.3,0,0,normal,0.106
b7274020-2c1d-44a3-a02e-f649fae7dac4,5/2/2026 9:47,ACC79778,4468-XXXX-XXXX-4282,42.99,USD,Subscription,New York,US,Mobile App,35.7,0,1,normal,0.148
f4e9028a-b97c-418d-a44b-7cd396ff3441,5/22/2026 13:51,ACC53741,4121-XXXX-XXXX-6906,17.04,USD,Restaurant,Paris,FR,POS,35.8,0,0,normal,0.053
aadcd8ee-ad5f-4e6b-82d6-9c17c7edcbb6,6/23/2026 15:31,ACC99051,4163-XXXX-XXXX-1510,34.24,USD,Insurance,Bangalore,IN,Online,33.9,0,0,normal,0.115
9930d3a5-9c14-40b2-8520-652ca9a196e0,8/3/2026 17:53,ACC47555,4474-XXXX-XXXX-3373,64.84,USD,Coffee Shop,Toronto,CA,Online,25.6,0,1,normal,0.111
93977def-3177-457d-81c9-fa28ae8512f5,5/4/2026 20:20,ACC85263,4462-XXXX-XXXX-6955,952.8,USD,Education,Unknown,XX,Mobile App,9315.7,1,2,suspicious,0.731
2dc8d8ae-aac2-426b-9a9f-189ed5cd54bc,5/8/2026 1:36,ACC53914,4291-XXXX-XXXX-8444,225.45,USD,Travel,Mumbai,IN,ATM,35.6,0,0,normal,0.131
56b4f7ba-ea1e-4827-98bb-c11944092167,8/4/2026 23:00,ACC21380,4486-XXXX-XXXX-5131,6.11,USD,Subscription,Berlin,DE,POS,3.3,0,1,normal,0.182
a3c37979-9250-4fc1-ae24-b4b008874baa,7/17/2026 16:18,ACC10827,4497-XXXX-XXXX-6165,3.29,USD,Coffee Shop,Mumbai,IN,Online,34.3,0,1,normal,0.195
01ddacd2-8b76-489a-bc1b-c6bc4464d255,6/8/2026 6:17,ACC49529,4870-XXXX-XXXX-2983,48.14,USD,Home Improvement,Paris,FR,POS,13.9,0,0,normal,0.099
d6536ea5-7211-45d7-9b3f-4fec42fbbb21,7/14/2026 0:48,ACC22682,4700-XXXX-XXXX-5885,636.61,USD,Retail,Lagos,NG,ATM,7113.7,1,1,suspicious,0.709
d0968876-93b4-4231-a0f8-ad72d5251092,7/25/2026 8:33,ACC19120,4086-XXXX-XXXX-6542,49.21,USD,Grocery,New York,US,Mobile App,16.1,0,1,normal,0.114
761b5cee-cc94-4d3d-860a-83b436e0f77b,5/27/2026 11:11,ACC16807,4469-XXXX-XXXX-1396,27.14,USD,Healthcare,London,GB,Online,9.2,0,0,normal,0.042
fa5ec317-9d91-47a2-92fc-a88ec3855fbe,6/12/2026 9:29,ACC29054,4012-XXXX-XXXX-5862,15.05,USD,Retail,Tokyo,JP,Online,38.6,0,1,normal,0.126
b4f09928-2feb-45cd-90ab-c9cd9e4d64a1,8/7/2026 14:34,ACC50444,4909-XXXX-XXXX-8919,70.66,USD,Restaurant,Delhi,IN,POS,26.1,0,1,normal,0.191
2a7af742-0986-4d85-92a6-e79da553b1a4,6/3/2026 15:58,ACC90938,4965-XXXX-XXXX-1936,21.77,USD,Electronics,Houston,US,Online,13.6,0,1,normal,0.17
ec6564fb-27d5-4a62-a2a2-dfa3c3168910,8/7/2026 14:46,ACC46942,4062-XXXX-XXXX-5455,16.35,USD,Insurance,Paris,FR,Online,2.6,0,0,normal,0.224
d9c09464-af86-45b8-8fd1-309d192ae174,7/12/2026 16:32,ACC61687,4946-XXXX-XXXX-1997,6.41,USD,Utilities,Paris,FR,POS,8.1,0,0,normal,0.083
c88cc5d4-a30a-455e-b322-bb4c882544b8,6/24/2026 9:33,ACC80063,4648-XXXX-XXXX-9060,53.91,USD,Pharmacy,Singapore,SG,POS,31.8,0,0,normal,0.064
5c8bc0e7-82ef-4cfd-9a5b-765085399faa,6/3/2026 18:21,ACC16202,4151-XXXX-XXXX-6785,10.69,USD,Retail,Mumbai,IN,Mobile App,18.2,0,0,normal,0.232
f47f853e-c953-4549-a536-b724631543c9,5/21/2026 10:08,ACC34265,4664-XXXX-XXXX-2701,13.66,USD,Travel,Bangalore,IN,POS,18.8,0,1,normal,0.04
6d7fd66d-4859-4398-ab7a-da219f330728,7/14/2026 5:24,ACC61698,4701-XXXX-XXXX-9652,12.4,USD,Travel,Chicago,US,ATM,39.3,0,1,normal,0.055
33445aaa-c29d-4101-a2db-a6c14962521f,5/1/2026 17:51,ACC61115,4630-XXXX-XXXX-8326,7.73,USD,Entertainment,Dubai,AE,Online,8.2,0,1,normal,0.082
0c6a2712-7fbf-4c62-9132-77911dff6fb9,7/28/2026 11:16,ACC63729,4370-XXXX-XXXX-2305,41.98,USD,Restaurant,Houston,US,Mobile App,22.4,0,0,normal,0.097
32c4a268-c4a2-48e5-b930-feef600437a2,7/23/2026 19:04,ACC78623,4582-XXXX-XXXX-8510,2.55,USD,Utilities,London,GB,POS,3.1,0,0,normal,0.045
4f40b49b-c735-48ca-b317-bf823b73d0e4,5/14/2026 11:44,ACC59563,4278-XXXX-XXXX-5633,56,USD,Grocery,Sydney,AU,ATM,32,0,0,normal,0.012
d6e4f321-32ba-43ac-8ec6-ae75d223d581,7/4/2026 4:20,ACC77385,4203-XXXX-XXXX-5385,4137.67,USD,Education,Mumbai,IN,ATM,22,0,2,suspicious,0.822
d3e4a0bc-a659-4b26-b6e6-28c57d087824,5/4/2026 13:40,ACC54417,4974-XXXX-XXXX-4012,25.23,USD,Electronics,New York,US,ATM,25.3,0,0,normal,0.111
6ba0ac40-3388-4513-a69c-bdef58293e8e,5/30/2026 18:17,ACC74737,4767-XXXX-XXXX-1625,12.73,USD,Gas Station,London,GB,Mobile App,27.3,0,0,normal,0.164
b9221a5c-4ff4-442a-936e-be3b1004f50d,7/18/2026 11:29,ACC37948,4782-XXXX-XXXX-1746,28.11,USD,Entertainment,Paris,FR,Online,13.4,0,0,normal,0.044
2b1f028c-e761-4f1e-96f6-1a43ed2a1ad4,5/14/2026 4:35,ACC83594,4679-XXXX-XXXX-7607,8.31,USD,Utilities,Houston,US,Online,27.4,0,0,normal,0.224
30eda62f-96b0-46b9-bc82-ca15a0173fc0,5/8/2026 8:08,ACC64656,4948-XXXX-XXXX-2950,58.93,USD,Electronics,Chicago,US,ATM,36.6,0,2,normal,0.19
f3038e1a-cd8b-40a8-b37d-dc3ae970e4e3,6/14/2026 13:23,ACC62044,4882-XXXX-XXXX-1693,36.66,USD,Healthcare,Toronto,CA,ATM,0.7,0,1,normal,0.217
d5bd7d20-0f7d-4897-b2ab-46e70a5ea00d,8/8/2026 14:03,ACC69226,4641-XXXX-XXXX-9940,33.7,USD,Restaurant,Tokyo,JP,ATM,38.5,0,1,normal,0.019
15de19eb-6c4f-4784-a0b0-704e1e6c0dfa,5/6/2026 13:27,ACC56281,4528-XXXX-XXXX-9776,13.34,USD,Pharmacy,London,GB,POS,28,0,0,normal,0.079
4eddca00-6c91-47aa-bf6b-39818da56247,7/29/2026 15:45,ACC72338,4952-XXXX-XXXX-1205,33.81,USD,Entertainment,Tokyo,JP,Mobile App,13.6,0,0,normal,0.117
56baf97c-8b22-4860-bc4e-e4c48cf3458f,6/16/2026 20:36,ACC56665,4894-XXXX-XXXX-6410,16.4,USD,Entertainment,Tokyo,JP,POS,0.1,0,1,normal,0.106
53f6ecbb-c26d-4c86-ad1f-92a9dd1a247e,6/25/2026 3:31,ACC38091,4877-XXXX-XXXX-4626,7.27,USD,Grocery,Los Angeles,US,Online,27.1,0,0,normal,0.108
7f1b721a-544c-4ad9-bea0-1ca45445d97a,7/30/2026 19:14,ACC55293,4601-XXXX-XXXX-5901,26.51,USD,Entertainment,New York,US,ATM,27.6,0,0,normal,0.083
457d9117-99a2-4379-a76e-2bc14854f3a3,6/24/2026 16:13,ACC93809,4397-XXXX-XXXX-1982,3.7,USD,Restaurant,Chicago,US,POS,30.4,0,2,normal,0.014
d029c956-6a9e-4e5b-8f68-de61c3bc3491,5/24/2026 12:57,ACC27933,4285-XXXX-XXXX-2908,24.25,USD,Subscription,Los Angeles,US,Mobile App,32.1,0,1,normal,0.063
b42307f1-5714-4326-928c-6b77af8f7351,7/15/2026 11:12,ACC44452,4979-XXXX-XXXX-7328,96.19,USD,Grocery,Toronto,CA,Mobile App,0.6,0,0,normal,0.127
ba3c5002-8e1b-43ea-a3fd-35bc9ef7a6b2,5/16/2026 11:51,ACC72259,4019-XXXX-XXXX-1525,30.71,USD,Restaurant,Chicago,US,POS,39.2,0,0,normal,0.112
fa76ea37-3869-456d-825e-722f0529fd8b,5/8/2026 20:49,ACC14763,4856-XXXX-XXXX-7504,11.24,USD,Gas Station,Tokyo,JP,ATM,7.5,0,1,normal,0.219
e76dd188-f18e-483f-97d7-7fb560c1bad4,7/13/2026 23:38,ACC76889,4288-XXXX-XXXX-1745,40.13,USD,Healthcare,Mumbai,IN,Online,29.6,0,0,normal,0.082
b025223c-f9f9-4ce0-887e-96eb331c0e41,8/7/2026 16:50,ACC53186,4692-XXXX-XXXX-1764,14.44,USD,Subscription,London,GB,ATM,18.8,0,0,normal,0.11
5ab358ae-eee9-4786-9ebf-3cf1ca42fba6,6/2/2026 14:47,ACC10453,4482-XXXX-XXXX-3254,67.97,USD,Entertainment,Dubai,AE,ATM,23.9,0,0,normal,0.064
f9e36578-0441-4e0a-b690-02da48b3d080,8/4/2026 14:57,ACC36098,4921-XXXX-XXXX-1687,15.08,USD,Coffee Shop,Dubai,AE,POS,18.1,0,0,normal,0.095
413678c0-0ed5-4092-9634-f32d2a4e4865,7/5/2026 11:20,ACC68856,4929-XXXX-XXXX-9072,26.49,USD,Insurance,Toronto,CA,Mobile App,32.3,0,0,normal,0.152
baadbdb6-5ba0-47d2-a217-0444968065c7,6/7/2026 13:45,ACC34387,4480-XXXX-XXXX-5719,46.39,USD,Retail,Berlin,DE,POS,17.7,0,0,normal,0.029
cd7ee890-0557-425f-a833-540b230b88ab,5/16/2026 21:02,ACC22178,4832-XXXX-XXXX-8672,63.09,USD,Insurance,Singapore,SG,POS,18.2,0,0,normal,0.18
e825a24d-e4b9-4b0b-8e5e-1ad5ecd99425,6/24/2026 18:46,ACC80007,4073-XXXX-XXXX-6683,102.27,USD,Home Improvement,Dubai,AE,ATM,26.8,0,2,normal,0.016
ce0af288-b488-4935-bf47-2f28655b0697,6/24/2026 16:42,ACC75480,4104-XXXX-XXXX-9784,13.59,USD,Utilities,Berlin,DE,Online,10.1,0,0,normal,0.088
eb67eb27-fdae-4cd3-b9a7-5de21f8abc47,6/22/2026 7:28,ACC26919,4062-XXXX-XXXX-3839,101.37,USD,Gas Station,Singapore,SG,POS,34.4,0,1,normal,0.125
c3b8f98d-9688-42fa-8edf-bc08eafff6e1,7/5/2026 3:24,ACC37775,4611-XXXX-XXXX-1179,13.7,USD,Pharmacy,Sydney,AU,Mobile App,7.5,0,0,normal,0.233
c833b0cb-d109-48b4-bf17-93c107094682,5/29/2026 15:49,ACC40273,4229-XXXX-XXXX-5503,15.78,USD,Gas Station,Singapore,SG,ATM,26.5,0,0,normal,0.119
e1237190-2eaa-4488-bacb-d19b92a25684,6/6/2026 6:19,ACC68316,4117-XXXX-XXXX-2488,34.62,USD,Coffee Shop,Toronto,CA,Mobile App,33.7,0,0,normal,0.19
3e6b67c6-42c8-4ebf-9160-06210182cde2,6/19/2026 11:50,ACC24933,4758-XXXX-XXXX-8583,6.68,USD,Travel,Paris,FR,Online,31.4,0,1,normal,0.021
951cbb55-db29-4e5d-bd12-cb768437ff49,7/8/2026 10:40,ACC50418,4538-XXXX-XXXX-8021,5969.84,USD,Electronics,Delhi,IN,POS,3.2,0,2,suspicious,0.663
07aca853-e0bc-43ce-9015-af3bbfe0a550,5/3/2026 6:43,ACC92614,4960-XXXX-XXXX-2376,54.38,USD,Insurance,Los Angeles,US,Mobile App,36.7,0,0,normal,0.249
faae61f4-ad29-4d68-99cf-1ece2468d6af,7/10/2026 14:28,ACC82070,4286-XXXX-XXXX-2946,17.83,USD,Restaurant,Houston,US,Online,39,0,0,normal,0.201
c14a207a-af5e-43ac-a75d-d3fb226a3edd,7/16/2026 12:08,ACC22580,4119-XXXX-XXXX-3110,53.68,USD,Insurance,London,GB,ATM,31.2,0,0,normal,0.02
f1fde8f9-44b1-4006-8a59-763c4ae0f897,6/24/2026 18:04,ACC12913,4444-XXXX-XXXX-8919,54.13,USD,Insurance,Berlin,DE,Mobile App,13.1,0,0,normal,0.13
4f19b62c-ffa3-4869-8d56-c4bdd388eafe,8/7/2026 12:56,ACC57720,4794-XXXX-XXXX-4912,116.14,USD,Gas Station,New York,US,Mobile App,28.8,0,0,normal,0.139
4ad11fb8-018c-4801-8908-f42f1c3bb379,6/20/2026 10:39,ACC64276,4869-XXXX-XXXX-8657,16.57,USD,Coffee Shop,Toronto,CA,Online,27.2,0,0,normal,0.066
0a9ae3c0-9165-474b-8adc-261df708d91f,7/25/2026 19:41,ACC54313,4021-XXXX-XXXX-4770,11.53,USD,Coffee Shop,Delhi,IN,Online,0.3,0,1,normal,0.024
f9e74b99-fd40-431e-8311-6bcc728f0fe9,5/12/2026 13:37,ACC16702,4468-XXXX-XXXX-4228,443.96,USD,Electronics,Paris,FR,Online,10.8,0,5,suspicious,0.745
ecad1d0f-f50b-4603-b688-5bd6fbca2046,6/7/2026 13:19,ACC53193,4450-XXXX-XXXX-6484,12.4,USD,Gas Station,Sydney,AU,ATM,32.6,0,1,normal,0.244
df7d7df8-c919-458f-b392-7b88a30ac7e2,6/2/2026 13:38,ACC21750,4324-XXXX-XXXX-9690,15.38,USD,Education,Mumbai,IN,ATM,5.7,0,0,normal,0.021
46584f55-3af7-4b60-8fd0-fde402694b2b,7/13/2026 0:30,ACC38263,4259-XXXX-XXXX-5981,5357.83,USD,Travel,New York,US,Online,5.9,0,1,suspicious,0.881
1201a489-9e8b-4bb1-a861-8f5f1354404d,6/15/2026 6:10,ACC75333,4457-XXXX-XXXX-6178,56.99,USD,Coffee Shop,Tokyo,JP,POS,39.2,0,1,normal,0.014
2fddeb2b-aa38-4f4a-93d3-47f7391efb38,6/27/2026 18:51,ACC52688,4571-XXXX-XXXX-4267,6.58,USD,Grocery,Mumbai,IN,Online,24.7,0,0,normal,0.076
d9ff1a2f-072e-4d91-945d-46b2907300f2,7/14/2026 1:28,ACC47491,4912-XXXX-XXXX-8124,32.78,USD,Utilities,Houston,US,Online,1,0,2,normal,0.23
0e83c728-9019-4ddd-9cbe-7260421c4755,8/2/2026 18:23,ACC40783,4029-XXXX-XXXX-5766,23.84,USD,Healthcare,Chicago,US,Mobile App,20.3,0,1,normal,0.198
5eb06cf0-6d43-4af9-b80a-0d826d90644c,6/3/2026 21:13,ACC84691,4355-XXXX-XXXX-4829,3119.76,USD,Subscription,Unknown,XX,ATM,9978.3,1,2,suspicious,0.729
c710da01-996f-46c0-9612-ef773f567b38,6/12/2026 10:25,ACC47819,4899-XXXX-XXXX-8234,29.97,USD,Healthcare,Delhi,IN,Mobile App,37,0,0,normal,0.183
d958aa9e-ef51-4648-a8a3-a1f832671b63,6/17/2026 13:57,ACC11545,4617-XXXX-XXXX-2633,28.54,USD,Entertainment,Bangalore,IN,ATM,15.4,0,0,normal,0.013
16c1e9f5-a5ab-4499-b955-4f73b2b44d53,8/7/2026 9:10,ACC88765,4798-XXXX-XXXX-3486,42.85,USD,Healthcare,Tokyo,JP,POS,32,0,0,normal,0.065
e0951f1e-bbf1-46f8-a2c9-960f7aeef8fa,6/6/2026 14:10,ACC31870,4993-XXXX-XXXX-1647,11.36,USD,Subscription,New York,US,Mobile App,2.7,0,1,normal,0.217
69a77da2-5647-40bb-a271-9729fcbb8f95,7/28/2026 20:54,ACC28531,4245-XXXX-XXXX-9040,10.07,USD,Electronics,Delhi,IN,Online,31.8,0,0,normal,0.024
35250907-72c9-4cd4-be51-16ca618b3f9d,7/19/2026 10:50,ACC25027,4184-XXXX-XXXX-6286,26.53,USD,Healthcare,Sydney,AU,ATM,31.6,0,0,normal,0.027
a7b398b2-4236-4071-b281-ccd7a879bc0b,5/25/2026 10:17,ACC62208,4614-XXXX-XXXX-2769,17.35,USD,Home Improvement,London,GB,Mobile App,21.4,0,0,normal,0.078
5aad5244-a2e0-45b6-91f6-7c79b7ae2f09,6/16/2026 17:51,ACC98829,4706-XXXX-XXXX-3947,58.56,USD,Travel,Paris,FR,Mobile App,21.9,0,0,normal,0.21
6bf68f4a-a37e-4f04-b1b5-7c02e348af5a,5/30/2026 17:33,ACC66206,4423-XXXX-XXXX-7706,20.98,USD,Electronics,Houston,US,ATM,38.1,0,0,normal,0.174
af5aa967-7a68-4f65-8898-f2332511c5a0,7/4/2026 6:54,ACC66675,4910-XXXX-XXXX-1351,30.35,USD,Entertainment,Berlin,DE,ATM,23,0,0,normal,0.209
fb87f18d-6754-4d1e-b0d2-365b8498fe4e,6/7/2026 11:24,ACC75223,4474-XXXX-XXXX-7512,15.33,USD,Grocery,Bangalore,IN,Mobile App,18,0,1,normal,0.189
142c0c6b-4e42-4cee-97a4-843f073021fe,5/25/2026 13:44,ACC92223,4938-XXXX-XXXX-5263,29.83,USD,Entertainment,Los Angeles,US,Online,37.9,0,0,normal,0.032
a1246b60-1163-44a9-a0de-8940e53a3731,6/2/2026 9:16,ACC96455,4165-XXXX-XXXX-3293,9.73,USD,Home Improvement,Bangalore,IN,Online,5.7,0,0,normal,0.052
cf6a9f4b-08f5-44c4-8e4e-ab38a87dbc44,6/12/2026 12:53,ACC41410,4845-XXXX-XXXX-9538,101.96,USD,Healthcare,Toronto,CA,Online,17.1,0,0,normal,0.124
eb1c99e6-6bee-4c5b-8be2-50b44f42becb,7/11/2026 1:19,ACC77469,4436-XXXX-XXXX-2067,2179.53,USD,Utilities,Paris,FR,Mobile App,28.1,0,1,suspicious,0.983
ae80e6ca-d77c-4015-bcf8-82282da17990,5/12/2026 8:15,ACC65444,4713-XXXX-XXXX-8973,54.86,USD,Grocery,Bangalore,IN,Online,7.6,0,0,normal,0.024
0fa8ade3-55b3-4021-851f-cf1ce17fabde,6/24/2026 21:05,ACC56640,4997-XXXX-XXXX-3122,3.68,USD,Electronics,Singapore,SG,POS,13.3,0,1,normal,0.131
1d109234-3d21-4f1a-b5ad-0f37fdcc7e1a,8/4/2026 6:13,ACC36787,4241-XXXX-XXXX-9313,8.03,USD,Retail,Los Angeles,US,POS,17,0,0,normal,0.049
c2a53900-82a6-4c33-92ea-cef117227b90,5/22/2026 8:11,ACC28350,4912-XXXX-XXXX-9824,10,USD,Travel,Toronto,CA,Online,10.5,0,1,normal,0.028
6c6427e7-4f44-49a7-a28d-7df79e964ac5,7/25/2026 10:00,ACC36829,4474-XXXX-XXXX-3136,22.26,USD,Subscription,Dubai,AE,ATM,38.4,0,0,normal,0.045
d79b9095-9a99-47e3-81cb-0728c7f966bf,5/24/2026 11:43,ACC90822,4110-XXXX-XXXX-1741,110.56,USD,Healthcare,Mumbai,IN,POS,29.5,0,0,normal,0.118
5f7a056b-49e8-4a37-9a83-f2282ec6678a,6/29/2026 10:19,ACC84569,4630-XXXX-XXXX-1477,37.93,USD,Electronics,Los Angeles,US,Online,7.8,0,1,normal,0.231
a81897a4-7317-4b06-a8af-48c11c198eca,6/1/2026 17:16,ACC60343,4744-XXXX-XXXX-9383,30.76,USD,Restaurant,Paris,FR,Online,15.1,0,0,normal,0.194
3236193d-7870-48a2-82f9-d8421a527f9c,7/27/2026 12:07,ACC50713,4410-XXXX-XXXX-3200,22.26,USD,Education,Singapore,SG,Mobile App,24.5,0,0,normal,0.035
f6bb4907-2d19-48d4-be1f-e90c305035f8,8/1/2026 7:22,ACC92502,4702-XXXX-XXXX-1878,20.79,USD,Restaurant,Tokyo,JP,Online,6,0,0,normal,0.083
27c0e1da-28f9-4716-8420-9a0f501e112f,8/2/2026 20:54,ACC39339,4147-XXXX-XXXX-5699,13.65,USD,Gas Station,London,GB,Online,38.5,0,0,normal,0.072
e87d8fa6-fdb8-494b-a635-d1577e106d50,6/28/2026 12:17,ACC26310,4038-XXXX-XXXX-4095,7.95,USD,Pharmacy,Tokyo,JP,POS,5.4,0,2,normal,0.012
3a080aa2-671b-4ad4-9e32-084911d44356,7/18/2026 1:57,ACC45519,4508-XXXX-XXXX-2414,443.24,USD,Travel,Moscow,RU,ATM,4742,1,3,suspicious,0.904
e1200e05-f083-4f6d-baaa-d100c5655e0c,5/26/2026 18:37,ACC62663,4397-XXXX-XXXX-1600,38.45,USD,Grocery,Singapore,SG,POS,1.9,0,0,normal,0.063
1b2929d2-c553-4b99-88a3-738507cc7fb2,5/28/2026 14:29,ACC16569,4156-XXXX-XXXX-2469,15.82,USD,Pharmacy,Delhi,IN,ATM,17.5,0,0,normal,0.122
0caf6c18-64fe-44d9-8698-c78dbf7c80c7,7/6/2026 20:58,ACC38981,4851-XXXX-XXXX-4087,11.87,USD,Gas Station,Bangalore,IN,POS,16.7,0,1,normal,0.038
d5a2ed2a-b499-49d2-8487-c689cdd04d36,6/4/2026 8:15,ACC22300,4550-XXXX-XXXX-8513,36.18,USD,Restaurant,Bangalore,IN,Mobile App,3.8,0,0,normal,0.153
1fc17b9d-7981-496b-98a7-22ffc0c55374,6/18/2026 10:08,ACC16785,4687-XXXX-XXXX-7313,995.77,USD,Insurance,Berlin,DE,Mobile App,29.9,0,2,suspicious,0.717
4f603fab-e2b4-4a83-8ed0-197e71aa2c49,5/19/2026 10:54,ACC15769,4437-XXXX-XXXX-9036,38.07,USD,Utilities,Toronto,CA,Online,5.6,0,1,normal,0.178
18f67438-3f99-49c3-a84f-9baa34d9620d,6/27/2026 12:54,ACC97817,4629-XXXX-XXXX-8500,6.99,USD,Home Improvement,Berlin,DE,Mobile App,17.5,0,0,normal,0.22
a6d1fce0-2dac-44bd-a687-7607c69737fb,6/25/2026 16:04,ACC91982,4141-XXXX-XXXX-6159,10.53,USD,Healthcare,Mumbai,IN,POS,38.3,0,0,normal,0.243
9f0dc96e-37e9-43d0-a900-705b8856056c,7/31/2026 12:31,ACC82034,4533-XXXX-XXXX-3001,97.56,USD,Pharmacy,Houston,US,Mobile App,19.2,0,0,normal,0.097
42978651-8bc3-4fe2-94ab-a6397df48182,5/24/2026 17:14,ACC76086,4137-XXXX-XXXX-9172,20.9,USD,Coffee Shop,Dubai,AE,POS,21.2,0,0,normal,0.234
8417cdbc-c4c4-4bdf-95e6-f34168426834,5/2/2026 17:33,ACC10946,4561-XXXX-XXXX-7121,16.19,USD,Insurance,Mumbai,IN,Online,16.5,0,0,normal,0.105
5f25e43e-684c-4947-aae4-fb98c2aa1564,6/2/2026 12:32,ACC97954,4823-XXXX-XXXX-3935,61.63,USD,Retail,Mumbai,IN,POS,35.4,0,0,normal,0.099
a4d70da3-fd06-420d-8cab-8d28d091c0ad,5/2/2026 14:40,ACC82819,4885-XXXX-XXXX-3734,16.6,USD,Travel,Dubai,AE,ATM,31.7,0,0,normal,0.231
a2e9e9df-1149-4810-90b7-1be1051b0b7b,7/3/2026 20:37,ACC70852,4931-XXXX-XXXX-5951,45.85,USD,Retail,Dubai,AE,ATM,4.7,0,0,normal,0.019
0fc5a45d-d36c-4386-b0a7-cda6b1809929,6/26/2026 9:51,ACC42243,4350-XXXX-XXXX-3953,608.64,USD,Insurance,Delhi,IN,Online,13.3,0,10,suspicious,0.961
5ac2ffe0-2c6d-446b-82dc-29f348435d58,6/16/2026 16:17,ACC15866,4159-XXXX-XXXX-3321,7.24,USD,Education,New York,US,Online,24.9,0,0,normal,0.231
a10b6595-4aa8-4c70-9c85-0f75b79d4e76,6/19/2026 17:35,ACC74044,4650-XXXX-XXXX-7032,49.39,USD,Insurance,Bangalore,IN,POS,26,0,1,normal,0.187
762abacf-6c96-43ea-8781-7905bbb7f727,8/5/2026 18:30,ACC60967,4134-XXXX-XXXX-2797,50.46,USD,Home Improvement,London,GB,POS,31.7,0,0,normal,0.093
e8b98005-f1f3-4db4-ad9c-a8b36754f64a,7/6/2026 7:21,ACC90674,4578-XXXX-XXXX-4093,68.43,USD,Electronics,Tokyo,JP,Online,12,0,0,normal,0.222
2cd79718-a1c7-4e93-bd4c-418e3207ed2c,7/9/2026 11:03,ACC48543,4636-XXXX-XXXX-1510,65.45,USD,Subscription,Singapore,SG,Online,14.7,0,0,normal,0.046
803435c7-0ed4-4f8a-97ff-76dbddf00d46,5/17/2026 7:06,ACC13018,4600-XXXX-XXXX-8856,41.75,USD,Entertainment,Los Angeles,US,Mobile App,27.7,0,0,normal,0.152
c6a49ec2-978e-4030-80d7-f870900e4d1d,6/24/2026 17:49,ACC90809,4506-XXXX-XXXX-1857,19.55,USD,Subscription,Dubai,AE,Mobile App,28,0,0,normal,0.066
aa2dcd52-194d-4a80-9312-5239893164c1,5/15/2026 8:47,ACC92067,4988-XXXX-XXXX-8549,30.42,USD,Restaurant,Houston,US,Mobile App,31.4,0,0,normal,0.039
2495b4d0-baf9-4af0-a0b3-c9dbd2178068,7/7/2026 14:32,ACC25974,4587-XXXX-XXXX-9899,45.96,USD,Education,London,GB,ATM,35.8,0,0,normal,0.093
639d54e1-5238-4f7f-a199-44a9ae707464,6/8/2026 8:46,ACC75771,4935-XXXX-XXXX-5465,61.35,USD,Electronics,Chicago,US,Online,10.3,0,1,normal,0.126
ac31681a-75a7-441e-9b51-9112a321a622,5/15/2026 13:57,ACC23793,4843-XXXX-XXXX-6678,2.5,USD,Insurance,Sydney,AU,Mobile App,14.9,0,1,normal,0.021
da7b0e01-0aaa-4a62-9454-00d552f83701,6/13/2026 10:36,ACC90488,4042-XXXX-XXXX-8141,27.15,USD,Subscription,Sydney,AU,Online,39.4,0,0,normal,0.046
8423f9e5-8365-4eaf-8792-49cbd1289a71,7/15/2026 10:55,ACC88287,4228-XXXX-XXXX-8161,37.45,USD,Pharmacy,Dubai,AE,Mobile App,6.8,0,1,normal,0.206
7d0d858a-b1eb-4eac-971b-6c3dabd65fcb,5/13/2026 9:19,ACC61758,4212-XXXX-XXXX-7901,31.67,USD,Travel,Paris,FR,Mobile App,9.9,0,2,normal,0.165
7b4f1906-bf1e-4c1c-a054-79198183cb05,7/18/2026 2:35,ACC19306,4383-XXXX-XXXX-4261,17.71,USD,Retail,Bangalore,IN,POS,2.7,0,0,normal,0.184
3f83cc94-bae4-4868-90fc-e473c3bac193,7/29/2026 14:05,ACC20566,4669-XXXX-XXXX-1519,6.43,USD,Home Improvement,Bangalore,IN,POS,16.2,0,0,normal,0.124
d8a5e3ef-30ad-486e-aeb6-1b40056da77b,7/18/2026 17:15,ACC91560,4546-XXXX-XXXX-1441,23.16,USD,Healthcare,Berlin,DE,ATM,23.7,0,0,normal,0.03
56d62396-b1f4-4489-8814-93b9161801de,6/22/2026 7:52,ACC28333,4362-XXXX-XXXX-8110,37.73,USD,Coffee Shop,Singapore,SG,POS,14.4,0,1,normal,0.058
e70d60eb-fde4-4dd6-a42b-c6aa80a395c0,5/30/2026 19:01,ACC52084,4882-XXXX-XXXX-2377,60.07,USD,Grocery,Sydney,AU,Mobile App,33.7,0,0,normal,0.04
fd1a3599-998b-4de0-a809-0b2d77febdc1,6/27/2026 10:29,ACC85850,4372-XXXX-XXXX-6715,12.03,USD,Coffee Shop,Chicago,US,ATM,33.2,0,0,normal,0.051
74fac3d6-d5a7-4b97-b39e-531a702bde63,6/25/2026 1:27,ACC50862,4120-XXXX-XXXX-9840,40.11,USD,Retail,New York,US,Mobile App,39.4,0,2,normal,0.07
e7fba988-6458-413b-bf75-733dd9d160f6,5/16/2026 19:51,ACC93320,4854-XXXX-XXXX-6977,10.45,USD,Healthcare,Mumbai,IN,Online,14.8,0,0,normal,0.074
562685a3-eadf-493f-a1e2-8ac9267c4a83,7/20/2026 21:09,ACC35234,4478-XXXX-XXXX-1637,577.85,USD,Coffee Shop,New York,US,Online,14.1,0,6,suspicious,0.759
a1dfc4b7-79b6-40a9-b90b-f69cd670240d,5/30/2026 8:56,ACC93196,4108-XXXX-XXXX-5784,91.64,USD,Gas Station,Paris,FR,Mobile App,39.9,0,0,normal,0.248
f3259256-143a-4c76-9543-b1aebd145bbf,8/7/2026 9:28,ACC53783,4817-XXXX-XXXX-8541,17.11,USD,Electronics,New York,US,Mobile App,24.9,0,0,normal,0.022
4c33b7e1-f38f-420a-8dcf-2449e6e51953,6/1/2026 13:47,ACC20271,4873-XXXX-XXXX-6144,12.84,USD,Entertainment,Chicago,US,Mobile App,36.6,0,0,normal,0.144
21816eae-ae53-4432-85bf-5a82c08b0842,7/8/2026 23:09,ACC49650,4404-XXXX-XXXX-7076,9.02,USD,Entertainment,London,GB,Online,38.7,0,0,normal,0.149
2bd12e91-6840-4edb-a0f2-28bf6fad13a4,5/16/2026 13:29,ACC19963,4348-XXXX-XXXX-7499,7.21,USD,Utilities,Paris,FR,Mobile App,1.2,0,0,normal,0.248
f8a8f6a8-090c-45e6-935d-182048d18141,8/6/2026 8:16,ACC46113,4623-XXXX-XXXX-4255,7.74,USD,Pharmacy,Tokyo,JP,ATM,6.9,0,1,normal,0.211
56f3fb5b-8139-4033-ac09-828ec6f83351,6/20/2026 8:51,ACC35329,4713-XXXX-XXXX-5737,17.92,USD,Restaurant,Chicago,US,Mobile App,1.1,0,0,normal,0.106
1f692e3d-3e04-4dd9-a324-ee28c1e5d0fb,6/24/2026 10:29,ACC36422,4772-XXXX-XXXX-5198,25.03,USD,Utilities,Berlin,DE,Mobile App,7.8,0,1,normal,0.104
9cc67142-d35d-4d5b-995f-1482df975ec2,6/14/2026 16:12,ACC14886,4519-XXXX-XXXX-8121,2350.05,USD,Restaurant,Unknown,XX,Online,8510.6,1,1,suspicious,0.914
43e47276-577e-4094-af18-b0695bb144aa,7/24/2026 3:32,ACC27046,4338-XXXX-XXXX-1912,9159.42,USD,Insurance,London,GB,Online,17.8,0,3,suspicious,0.983
5c40566d-41ae-47f7-a44f-71679f37f6ef,5/25/2026 10:02,ACC77286,4150-XXXX-XXXX-8167,9.46,USD,Insurance,Tokyo,JP,POS,37.9,0,0,normal,0.118
32a15c95-4b77-4cad-8314-64a4ff46cef8,6/12/2026 9:53,ACC98129,4135-XXXX-XXXX-3913,70.54,USD,Travel,Paris,FR,Mobile App,28.4,0,1,normal,0.145
e12ffbf0-bd38-48ef-a749-c5d2bd0ccb0c,5/21/2026 6:26,ACC73728,4286-XXXX-XXXX-2285,2.5,USD,Education,Toronto,CA,Online,36.5,0,1,normal,0.135
23d8ad0b-1f8e-4a58-858c-3a0ddcf6504a,7/19/2026 10:54,ACC90354,4911-XXXX-XXXX-3281,17.38,USD,Travel,Toronto,CA,Mobile App,7.6,0,0,normal,0.181
5ed0909b-8816-4ec0-aa28-e011b3c9aca9,5/25/2026 12:22,ACC40945,4824-XXXX-XXXX-9737,47.88,USD,Travel,Singapore,SG,Online,14,0,0,normal,0.198
b8be6092-bb05-4b18-a6f5-67da27257e17,7/20/2026 7:54,ACC27460,4764-XXXX-XXXX-7401,15.11,USD,Grocery,Sydney,AU,POS,14.9,0,0,normal,0.013
20f8cdd6-51cf-4aab-a755-bc9f4e32d695,6/11/2026 12:23,ACC76782,4170-XXXX-XXXX-9851,38.03,USD,Coffee Shop,Singapore,SG,ATM,20,0,1,normal,0.031
cc81b2c5-aeb3-4232-a892-c5a1deb4b505,6/30/2026 21:13,ACC58213,4694-XXXX-XXXX-8218,18.35,USD,Insurance,Houston,US,ATM,30.8,0,1,normal,0.131
2539449f-515d-41f8-b3c3-24047c2864ab,7/23/2026 4:30,ACC87612,4521-XXXX-XXXX-5024,8.92,USD,Education,Dubai,AE,Online,1.1,0,0,normal,0.116
5680126d-4e08-4a25-a70c-56069139110d,7/28/2026 12:35,ACC46608,4967-XXXX-XXXX-2587,4.06,USD,Coffee Shop,Berlin,DE,Online,11.9,0,0,normal,0.145
698d8a94-5a56-4ea9-bc9f-7158f6fcb1de,7/12/2026 16:09,ACC27574,4863-XXXX-XXXX-2572,14.41,USD,Subscription,Berlin,DE,POS,23.7,0,0,normal,0.143
ba19d78a-cf78-460c-b24c-41f4688d1641,5/16/2026 15:03,ACC91233,4643-XXXX-XXXX-4401,10.27,USD,Grocery,London,GB,POS,7.4,0,0,normal,0.094
7b21cd0c-5e91-43ec-bc80-b28b45a35d82,8/4/2026 13:56,ACC35320,4810-XXXX-XXXX-5525,12.73,USD,Education,Toronto,CA,Online,14.6,0,1,normal,0.124
7a4f23a6-3fed-43d3-985a-e5d982006654,7/16/2026 8:27,ACC32553,4308-XXXX-XXXX-6038,33.32,USD,Grocery,London,GB,POS,7.4,0,1,normal,0.115
715ca4fb-3fe1-4489-a995-1bf8e3491597,5/22/2026 21:58,ACC23352,4843-XXXX-XXXX-1687,53.71,USD,Insurance,London,GB,POS,6.7,0,0,normal,0.059
fe2c728c-6e0b-4a67-bda8-dfda38068890,8/7/2026 12:52,ACC51984,4526-XXXX-XXXX-2349,9.95,USD,Grocery,Toronto,CA,POS,6.7,0,2,normal,0.139
f0b6d3c2-4413-4d37-9342-4da1668452c3,7/19/2026 9:10,ACC98270,4219-XXXX-XXXX-3824,131.17,USD,Gas Station,Sydney,AU,ATM,4,0,0,normal,0.159
3a9f3e5e-e36c-4059-a787-411040a13baf,7/2/2026 20:05,ACC44995,4976-XXXX-XXXX-6400,15.13,USD,Grocery,London,GB,Mobile App,23.3,0,0,normal,0.073
098bb909-67f5-4205-b177-a5f2961b45e3,7/11/2026 9:47,ACC61435,4042-XXXX-XXXX-1811,47.22,USD,Restaurant,London,GB,ATM,1.7,0,1,normal,0.121
a5eff38b-7b8e-4f7e-afa3-acb4e3ca66f6,7/20/2026 13:28,ACC72847,4807-XXXX-XXXX-4695,16.98,USD,Subscription,Chicago,US,Online,18.1,0,1,normal,0.018
53e04960-1445-428e-98a7-c95b581c6991,8/2/2026 7:54,ACC48696,4022-XXXX-XXXX-7484,31.85,USD,Subscription,Bangalore,IN,Mobile App,0.3,0,1,normal,0.197
15ffd3f5-fd25-476b-9e4f-1edcf62a081d,5/21/2026 0:25,ACC11161,4103-XXXX-XXXX-8058,43.57,USD,Education,Delhi,IN,ATM,7.9,0,0,normal,0.226
19543b87-2759-4c53-ae7f-d831ef294ec5,5/13/2026 18:08,ACC87735,4126-XXXX-XXXX-1871,22.4,USD,Grocery,Mumbai,IN,ATM,12.2,0,0,normal,0.168
4eac53b4-1d54-4528-a447-aa031709bdcf,6/25/2026 13:58,ACC77083,4788-XXXX-XXXX-7646,38.78,USD,Coffee Shop,Berlin,DE,Online,7.4,0,0,normal,0.203
fe88f5cf-8b38-4d43-80e1-2189828be088,8/3/2026 15:02,ACC47858,4143-XXXX-XXXX-4065,13.39,USD,Home Improvement,Chicago,US,Mobile App,33.7,0,0,normal,0.218
b3bd3ed5-d796-4344-ac64-8fa25249a56b,7/9/2026 5:00,ACC77353,4198-XXXX-XXXX-4002,50.3,USD,Pharmacy,Dubai,AE,POS,24,0,0,normal,0.087
4e22e8be-294a-4045-8b9b-f66ffd789651,6/28/2026 11:52,ACC19872,4860-XXXX-XXXX-9779,6.94,USD,Subscription,Chicago,US,Online,11.5,0,0,normal,0.249
da424cd1-57e6-4f50-adb8-ebc83271883c,7/2/2026 9:37,ACC48202,4653-XXXX-XXXX-5047,28.58,USD,Coffee Shop,Toronto,CA,Online,23.9,0,0,normal,0.091
e4bb0a30-655b-472c-908e-99ef7374e612,6/24/2026 6:44,ACC33555,4639-XXXX-XXXX-1828,106.73,USD,Electronics,Delhi,IN,Online,2,0,0,normal,0.063
c5005945-58a2-4924-a5bb-f1d6c97c67aa,5/24/2026 18:23,ACC45519,4794-XXXX-XXXX-1575,8.42,USD,Insurance,Bangalore,IN,Online,12.2,0,0,normal,0.131
f9c1b96f-9bdd-42ec-8ab5-7d0b3efaed1d,6/27/2026 18:40,ACC11264,4222-XXXX-XXXX-4237,6.89,USD,Subscription,Dubai,AE,Mobile App,1.9,0,1,normal,0.205
2d42b51b-5e28-485c-abee-b841a4d0df3f,5/7/2026 8:27,ACC38859,4275-XXXX-XXXX-9916,44.83,USD,Healthcare,Singapore,SG,POS,2.9,0,2,normal,0.184
d0435c74-9647-4831-b5e6-31a1712a6ab5,5/1/2026 12:39,ACC76088,4034-XXXX-XXXX-7974,6.41,USD,Grocery,Chicago,US,ATM,19.2,0,1,normal,0.207
c6ae0a4f-d2b6-40c6-abe1-e99646d37b3b,7/26/2026 5:25,ACC70076,4283-XXXX-XXXX-1149,18.9,USD,Education,Berlin,DE,Online,14.3,0,1,normal,0.131
5f6d5e74-8d99-4820-b98c-63fcc223ef03,5/9/2026 17:16,ACC74961,4145-XXXX-XXXX-4041,137.23,USD,Coffee Shop,Bangalore,IN,POS,1,0,1,normal,0.086
f0bab50b-9116-445b-a826-eddafb76a02e,5/1/2026 18:45,ACC55251,4131-XXXX-XXXX-9135,53.11,USD,Retail,Paris,FR,POS,31.1,0,0,normal,0.119
da6c040a-0921-49b5-82aa-2ae8f299bda9,5/22/2026 19:53,ACC11246,4062-XXXX-XXXX-5359,22.3,USD,Gas Station,Dubai,AE,POS,26.6,0,1,normal,0.02
d677ef06-acd1-468f-9711-25af41327066,7/20/2026 8:38,ACC69782,4099-XXXX-XXXX-1742,40.43,USD,Restaurant,London,GB,ATM,25.2,0,0,normal,0.082
71f67b30-3247-4efc-b0ec-70b9f5fe7dc0,6/23/2026 20:55,ACC54952,4819-XXXX-XXXX-7111,7.5,USD,Home Improvement,London,GB,Mobile App,0.1,0,0,normal,0.208
986d71b2-b470-43fc-b884-51f7d9881098,5/18/2026 11:11,ACC99270,4620-XXXX-XXXX-2079,67.14,USD,Insurance,Paris,FR,Mobile App,29.1,0,0,normal,0.096
5cb5c681-c7a5-4ce0-a49b-4544c6c01386,7/21/2026 5:33,ACC86905,4117-XXXX-XXXX-2353,7.33,USD,Restaurant,Houston,US,Mobile App,1.5,0,1,normal,0.021
a05deb75-8062-4459-ba92-df745afeb731,5/27/2026 18:00,ACC80985,4949-XXXX-XXXX-3897,14.65,USD,Grocery,Sydney,AU,POS,14.4,0,0,normal,0.052
4d61a240-5dae-42ae-a061-d5a6e1f3244e,5/16/2026 17:01,ACC23792,4255-XXXX-XXXX-4706,6.6,USD,Home Improvement,Berlin,DE,Mobile App,7.4,0,0,normal,0.089
13e47898-54f1-4445-821b-a1957700d75d,6/3/2026 18:50,ACC12285,4977-XXXX-XXXX-3627,16.56,USD,Healthcare,Houston,US,POS,22.8,0,0,normal,0.244
a14fcdfd-1324-42c1-bd09-fbc68d6bca94,6/26/2026 11:06,ACC85803,4294-XXXX-XXXX-5413,85.02,USD,Subscription,Houston,US,Online,24.7,0,1,normal,0.18
8cb2ca92-65e9-4930-a7d2-c43b85f2dd56,5/26/2026 12:40,ACC46659,4180-XXXX-XXXX-5194,10.72,USD,Travel,Paris,FR,POS,21.5,0,2,normal,0.197
d55f2c8c-fa59-4d49-9243-43163c627a0f,6/12/2026 10:43,ACC59034,4260-XXXX-XXXX-2388,19.59,USD,Education,Bangalore,IN,Online,30.1,0,0,normal,0.135
1b37e75e-e9d5-4ee9-9abd-def096f945cc,7/12/2026 18:39,ACC63845,4362-XXXX-XXXX-7929,32.74,USD,Electronics,Paris,FR,POS,38.7,0,0,normal,0.094
ad5ed031-b9d5-454a-9321-4ca097eda9b6,6/15/2026 16:34,ACC16057,4250-XXXX-XXXX-8784,42.74,USD,Retail,Tokyo,JP,POS,18.2,0,1,normal,0.148
78b1a3bd-0c38-4865-9373-7d4d74acf745,6/30/2026 4:43,ACC30623,4709-XXXX-XXXX-5579,280.14,USD,Electronics,Mumbai,IN,Online,34.9,0,5,suspicious,0.733
954245f3-2406-4810-854c-9ef3c5701c60,6/3/2026 6:52,ACC75230,4934-XXXX-XXXX-3344,13.84,USD,Healthcare,Chicago,US,Online,18.4,0,0,normal,0.071
b9bab7fa-4ef5-4c80-a8af-37cfedc79019,7/3/2026 18:33,ACC43171,4342-XXXX-XXXX-9551,31.39,USD,Subscription,Houston,US,ATM,36,0,0,normal,0.013
5774663e-fc36-463a-96f4-237de8f74062,5/9/2026 18:09,ACC81176,4484-XXXX-XXXX-5150,217.81,USD,Education,Houston,US,POS,30.1,0,0,normal,0.096
e84a7998-c48b-4e73-93b3-63469e8fb920,6/2/2026 16:21,ACC35348,4557-XXXX-XXXX-7488,56.32,USD,Grocery,Paris,FR,Online,34.9,0,0,normal,0.162
44c9c8d5-ef2c-4546-ab7b-9374adf24dc4,5/25/2026 1:59,ACC80062,4678-XXXX-XXXX-2671,5789,USD,Subscription,Mumbai,IN,ATM,14.2,0,2,suspicious,0.988
fcf48e84-c461-4177-847f-7bab7e997a6d,5/28/2026 12:54,ACC40997,4504-XXXX-XXXX-9333,9.05,USD,Utilities,Delhi,IN,ATM,38,0,0,normal,0.086
518adca0-8939-428e-a83b-3817b2371108,5/9/2026 8:50,ACC11231,4980-XXXX-XXXX-2742,29.95,USD,Insurance,Tokyo,JP,Mobile App,34.1,0,0,normal,0.043
368b0136-29e1-43bb-87f4-4c7004b0e03a,7/2/2026 5:23,ACC22388,4441-XXXX-XXXX-5512,17.65,USD,Healthcare,Sydney,AU,Mobile App,39.8,0,0,normal,0.059
fbd5ff28-c8b4-478c-8ddd-c9768d9aecdf,5/27/2026 19:24,ACC37742,4465-XXXX-XXXX-6355,8.02,USD,Gas Station,Bangalore,IN,Mobile App,30.4,0,0,normal,0.19
5379ca96-5e43-420f-adae-a54847562fb0,5/2/2026 16:02,ACC53420,4579-XXXX-XXXX-2562,24.52,USD,Restaurant,Berlin,DE,POS,9.2,0,1,normal,0.176
b2706ecb-2c23-4728-8567-b40b070e51b5,5/11/2026 7:31,ACC14455,4121-XXXX-XXXX-4946,34.09,USD,Coffee Shop,Dubai,AE,ATM,19.5,0,0,normal,0.239
a771c9cf-8592-4800-ad62-4d84e8539984,7/1/2026 8:51,ACC67165,4487-XXXX-XXXX-9357,56.98,USD,Coffee Shop,Mumbai,IN,Mobile App,19.6,0,0,normal,0.113
0f708bc8-04cb-4bfb-8ae7-7c7a88b13b5a,5/12/2026 18:02,ACC60002,4910-XXXX-XXXX-1728,23.25,USD,Insurance,Chicago,US,Mobile App,4.5,0,0,normal,0.111
7a178dd0-6442-4d2b-8344-a1be1aeb720c,7/25/2026 8:50,ACC76294,4893-XXXX-XXXX-2050,23.2,USD,Entertainment,Toronto,CA,Online,6.2,0,0,normal,0.203
83ac78ef-372c-42e1-b0f0-3ab2329dc177,7/10/2026 12:48,ACC40356,4629-XXXX-XXXX-2226,30.92,USD,Gas Station,New York,US,POS,29.5,0,0,normal,0.063
1544d374-9a9c-4291-bb37-d5955f7fb3b0,5/31/2026 10:39,ACC29277,4699-XXXX-XXXX-2879,970.47,USD,Entertainment,London,GB,ATM,4.3,0,1,suspicious,0.973
0281bda4-79c4-40a5-b6d3-127214a84624,7/13/2026 16:11,ACC11035,4162-XXXX-XXXX-7904,113.27,USD,Education,Sydney,AU,ATM,13.4,0,0,normal,0.034
1e060201-192c-4e3a-a5d4-b3f703f6e2f9,7/17/2026 7:05,ACC62742,4291-XXXX-XXXX-3525,11.74,USD,Healthcare,Singapore,SG,POS,11.9,0,1,normal,0.187
d066cdfe-91bf-4467-a9d7-1b9b16d6dcb1,6/17/2026 8:58,ACC68149,4051-XXXX-XXXX-3131,31.96,USD,Pharmacy,Sydney,AU,POS,18.8,0,0,normal,0.035
80d0a128-5ef0-429d-b453-f4e9476b28ac,6/11/2026 0:11,ACC33345,4039-XXXX-XXXX-7851,23.64,USD,Restaurant,Paris,FR,Mobile App,24.5,0,0,normal,0.066
4fe3535b-ba21-4aeb-9c55-ae3670da551f,5/16/2026 17:32,ACC66858,4547-XXXX-XXXX-1293,7.86,USD,Travel,Chicago,US,POS,15.8,0,0,normal,0.167
37bb693d-f24c-466a-9798-c05a49ced394,5/13/2026 14:00,ACC12593,4415-XXXX-XXXX-8901,95.95,USD,Utilities,Paris,FR,ATM,15.4,0,0,normal,0.111
c0a79357-fbda-4d6e-8da8-26a58dac731d,6/24/2026 11:49,ACC25118,4898-XXXX-XXXX-5279,61.57,USD,Electronics,Singapore,SG,Online,23.2,0,2,normal,0.019
d6a6a2b2-2063-4edb-97fb-54a3baa19996,6/18/2026 12:06,ACC47176,4695-XXXX-XXXX-4933,83.27,USD,Education,Los Angeles,US,Online,0.9,0,0,normal,0.236
565a773b-96b7-44f3-8147-221828dd4b8e,5/17/2026 10:37,ACC10716,4726-XXXX-XXXX-1116,26.87,USD,Education,Tokyo,JP,POS,20.8,0,0,normal,0.059
9b446544-33c1-43d2-986e-6fdaaaa663c6,5/13/2026 10:08,ACC93831,4523-XXXX-XXXX-1992,18.79,USD,Insurance,Sydney,AU,ATM,16.7,0,0,normal,0.123
f291d36e-92b5-4868-9d39-72a268698214,7/19/2026 17:26,ACC51553,4657-XXXX-XXXX-2215,28,USD,Healthcare,Toronto,CA,ATM,18.6,0,0,normal,0.041
319bc575-d0a6-4524-bc5e-fcaa31968acd,6/21/2026 17:12,ACC80932,4033-XXXX-XXXX-6876,42.59,USD,Gas Station,Houston,US,ATM,4.1,0,1,normal,0.187
82a707ce-80ad-4215-8fa3-02529d47eda8,5/1/2026 8:32,ACC81402,4681-XXXX-XXXX-8131,22.66,USD,Electronics,New York,US,ATM,16,0,0,normal,0.152
63ec36a7-1327-45ff-bb43-c0f6b99eaa43,5/9/2026 14:08,ACC37252,4246-XXXX-XXXX-7720,30.08,USD,Grocery,Paris,FR,ATM,24.7,0,1,normal,0.014
6a724f6d-2dc9-47f8-82a8-6d52a9b5ae77,6/5/2026 18:37,ACC60222,4243-XXXX-XXXX-8211,47.69,USD,Healthcare,London,GB,Online,8.4,0,1,normal,0.093
bd17c302-b0be-4e02-9b7d-1b644dd559d9,8/3/2026 16:30,ACC90440,4805-XXXX-XXXX-6846,50.92,USD,Gas Station,Bangalore,IN,Online,26.6,0,1,normal,0.101
36255d9d-1538-49e1-87da-df9d3176020f,7/14/2026 15:40,ACC69754,4265-XXXX-XXXX-7527,18.54,USD,Insurance,New York,US,ATM,0.8,0,1,normal,0.174
68ae2b1c-1700-4018-94ec-e91f811ae12e,5/27/2026 2:28,ACC92944,4830-XXXX-XXXX-9179,6902.22,USD,Electronics,Bangalore,IN,Online,37,0,1,suspicious,0.771
0ba7e876-bbbd-472b-8597-ba6cb548e529,7/19/2026 3:16,ACC28785,4469-XXXX-XXXX-2419,11.49,USD,Restaurant,Bangalore,IN,POS,3.6,0,1,normal,0.228
f8e3ad45-48b5-4bcc-a407-9df38515e4db,5/29/2026 11:20,ACC94593,4990-XXXX-XXXX-1570,18.26,USD,Home Improvement,Singapore,SG,POS,27.6,0,1,normal,0.068
6dc98f49-ec47-4bee-92b6-0dd35c21966d,5/18/2026 3:52,ACC49725,4679-XXXX-XXXX-6125,6295.46,USD,Education,Dubai,AE,POS,29.6,0,2,suspicious,0.759
7e16de17-534f-41e5-8cee-34cf4baf5fbe,7/4/2026 9:53,ACC30377,4502-XXXX-XXXX-9283,14.44,USD,Electronics,Dubai,AE,ATM,34.2,0,0,normal,0.123
2b9b6b02-eccf-4d25-b8c0-024481148823,7/7/2026 12:16,ACC66118,4426-XXXX-XXXX-1956,10.61,USD,Education,Toronto,CA,Mobile App,34.6,0,0,normal,0.11
5cacec78-8bfc-4dfe-bb52-e83e1fa357c2,7/25/2026 3:55,ACC36803,4343-XXXX-XXXX-5031,96.51,USD,Entertainment,Berlin,DE,Online,6,0,0,normal,0.04
110d8ba2-abca-46a2-aceb-1be96a207d96,7/24/2026 17:42,ACC62153,4493-XXXX-XXXX-3053,5.41,USD,Coffee Shop,Delhi,IN,Online,14.5,0,1,normal,0.217
d5b6564c-1f03-484c-92fc-83dae98d4000,8/5/2026 22:51,ACC44359,4569-XXXX-XXXX-9802,32.22,USD,Pharmacy,Toronto,CA,POS,15.6,0,2,normal,0.19
eb9e79ae-bc50-48db-84eb-c6104f569124,5/1/2026 3:08,ACC91590,4488-XXXX-XXXX-8868,2602.48,USD,Travel,Mumbai,IN,Online,21.4,0,3,suspicious,0.808
e95aa515-16d8-4f08-92ff-10d37abf00bd,8/6/2026 7:11,ACC69301,4888-XXXX-XXXX-9412,12.4,USD,Gas Station,Chicago,US,Online,31.2,0,0,normal,0.077
5271c6c4-3688-4792-9d51-007993e4e854,7/26/2026 8:02,ACC31510,4653-XXXX-XXXX-7963,20.25,USD,Home Improvement,Mumbai,IN,POS,5.9,0,0,normal,0.05
c343dded-b756-4845-9bf1-8a0f2d2ca4e1,5/16/2026 10:10,ACC98932,4652-XXXX-XXXX-7328,23.01,USD,Grocery,Dubai,AE,ATM,16,0,1,normal,0.224
57cd64e7-d55d-46de-9f07-fd40a80c8bbc,5/28/2026 15:00,ACC44340,4916-XXXX-XXXX-3959,12.44,USD,Entertainment,Dubai,AE,POS,3.1,0,1,normal,0.229
b02ffa5a-0e2d-44b0-bb35-1c3178b68ff9,7/1/2026 1:04,ACC51472,4116-XXXX-XXXX-7658,22.76,USD,Education,Delhi,IN,Mobile App,20.8,0,0,normal,0.118
a1a833f2-afdd-452b-9700-6ef8bd2723ff,7/19/2026 12:45,ACC19012,4398-XXXX-XXXX-4382,9.17,USD,Restaurant,Tokyo,JP,Online,34.8,0,0,normal,0.206
e9ae50e1-e526-433d-95ae-55485f2c227b,5/19/2026 9:40,ACC68278,4256-XXXX-XXXX-4924,173.72,USD,Entertainment,Chicago,US,ATM,23.9,0,0,normal,0.205
b096f6e6-ef4f-49ef-aae9-4ab93ebc2dd4,5/29/2026 8:38,ACC28191,4777-XXXX-XXXX-8685,83.23,USD,Pharmacy,Delhi,IN,ATM,24.6,0,1,normal,0.015
326b0073-ac46-4813-84a3-c939e8ab63d0,8/1/2026 13:35,ACC55015,4731-XXXX-XXXX-2381,16.38,USD,Grocery,Sydney,AU,Online,1.6,0,1,normal,0.248
332c6e68-1fab-4875-881d-1afe38de9473,5/14/2026 12:08,ACC82096,4397-XXXX-XXXX-5764,8.29,USD,Home Improvement,Delhi,IN,ATM,28.5,0,0,normal,0.17
dc9489e9-26b3-40e1-9e1e-be8b23b4653f,7/7/2026 11:14,ACC35496,4465-XXXX-XXXX-7618,10.21,USD,Healthcare,Mumbai,IN,POS,10.4,0,0,normal,0.036
fb7aab15-b470-4e3c-b696-511eb4afc589,7/28/2026 12:48,ACC61445,4054-XXXX-XXXX-3976,33.35,USD,Entertainment,Singapore,SG,ATM,38.4,0,0,normal,0.052
dee43fb7-25ef-47a3-a5f0-628a2966fb79,5/27/2026 9:26,ACC80120,4756-XXXX-XXXX-2189,6.54,USD,Healthcare,Sydney,AU,POS,27.2,0,2,normal,0.116
bb1b7f1a-4155-467b-8882-9e271b3ceb25,5/24/2026 17:38,ACC35450,4493-XXXX-XXXX-6173,15.53,USD,Utilities,Mumbai,IN,ATM,3.9,0,0,normal,0.128
72118c9c-75f0-4db4-9cc5-c5818df8278d,8/5/2026 15:05,ACC73627,4359-XXXX-XXXX-6521,19.18,USD,Insurance,Sydney,AU,ATM,35.8,0,1,normal,0.24
2a67e57a-1d54-4804-ab5f-e09149f50d61,5/27/2026 19:26,ACC31206,4102-XXXX-XXXX-4513,11.43,USD,Entertainment,Bangalore,IN,ATM,31.4,0,1,normal,0.157
a4cea780-41a7-4a6d-bbfd-2923511dafef,6/27/2026 11:08,ACC91764,4827-XXXX-XXXX-5342,19.87,USD,Home Improvement,Bangalore,IN,Mobile App,38.7,0,1,normal,0.055
e62943bc-4e2a-4ef3-8567-3303a9a30979,5/26/2026 0:20,ACC53866,4190-XXXX-XXXX-1732,347.2,USD,Restaurant,Singapore,SG,Online,5.8,0,9,suspicious,0.763
ad4fb26e-0035-42b9-8569-66178bdc493e,7/26/2026 15:39,ACC18311,4091-XXXX-XXXX-5913,18.03,USD,Restaurant,Singapore,SG,POS,8.6,0,1,normal,0.151
8670a9f4-8249-428d-94d9-6d498c9068ed,7/14/2026 10:47,ACC25997,4547-XXXX-XXXX-4872,7.94,USD,Home Improvement,Toronto,CA,ATM,15.5,0,1,normal,0.104
9957e2cc-6c1c-4185-8730-647d3c30dfe4,7/23/2026 20:06,ACC17019,4103-XXXX-XXXX-6424,32.88,USD,Gas Station,New York,US,Online,39,0,0,normal,0.143
cf675a2e-7586-494c-89e3-4ad91bedcb97,5/31/2026 6:51,ACC78719,4900-XXXX-XXXX-1474,24.83,USD,Home Improvement,Toronto,CA,Online,7.7,0,1,normal,0.211
005fa7ea-3027-41ab-8ddb-a2a2079cf467,6/25/2026 12:46,ACC25180,4180-XXXX-XXXX-8614,11.04,USD,Coffee Shop,Dubai,AE,Mobile App,26.4,0,0,normal,0.106
b4d28799-5043-4f16-9353-8f35a315b2ef,7/12/2026 16:56,ACC74463,4109-XXXX-XXXX-7929,21.54,USD,Coffee Shop,Tokyo,JP,Online,2.3,0,0,normal,0.158
dd15257f-fdd0-44f7-b7a2-6c1421c26a3b,7/15/2026 12:05,ACC21165,4582-XXXX-XXXX-8700,25.7,USD,Insurance,Delhi,IN,ATM,17.5,0,0,normal,0.181
789b4ee0-143f-4d0e-b5b4-82161d4b1b82,5/25/2026 9:12,ACC49446,4415-XXXX-XXXX-9977,123.66,USD,Entertainment,Toronto,CA,POS,12.2,0,0,normal,0.199
6b64ffdc-c89d-4cc5-80ee-6c652eaa4c94,8/2/2026 13:15,ACC42177,4850-XXXX-XXXX-2419,39.95,USD,Healthcare,Mumbai,IN,Mobile App,35.3,0,0,normal,0.122
ffc87a86-9715-401d-af46-2988a851a34b,5/12/2026 12:41,ACC87438,4022-XXXX-XXXX-7755,86.45,USD,Home Improvement,Sydney,AU,Online,5.2,0,1,normal,0.137
2d365d66-7cfc-4a4b-b042-ff9b0395a96b,7/5/2026 13:12,ACC89450,4062-XXXX-XXXX-1969,25.47,USD,Restaurant,Los Angeles,US,Mobile App,3.8,0,0,normal,0.246
ef70d055-dee2-4741-8476-02ef0db366ce,6/23/2026 14:13,ACC81499,4816-XXXX-XXXX-5346,3.55,USD,Restaurant,Berlin,DE,POS,29.1,0,2,normal,0.218
11c5dfad-d941-431e-ae2e-483830777408,6/24/2026 6:14,ACC40508,4997-XXXX-XXXX-3615,29.81,USD,Coffee Shop,Dubai,AE,POS,9.9,0,0,normal,0.138
13c06247-08db-4509-89b4-c0675746f692,6/12/2026 8:16,ACC63300,4875-XXXX-XXXX-1569,17.24,USD,Entertainment,London,GB,POS,38.2,0,1,normal,0.157
41e45f5b-9dc2-415f-bc54-9d6f15b62455,6/5/2026 18:48,ACC63422,4115-XXXX-XXXX-6149,19.27,USD,Subscription,Los Angeles,US,POS,18.6,0,0,normal,0.129
0ed2a02e-4d4a-47bb-8ef3-34cca713fcd6,7/2/2026 18:44,ACC68547,4186-XXXX-XXXX-2848,29.78,USD,Utilities,Chicago,US,Online,0.5,0,1,normal,0.076
2da9b89e-cc42-4fb4-8789-4418522b3093,5/29/2026 6:17,ACC52622,4390-XXXX-XXXX-9692,38.97,USD,Pharmacy,Delhi,IN,Mobile App,18.1,0,0,normal,0.034
72f4c1d1-56a0-41b1-a51c-6ee121ff2337,5/15/2026 9:03,ACC15326,4438-XXXX-XXXX-5572,37.05,USD,Gas Station,Chicago,US,Mobile App,5.2,0,0,normal,0.071
ca845f90-7307-4260-a72d-bae1fcdfca3f,6/18/2026 2:58,ACC31410,4140-XXXX-XXXX-4163,17.75,USD,Home Improvement,Houston,US,Mobile App,37.6,0,0,normal,0.208
fad9bc15-8aee-4dad-800d-4ac131324f9b,8/5/2026 19:23,ACC38199,4597-XXXX-XXXX-6781,31.57,USD,Coffee Shop,London,GB,POS,2,0,0,normal,0.222
e6ff97c7-8448-4af9-8423-3ef4b75d271d,6/12/2026 19:34,ACC22292,4485-XXXX-XXXX-8411,10.55,USD,Coffee Shop,Bangalore,IN,POS,13.1,0,0,normal,0.076
32dd778f-1df5-4152-ac02-2cb6ef26a177,5/29/2026 17:20,ACC44649,4378-XXXX-XXXX-4834,41.49,USD,Coffee Shop,Sydney,AU,POS,26.7,0,0,normal,0.2
5b28e9d9-95b9-45f5-9b84-d22c24259cd0,6/23/2026 6:48,ACC20637,4820-XXXX-XXXX-4326,20.15,USD,Subscription,Tokyo,JP,POS,16.8,0,0,normal,0.023
3b7c8fee-cbf3-4e3d-bc6c-fe0b43eee19c,7/2/2026 8:06,ACC19837,4002-XXXX-XXXX-3276,24.36,USD,Entertainment,Chicago,US,Mobile App,11.3,0,1,normal,0.026
3dcad541-d113-4c57-8642-3d3bd47dab32,5/18/2026 21:03,ACC69468,4847-XXXX-XXXX-9096,44.59,USD,Gas Station,Chicago,US,POS,9,0,0,normal,0.237
c6669bb6-241d-4ab5-a801-93d09fa3e0eb,5/15/2026 23:14,ACC37799,4690-XXXX-XXXX-5006,14.63,USD,Healthcare,Houston,US,POS,34.5,0,0,normal,0.233
8c610397-5a73-41a7-9bc4-62cec625e0c2,6/25/2026 1:06,ACC78945,4197-XXXX-XXXX-6864,17.56,USD,Pharmacy,Chicago,US,Mobile App,1.3,0,0,normal,0.019
80f0118a-1cb3-43b3-ab33-c304fc0b0d14,5/22/2026 15:07,ACC15432,4441-XXXX-XXXX-9072,55.23,USD,Home Improvement,Delhi,IN,ATM,33.2,0,0,normal,0.06
405b1eee-0db7-47a9-b557-f76d69dbcda5,7/2/2026 16:23,ACC49315,4871-XXXX-XXXX-3580,5.66,USD,Home Improvement,Singapore,SG,Online,31.7,0,0,normal,0.039
6304988c-dcd0-4f5c-a51a-be87c6e792b9,7/12/2026 12:58,ACC63580,4906-XXXX-XXXX-1636,41.64,USD,Pharmacy,Paris,FR,POS,15.4,0,0,normal,0.057
2e5e41bc-1d0d-49ee-aaf4-95d11cfbcf5f,6/8/2026 9:30,ACC36577,4854-XXXX-XXXX-5091,50.68,USD,Retail,London,GB,Mobile App,6.2,0,0,normal,0.231
3f6c9ee4-8a0e-40b2-80d8-255984df1f80,6/5/2026 4:06,ACC46721,4065-XXXX-XXXX-1715,2101.52,USD,Gas Station,Lagos,NG,POS,8384.8,1,2,suspicious,0.959
c47134bd-e21d-46b0-ae49-f4dbcf4d6cea,6/21/2026 15:40,ACC13418,4367-XXXX-XXXX-2302,14.28,USD,Travel,Singapore,SG,ATM,5.4,0,1,normal,0.123
ba4f2b5b-2422-4d84-9af1-9297df3fa3da,6/1/2026 16:03,ACC54118,4104-XXXX-XXXX-2519,15.85,USD,Utilities,Singapore,SG,ATM,3.9,0,1,normal,0.155
4e3ff7e8-bbbb-4eaf-8782-790a6be079e9,5/26/2026 10:45,ACC12368,4726-XXXX-XXXX-6318,17.11,USD,Coffee Shop,Berlin,DE,Online,2.5,0,0,normal,0.181
82db4d18-5edc-4914-9481-f30501c8c6c8,5/20/2026 8:12,ACC58060,4813-XXXX-XXXX-8044,29.15,USD,Gas Station,Los Angeles,US,POS,28.3,0,1,normal,0.098
00251deb-44e2-481f-91a5-018953664a54,5/20/2026 19:34,ACC76692,4002-XXXX-XXXX-1721,38.31,USD,Entertainment,Singapore,SG,POS,9.8,0,0,normal,0.102
64806133-2032-4b90-a80d-fa0719bc7fa8,6/8/2026 7:24,ACC93009,4236-XXXX-XXXX-4633,16.63,USD,Grocery,Sydney,AU,Mobile App,17,0,0,normal,0.112
be601528-d067-4cd6-8e26-b63dc6f66d73,8/1/2026 14:50,ACC14551,4514-XXXX-XXXX-9467,23.58,USD,Retail,Tokyo,JP,Online,4.8,0,1,normal,0.051
0a91ba29-6a41-44e7-bd47-668436dd2780,7/9/2026 19:04,ACC75991,4032-XXXX-XXXX-2043,34.16,USD,Utilities,New York,US,Mobile App,17.2,0,0,normal,0.039
e42b7daf-5757-4a27-b4c2-2f474ab20017,6/18/2026 14:19,ACC23829,4784-XXXX-XXXX-6864,30.09,USD,Gas Station,Houston,US,ATM,28.1,0,0,normal,0.035
a59ffcf4-4dc9-4f33-975a-e74fead48ef5,5/11/2026 21:45,ACC69885,4785-XXXX-XXXX-5492,31.87,USD,Utilities,Bangalore,IN,POS,32.7,0,0,normal,0.169
2f53e108-0b06-4afb-adfe-1a50bec571f5,5/14/2026 10:45,ACC94631,4600-XXXX-XXXX-4422,10.1,USD,Coffee Shop,Paris,FR,POS,20.9,0,0,normal,0.151
7fce4c0f-e7ab-4dbc-a1e4-2ed2c645f452,8/8/2026 18:00,ACC70120,4040-XXXX-XXXX-7499,7.37,USD,Education,Chicago,US,ATM,11.6,0,0,normal,0.025
94d5772e-c7f7-4389-8e00-ba2186f63fe2,7/30/2026 12:04,ACC31305,4983-XXXX-XXXX-7247,30.55,USD,Home Improvement,Mumbai,IN,ATM,29.8,0,1,normal,0.042
96959331-5d9d-4afc-9736-faa0255fde77,6/4/2026 19:07,ACC97806,4884-XXXX-XXXX-5065,51.48,USD,Grocery,Singapore,SG,Mobile App,6.4,0,1,normal,0.102
d09ac5c7-4f0e-496d-8f6d-9d74b351cbbb,7/22/2026 11:34,ACC97821,4978-XXXX-XXXX-6889,15.52,USD,Gas Station,Tokyo,JP,Mobile App,10.5,0,0,normal,0.138
cf52e404-acaf-4fd3-8028-8df0bd71053c,6/29/2026 7:05,ACC64797,4252-XXXX-XXXX-6240,14.55,USD,Utilities,New York,US,POS,7.3,0,0,normal,0.169
0aea296a-b574-42e3-9737-a2e659f23220,6/16/2026 15:19,ACC23891,4566-XXXX-XXXX-6695,19.23,USD,Home Improvement,Mumbai,IN,ATM,39.4,0,0,normal,0.046
1df510a9-8b96-4999-a338-37dc6b949994,6/13/2026 17:10,ACC67577,4887-XXXX-XXXX-9027,37.57,USD,Retail,Bangalore,IN,Mobile App,34.7,0,1,normal,0.113
521acb07-9bd9-4dba-9551-6e4e0027b8ee,5/14/2026 19:06,ACC45665,4972-XXXX-XXXX-1671,64.22,USD,Insurance,Chicago,US,ATM,33.5,0,0,normal,0.16
4fec07f4-8325-4fc8-9646-7acd74006b12,7/10/2026 20:49,ACC12602,4993-XXXX-XXXX-9057,29.99,USD,Travel,Paris,FR,Mobile App,35.4,0,2,normal,0.223
3b8930a2-c449-4ea0-94cc-950236338cc4,5/15/2026 15:55,ACC57052,4140-XXXX-XXXX-9418,146.82,USD,Subscription,London,GB,Online,31.1,0,5,suspicious,0.882
e3daa969-60e5-4a93-b5d2-a8130a91ddde,8/6/2026 15:43,ACC78195,4610-XXXX-XXXX-9587,87.59,USD,Gas Station,Bangalore,IN,Mobile App,17.3,0,0,normal,0.042
f248cf5d-b20f-49ed-846c-b3b4d5d93b25,6/6/2026 17:46,ACC94832,4619-XXXX-XXXX-7175,21.55,USD,Travel,Mumbai,IN,Online,18.1,0,0,normal,0.051
ac146f9b-9778-48d5-9237-bb9fe2e53723,7/3/2026 7:19,ACC91620,4248-XXXX-XXXX-8600,28.26,USD,Coffee Shop,Mumbai,IN,Mobile App,23.7,0,0,normal,0.195
b44152d3-8605-4937-a935-7146fbccd539,7/18/2026 10:54,ACC88700,4898-XXXX-XXXX-8695,16.12,USD,Home Improvement,Delhi,IN,POS,27.5,0,0,normal,0.165
025d792c-1b7b-42ed-8772-ef4867abb280,6/19/2026 17:58,ACC32176,4060-XXXX-XXXX-6329,14.83,USD,Gas Station,Chicago,US,Online,1.1,0,0,normal,0.104
d8a4d82d-91e5-4006-962b-c8f64ea28d95,7/18/2026 23:43,ACC34086,4611-XXXX-XXXX-2610,5322.89,USD,Crypto Exchange,Houston,US,Mobile App,12.1,0,1,suspicious,0.698
9c609ca7-043a-48e9-97d2-0954cc302068,5/27/2026 13:36,ACC61879,4019-XXXX-XXXX-9359,15.26,USD,Utilities,Tokyo,JP,Mobile App,19.7,0,0,normal,0.177
beb17c64-42c7-4261-baba-9c95da8f29a0,5/5/2026 18:42,ACC63780,4909-XXXX-XXXX-8788,13.47,USD,Coffee Shop,Houston,US,Mobile App,31,0,0,normal,0.195
d3c80850-318c-41d3-bc24-b26539ac8ef2,5/22/2026 9:41,ACC41295,4067-XXXX-XXXX-9718,103.13,USD,Grocery,Houston,US,POS,11,0,1,normal,0.178
0761bf1d-2666-466a-a9a0-4e97225665f3,8/5/2026 0:20,ACC43152,4707-XXXX-XXXX-3100,20.49,USD,Restaurant,Mumbai,IN,Online,32.6,0,0,normal,0.242
cb73092e-7c38-4f4a-9988-afb230873501,7/9/2026 13:35,ACC75849,4329-XXXX-XXXX-7363,18.71,USD,Insurance,Bangalore,IN,Mobile App,7.2,0,0,normal,0.063
df33f5af-23c0-45a4-9479-1eb7cc2eead5,8/3/2026 8:07,ACC70228,4624-XXXX-XXXX-3713,48.64,USD,Retail,Singapore,SG,Online,36.7,0,0,normal,0.011
ae170912-1991-4812-9089-2fb28a2c4901,7/26/2026 7:27,ACC37409,4371-XXXX-XXXX-5577,27.91,USD,Education,Toronto,CA,Online,17.3,0,1,normal,0.201
590813ac-4718-49cb-a44b-3cd491a4a2e4,7/26/2026 18:15,ACC43654,4871-XXXX-XXXX-1573,31.76,USD,Restaurant,Toronto,CA,POS,39.2,0,0,normal,0.097
41db1c95-8d9b-4fa2-84d1-b62375452c21,8/2/2026 15:23,ACC64827,4556-XXXX-XXXX-1602,27.89,USD,Electronics,Sydney,AU,Mobile App,28.1,0,1,normal,0.153
7b137568-5739-403b-a647-dc9d8807ce1d,6/29/2026 7:06,ACC17850,4995-XXXX-XXXX-3332,88.74,USD,Electronics,Paris,FR,Mobile App,3.7,0,1,normal,0.225
23d9e205-0b05-4b3f-8b33-67673ebeff72,5/14/2026 22:39,ACC27750,4784-XXXX-XXXX-7887,7.22,USD,Coffee Shop,New York,US,Mobile App,39.7,0,0,normal,0.219
c9e7d4fc-6b02-4b43-a810-1bca25541374,5/14/2026 9:22,ACC24575,4673-XXXX-XXXX-7208,33.22,USD,Insurance,Sydney,AU,POS,31.3,0,2,normal,0.051
4e5af483-492f-47df-8552-0387bac58083,5/14/2026 13:00,ACC43300,4852-XXXX-XXXX-9086,988.87,USD,Education,Paris,FR,Online,35.1,0,1,suspicious,0.945
c1e47a18-12af-45c5-b9dc-42e1cbf5ee0d,5/11/2026 8:02,ACC98150,4838-XXXX-XXXX-6253,32.4,USD,Pharmacy,Singapore,SG,Online,12.1,0,0,normal,0.168
01ad8e04-c596-4d5c-8aa7-e68a870ff4f3,6/6/2026 10:29,ACC33758,4694-XXXX-XXXX-5668,7.64,USD,Entertainment,Mumbai,IN,Mobile App,0.2,0,0,normal,0.198
243311b3-7fa0-4d26-9b18-c56d0a8b2d49,5/9/2026 19:27,ACC53703,4504-XXXX-XXXX-4728,23.14,USD,Utilities,Delhi,IN,ATM,38.3,0,0,normal,0.028
86bb0f34-8255-4339-aa6d-8a789928dedd,6/12/2026 8:12,ACC92250,4479-XXXX-XXXX-8626,8.61,USD,Retail,Paris,FR,POS,11.4,0,0,normal,0.116
0c95f99d-bc88-4634-92b1-7d0009da6501,6/9/2026 7:48,ACC13980,4901-XXXX-XXXX-8807,80.26,USD,Entertainment,Singapore,SG,Online,0.6,0,0,normal,0.066
262632a3-8113-4088-9519-ff9e3faba3f0,5/16/2026 12:37,ACC54883,4701-XXXX-XXXX-1176,16.8,USD,Retail,Houston,US,POS,11.6,0,0,normal,0.054
df4ee03a-e71f-46b6-ac9a-6a7b272fa0d4,7/18/2026 6:43,ACC22653,4681-XXXX-XXXX-2740,46.83,USD,Grocery,Delhi,IN,ATM,37.4,0,0,normal,0.192
2f672671-1aef-40f0-b5cf-d97cb058bbc2,7/27/2026 11:50,ACC62572,4428-XXXX-XXXX-4852,10.35,USD,Electronics,London,GB,Mobile App,26.7,0,0,normal,0.121
dbeaf997-14c4-4d74-a9d9-f353f740f301,5/26/2026 8:47,ACC22943,4032-XXXX-XXXX-7366,10.04,USD,Grocery,Tokyo,JP,ATM,21,0,1,normal,0.071
99b026a3-5803-4670-b1ff-2beef7af0e8e,8/4/2026 15:59,ACC51342,4504-XXXX-XXXX-5501,57.66,USD,Insurance,Berlin,DE,ATM,7.3,0,1,normal,0.133
b6900bf6-a08b-4bab-b87e-2735bba4f577,6/20/2026 21:16,ACC56312,4553-XXXX-XXXX-1732,169.47,USD,Grocery,New York,US,Online,14,0,0,normal,0.117
90e5d1de-4438-46a3-a9a1-b8c56619543e,7/17/2026 14:48,ACC11620,4805-XXXX-XXXX-9561,12.97,USD,Healthcare,Bangalore,IN,ATM,4.5,0,0,normal,0.146
bdfa645a-e2be-4c7d-b984-217d5eb13049,8/1/2026 20:38,ACC44543,4023-XXXX-XXXX-7509,53.13,USD,Education,London,GB,Mobile App,2.7,0,0,normal,0.059
e761cafd-5052-4a90-9576-41eee1b480e3,6/12/2026 10:50,ACC15978,4546-XXXX-XXXX-4902,27.04,USD,Pharmacy,Tokyo,JP,Mobile App,1.6,0,0,normal,0.222
2045f84a-dedf-408e-a8b9-1c42052fc1c2,7/30/2026 18:47,ACC67350,4348-XXXX-XXXX-4661,30.43,USD,Utilities,Berlin,DE,Mobile App,21.2,0,1,normal,0.015
66f00206-dda7-4b39-a3ee-a6fa226f8f7b,5/26/2026 6:28,ACC14825,4266-XXXX-XXXX-8641,6101.06,USD,Electronics,Bangalore,IN,POS,36.6,0,2,suspicious,0.66
ae8fced0-19a2-41b6-b2bf-26d7eeec6aeb,5/25/2026 16:33,ACC12389,4371-XXXX-XXXX-6060,41.91,USD,Healthcare,Tokyo,JP,Online,38,0,0,normal,0.194
87ed260d-8be3-40e6-a3c2-301476758fef,6/24/2026 7:26,ACC67113,4272-XXXX-XXXX-3900,262.89,USD,Home Improvement,Chicago,US,Online,5.6,0,1,normal,0.09
f0734016-4c28-4b58-8466-9415ca1cc29b,6/26/2026 20:29,ACC30932,4833-XXXX-XXXX-6364,31.09,USD,Healthcare,New York,US,Mobile App,7.6,0,0,normal,0.249
99b042bd-1d2f-42ef-9d50-193a89e817c3,7/9/2026 8:23,ACC62385,4675-XXXX-XXXX-5528,28.21,USD,Pharmacy,Paris,FR,Mobile App,25.7,0,0,normal,0.04
975fb346-1ca7-49f2-8a24-e9efb2e81bc5,6/12/2026 21:58,ACC31936,4813-XXXX-XXXX-5523,33.24,USD,Retail,New York,US,POS,15.8,0,0,normal,0.243
8a01b300-6992-484c-9c8a-169ccdba1e58,7/18/2026 8:37,ACC40681,4552-XXXX-XXXX-8101,23.01,USD,Travel,Sydney,AU,POS,18.9,0,2,normal,0.168
d2e2e59b-aeb3-4014-bc30-fd4ce5d82955,8/8/2026 22:26,ACC63082,4846-XXXX-XXXX-4442,42,USD,Insurance,Delhi,IN,Mobile App,22,0,0,normal,0.059
b82d029e-098f-43af-8951-5c2c12c7c56d,7/24/2026 1:00,ACC51377,4984-XXXX-XXXX-9687,51.56,USD,Education,Chicago,US,POS,3.9,0,0,normal,0.095
a77ab618-0e70-4ddf-b8db-5a819330af87,8/2/2026 13:32,ACC84752,4398-XXXX-XXXX-1162,8.03,USD,Home Improvement,Bangalore,IN,Online,3.1,0,0,normal,0.158
9a373a49-84d0-46bb-ac5e-0e9f0547db91,5/24/2026 16:04,ACC79191,4434-XXXX-XXXX-1068,7.85,USD,Grocery,New York,US,Online,19.9,0,0,normal,0.185
2003bd00-e3a1-4f26-8375-f70dbf22db61,5/14/2026 20:52,ACC89408,4674-XXXX-XXXX-3955,12.55,USD,Entertainment,Bangalore,IN,Mobile App,5.2,0,0,normal,0.239
66f2559b-5021-4a30-8bca-236a64b3df43,6/4/2026 21:50,ACC22206,4786-XXXX-XXXX-5903,145.38,USD,Home Improvement,Berlin,DE,Mobile App,14.7,0,0,normal,0.026
98cd9ab4-6693-4211-8d14-884d925c2f95,5/8/2026 8:22,ACC63057,4918-XXXX-XXXX-9636,90.65,USD,Coffee Shop,Los Angeles,US,Online,19.3,0,0,normal,0.032
345ea41b-7868-4994-bf5a-c7f2f693ec32,5/6/2026 9:35,ACC80851,4864-XXXX-XXXX-3810,28.03,USD,Grocery,Chicago,US,POS,3.6,0,0,normal,0.048
d81bd9ed-ddea-4b6c-97b2-413d04d17c18,7/24/2026 5:12,ACC38708,4734-XXXX-XXXX-5118,20.17,USD,Subscription,Toronto,CA,Mobile App,37.2,0,0,normal,0.141
87bc3432-7aeb-4d74-a8d2-6d2acc24dc75,7/12/2026 14:09,ACC53276,4949-XXXX-XXXX-3217,23.23,USD,Pharmacy,Paris,FR,Online,21,0,1,normal,0.012
ef6f25fb-e822-4d57-b96d-5b4fbd072516,7/31/2026 16:47,ACC32843,4959-XXXX-XXXX-2102,12.81,USD,Subscription,Sydney,AU,Mobile App,3.5,0,2,normal,0.074
ee81dfb1-a785-409b-8087-c94873f26820,6/19/2026 14:13,ACC29978,4105-XXXX-XXXX-4546,32.03,USD,Entertainment,Bangalore,IN,Mobile App,7.1,0,0,normal,0.04
276a35c4-a73b-4321-aa66-4c8a694adf9e,6/23/2026 17:20,ACC42838,4701-XXXX-XXXX-2970,20.62,USD,Healthcare,Chicago,US,ATM,26.1,0,0,normal,0.218
5507d517-376f-4d7a-ba26-bbc65558410b,5/29/2026 12:04,ACC27892,4884-XXXX-XXXX-2143,44.92,USD,Education,Toronto,CA,Mobile App,30.9,0,1,normal,0.092
a388baa2-36c7-46ab-9ffd-a59d4b491538,6/26/2026 16:06,ACC51151,4980-XXXX-XXXX-6918,38.5,USD,Gas Station,Mumbai,IN,ATM,29.9,0,0,normal,0.087
8a51d7de-211a-4e20-88e3-bb1208c526fa,5/10/2026 15:54,ACC61173,4720-XXXX-XXXX-6863,3.71,USD,Utilities,Houston,US,POS,34.9,0,0,normal,0.079
a3f9cca8-43cc-429e-a650-d1ceec6da394,7/2/2026 10:21,ACC67896,4216-XXXX-XXXX-7671,29.31,USD,Subscription,Tokyo,JP,ATM,30.4,0,1,normal,0.207
6c8c49a5-2233-4cac-91a0-d4c3d2ce570b,7/22/2026 15:55,ACC68988,4393-XXXX-XXXX-6821,25.34,USD,Coffee Shop,London,GB,Online,7.4,0,0,normal,0.149
3f9a40a4-7de6-4b9f-9fd7-e01f7165337d,5/30/2026 8:35,ACC83874,4042-XXXX-XXXX-1464,58.13,USD,Travel,Sydney,AU,POS,1.8,0,0,normal,0.148
bab15fcb-bd7d-4ab1-a24e-04fd04c27aef,5/6/2026 20:17,ACC27460,4652-XXXX-XXXX-4272,8.16,USD,Utilities,Delhi,IN,Online,10.1,0,0,normal,0.079
95914bd7-a537-48b9-ba30-bce879f2da67,6/6/2026 21:31,ACC11075,4238-XXXX-XXXX-2477,7.02,USD,Pharmacy,New York,US,Online,0.6,0,0,normal,0.111
238470fb-6147-47ba-bf49-9a2ded0f8a16,5/12/2026 20:20,ACC89868,4637-XXXX-XXXX-2137,13.05,USD,Coffee Shop,Bangalore,IN,Online,22,0,0,normal,0.017
71adf459-57d9-4021-8341-b5ee45f95edc,5/4/2026 17:20,ACC73556,4043-XXXX-XXXX-3571,8.85,USD,Electronics,Tokyo,JP,Mobile App,12.1,0,0,normal,0.195
4310c9ec-ad30-4935-baae-5985e2903013,7/11/2026 20:55,ACC98974,4412-XXXX-XXXX-2668,16.56,USD,Grocery,London,GB,Mobile App,25.8,0,0,normal,0.242
4c34f9eb-d7be-4edd-af04-b3d82191bb25,6/4/2026 15:29,ACC22073,4342-XXXX-XXXX-3909,12.24,USD,Healthcare,Delhi,IN,ATM,39.3,0,0,normal,0.205
1dcabae8-8825-44eb-a4da-ad596bfc6b57,5/2/2026 14:38,ACC42837,4178-XXXX-XXXX-4483,3.65,USD,Entertainment,Delhi,IN,Mobile App,20.5,0,1,normal,0.076
3e931f17-a164-420d-a9bc-7192dbc295f6,5/4/2026 3:22,ACC88636,4325-XXXX-XXXX-6490,8.52,USD,Insurance,New York,US,Online,38.4,0,2,normal,0.068
1ad42571-fef7-4953-8d2c-efda867693ce,5/6/2026 17:21,ACC55238,4365-XXXX-XXXX-7749,18.7,USD,Entertainment,Singapore,SG,Mobile App,2.3,0,0,normal,0.066
fe44369b-ddb6-408d-9652-cfb05bc784e5,5/11/2026 18:21,ACC58604,4697-XXXX-XXXX-1732,25.66,USD,Entertainment,Toronto,CA,Online,3.9,0,1,normal,0.224
60de7198-9124-46a7-ad99-aef34a3e4aa9,7/12/2026 6:29,ACC29631,4361-XXXX-XXXX-6125,64.77,USD,Entertainment,London,GB,ATM,26.9,0,1,normal,0.131
6f4b391b-8c44-4a5f-9526-26d24ec65a12,7/5/2026 14:06,ACC28953,4183-XXXX-XXXX-1840,47.86,USD,Entertainment,Dubai,AE,ATM,12.3,0,1,normal,0.241
e84628e1-f018-428e-90cd-f17fe206b1d8,7/13/2026 11:13,ACC37802,4363-XXXX-XXXX-5232,47.57,USD,Coffee Shop,Sydney,AU,Mobile App,11.2,0,0,normal,0.221
399c3b7a-7a66-453d-8452-bca77c21b7ef,6/13/2026 2:11,ACC70610,4203-XXXX-XXXX-5289,200.09,USD,Grocery,Tokyo,JP,Online,2,0,0,normal,0.154
fd4f0fce-2f46-4ee6-8226-675c184dd5f9,6/13/2026 16:54,ACC49203,4834-XXXX-XXXX-3608,185.07,USD,Grocery,Singapore,SG,POS,21.9,0,0,normal,0.173
2f5b0ad4-0e3c-4424-88c8-5f9ab6cf929c,6/6/2026 20:30,ACC51111,4756-XXXX-XXXX-1785,28.03,USD,Pharmacy,New York,US,POS,1.9,0,0,normal,0.055
855bfffd-6f9b-4cbd-b868-d20caadfb07b,7/18/2026 12:34,ACC28660,4382-XXXX-XXXX-9854,31.92,USD,Healthcare,Sydney,AU,Online,31.3,0,0,normal,0.112
94e233a6-70b7-46df-ad74-37055a09d61e,8/4/2026 20:31,ACC92596,4604-XXXX-XXXX-3245,5.7,USD,Entertainment,Dubai,AE,POS,12.8,0,1,normal,0.241
dedda702-ac27-4c7f-a8c2-ca42473e9deb,8/4/2026 13:54,ACC32431,4615-XXXX-XXXX-6355,21.35,USD,Pharmacy,Singapore,SG,ATM,9.5,0,0,normal,0.014
f8d40428-b3f6-47e5-a5a5-722823859bf4,6/11/2026 15:09,ACC46537,4670-XXXX-XXXX-4463,10.17,USD,Electronics,Chicago,US,Online,37,0,1,normal,0.189
5c3cedc4-03f8-46c5-a507-25bdc7a78306,5/24/2026 15:45,ACC20218,4001-XXXX-XXXX-3286,89.17,USD,Subscription,London,GB,Mobile App,29.9,0,1,normal,0.077
fb344997-d3fe-4706-bdce-ef189f2f99ca,7/29/2026 11:55,ACC65797,4345-XXXX-XXXX-5852,31.29,USD,Education,London,GB,POS,21.7,0,0,normal,0.096
7299fb3a-29d2-4af8-a7e8-d875f08ff888,6/4/2026 16:09,ACC53940,4662-XXXX-XXXX-6490,85.37,USD,Retail,Mumbai,IN,POS,27,0,1,normal,0.043
432dbfdc-0aa3-43c7-af91-db543d7b58e3,7/14/2026 12:39,ACC27481,4141-XXXX-XXXX-7762,92.54,USD,Travel,Toronto,CA,Mobile App,33.7,0,0,normal,0.085
b765c052-1fd9-4526-86ae-5a55af74977e,6/26/2026 8:27,ACC88544,4285-XXXX-XXXX-6233,18.32,USD,Gas Station,Sydney,AU,Mobile App,25.2,0,0,normal,0.175
41540f2f-436f-4784-85a2-bf62ea1d7410,8/3/2026 6:52,ACC95419,4127-XXXX-XXXX-4399,38.74,USD,Healthcare,Tokyo,JP,POS,7.2,0,0,normal,0.053
4c167930-e3bb-4371-8ac6-c667681202bb,5/3/2026 8:30,ACC33433,4454-XXXX-XXXX-8581,111.46,USD,Travel,Mumbai,IN,POS,17.6,0,0,normal,0.242
fc0da66a-07c7-4498-9a7e-a5d5823a5819,6/25/2026 5:43,ACC14142,4164-XXXX-XXXX-4260,20.45,USD,Subscription,Houston,US,ATM,38.4,0,2,normal,0.039
2c087324-1c05-4943-91a6-825e424763f3,5/16/2026 7:54,ACC68479,4079-XXXX-XXXX-7050,77.12,USD,Subscription,Bangalore,IN,ATM,23.5,0,0,normal,0.105
03d62dca-0ed2-4765-a0fa-f91f73546669,6/10/2026 7:24,ACC42809,4810-XXXX-XXXX-9796,15.47,USD,Education,Dubai,AE,Online,1.8,0,0,normal,0.14
944e9e38-b8df-4268-b811-2f515990adb5,7/9/2026 10:25,ACC67541,4828-XXXX-XXXX-8478,32.83,USD,Coffee Shop,Dubai,AE,ATM,29.2,0,0,normal,0.068
9993bc11-da90-4218-a077-8698b0b11e59,6/24/2026 8:39,ACC77679,4214-XXXX-XXXX-2616,51.37,USD,Subscription,Paris,FR,ATM,7.7,0,0,normal,0.107
f98ac9b5-e598-431f-8158-ce58afbef7a3,5/24/2026 19:36,ACC14739,4682-XXXX-XXXX-9978,22.61,USD,Insurance,Toronto,CA,POS,39.9,0,0,normal,0.208
b8807f55-1ac9-4ba2-b86e-50fa7c0fb95b,5/31/2026 15:04,ACC72098,4669-XXXX-XXXX-7830,14.06,USD,Gas Station,Chicago,US,Mobile App,9.1,0,0,normal,0.234
31a9b11d-34d9-4f0a-83aa-05dd74fdff70,5/6/2026 18:43,ACC28919,4935-XXXX-XXXX-7679,6.2,USD,Utilities,Delhi,IN,POS,21.6,0,1,normal,0.183
1d7c914d-ffde-4b8f-88b1-8b1423f4d5bc,5/7/2026 14:13,ACC32967,4944-XXXX-XXXX-7902,20.38,USD,Healthcare,Toronto,CA,Online,26.9,0,1,normal,0.077
de565f07-e368-4b0a-9bd9-6b7cd6c74a46,8/1/2026 6:04,ACC11217,4008-XXXX-XXXX-6629,6.55,USD,Travel,Houston,US,POS,39.5,0,0,normal,0.042
d2a3ab0d-fb86-4098-8ec7-489565818acb,7/18/2026 14:25,ACC69597,4973-XXXX-XXXX-8996,284.4,USD,Pharmacy,Los Angeles,US,Mobile App,23.3,0,1,normal,0.213
31157d8f-268a-426e-8ff5-3e5750b54749,6/19/2026 16:12,ACC37955,4897-XXXX-XXXX-7475,3.2,USD,Pharmacy,Berlin,DE,Online,6.5,0,1,normal,0.104
be7e2e2f-9250-445e-8e5a-5a3c41ad0137,8/7/2026 2:19,ACC99534,4185-XXXX-XXXX-4349,6264.32,USD,Crypto Exchange,New York,US,POS,11.7,0,1,suspicious,0.747
a600db12-480d-482f-9220-d9d518b785e7,5/10/2026 18:50,ACC12123,4579-XXXX-XXXX-8163,90.68,USD,Grocery,London,GB,POS,38.4,0,1,normal,0.088
0ea3fb67-b374-4143-88b9-1fd2c1018031,6/3/2026 9:08,ACC66152,4323-XXXX-XXXX-5468,119.34,USD,Entertainment,Chicago,US,ATM,2.2,0,1,normal,0.077
787f1b14-ce02-46a6-a9f2-5b4e511f07ae,5/30/2026 6:15,ACC23409,4637-XXXX-XXXX-5276,92.93,USD,Gas Station,Berlin,DE,ATM,5,0,1,normal,0.236
e5b679eb-201f-4f5f-9b48-ff4a5975fdc7,8/6/2026 8:36,ACC51754,4280-XXXX-XXXX-8072,31.26,USD,Retail,New York,US,Online,5.9,0,1,normal,0.05
535229a0-c2ff-48dd-88ee-34c6e4dab99e,7/6/2026 11:51,ACC52079,4461-XXXX-XXXX-9964,29.4,USD,Pharmacy,Los Angeles,US,ATM,14.3,0,0,normal,0.125
0d0fe3a3-9ac2-47bf-8812-0997b1454671,7/3/2026 13:23,ACC31821,4938-XXXX-XXXX-4701,996.2,USD,Education,Mumbai,IN,Mobile App,35.9,0,1,suspicious,0.916
1900f948-6356-465b-9196-7047a2c242d6,8/8/2026 10:47,ACC67576,4562-XXXX-XXXX-7182,117.55,USD,Restaurant,Houston,US,Online,0.9,0,7,suspicious,0.854
2319fbf7-5995-4428-bf11-e39f678f3fae,5/28/2026 17:18,ACC77692,4596-XXXX-XXXX-4154,36.96,USD,Electronics,Paris,FR,Mobile App,18.2,0,0,normal,0.112
65e0409c-3310-48a2-aa16-0d21b62dd602,8/5/2026 17:37,ACC78743,4913-XXXX-XXXX-1137,114.38,USD,Utilities,Toronto,CA,POS,36.5,0,0,normal,0.016
ba97bdc2-4dbd-4642-9554-216f0c7616cd,5/7/2026 17:55,ACC45638,4220-XXXX-XXXX-8802,13.28,USD,Restaurant,Paris,FR,ATM,33.3,0,0,normal,0.059
73cda497-08a2-4095-9f8f-6ff9171d5f5f,7/25/2026 7:05,ACC35688,4552-XXXX-XXXX-4059,19.12,USD,Education,Berlin,DE,POS,37.4,0,0,normal,0.101
6069791c-0f2d-44a4-989d-af70281402b7,6/1/2026 12:29,ACC59668,4026-XXXX-XXXX-5055,6.45,USD,Gas Station,Toronto,CA,POS,10.8,0,0,normal,0.174
7579f434-0efa-4cfd-b1c9-ebab07205a71,7/13/2026 17:55,ACC57277,4109-XXXX-XXXX-2499,10.23,USD,Entertainment,Chicago,US,POS,37.7,0,0,normal,0.193
a7370a48-a4bf-4592-9d55-2fa4243c2ffb,5/14/2026 17:13,ACC10647,4147-XXXX-XXXX-4304,320.69,USD,Travel,Mumbai,IN,Online,21.2,0,1,normal,0.25
eb7ca501-ffa6-400d-8ba5-1cc70bbf6082,7/24/2026 16:10,ACC51288,4948-XXXX-XXXX-7438,14.15,USD,Gas Station,New York,US,Mobile App,12.7,0,0,normal,0.028
03f43696-e1b2-4b2a-89c5-4c94650d702b,5/11/2026 0:35,ACC46989,4886-XXXX-XXXX-1510,53.14,USD,Electronics,Dubai,AE,Online,17.3,0,0,normal,0.16
54645618-d13c-43f2-bee0-5d160af8f173,5/13/2026 11:12,ACC70144,4915-XXXX-XXXX-5201,43.74,USD,Healthcare,Toronto,CA,ATM,33.9,0,1,normal,0.229
2212e40d-f3e7-4f46-b4f3-b13b0dd27a02,5/31/2026 21:56,ACC41168,4607-XXXX-XXXX-7539,23.68,USD,Entertainment,New York,US,POS,7.2,0,1,normal,0.199
6b03fdd1-e3e0-49d7-8243-a8c5c8389d2f,5/10/2026 18:42,ACC40539,4336-XXXX-XXXX-3417,30.03,USD,Retail,New York,US,POS,11.1,0,2,normal,0.247
b49a8fd1-bf41-422c-a92f-1567cf3a0c8c,7/20/2026 15:20,ACC21727,4833-XXXX-XXXX-4395,47.7,USD,Subscription,New York,US,ATM,6.4,0,1,normal,0.218
ac649435-524b-4998-9cf7-8807d8be44ef,6/9/2026 22:42,ACC41469,4807-XXXX-XXXX-7946,506,USD,Pharmacy,Bangalore,IN,Online,25,0,7,suspicious,0.834
5881014e-7435-4ad6-8c84-3b66fde7b00d,6/9/2026 18:09,ACC24664,4513-XXXX-XXXX-9912,8.07,USD,Subscription,Singapore,SG,POS,20.8,0,0,normal,0.071
4a257701-e434-49dd-ba44-c4163dbf8dd9,5/19/2026 23:15,ACC20438,4771-XXXX-XXXX-1252,3427.42,USD,Pharmacy,Pyongyang,KP,ATM,7024.9,1,1,suspicious,0.723
6a91b0f9-f927-4e87-8286-f41ff481c504,5/22/2026 3:50,ACC23434,4692-XXXX-XXXX-9935,15.52,USD,Pharmacy,Berlin,DE,POS,23.6,0,0,normal,0.032
a8440fdf-9edd-4faa-9f40-8ce1ba61bdaa,7/20/2026 16:59,ACC86122,4097-XXXX-XXXX-9280,19.02,USD,Utilities,Toronto,CA,Online,25.5,0,0,normal,0.152
f3fe9ac6-2b9f-4db3-bd31-a499e11d63d6,7/23/2026 11:40,ACC64799,4068-XXXX-XXXX-3048,9.55,USD,Utilities,Bangalore,IN,POS,31.4,0,0,normal,0.031
a4b47628-c392-4859-aef6-6d2d212841bf,5/9/2026 21:14,ACC35069,4864-XXXX-XXXX-3115,8.09,USD,Coffee Shop,Mumbai,IN,ATM,23.8,0,0,normal,0.095
c03648a4-c678-4182-a5e3-5d16a4729e67,8/1/2026 14:05,ACC55657,4734-XXXX-XXXX-4669,81.31,USD,Restaurant,Paris,FR,ATM,10.8,0,1,normal,0.12
c99c7856-65b3-48d6-97ce-ddf6a6821487,6/12/2026 16:02,ACC59147,4882-XXXX-XXXX-4686,53.29,USD,Travel,Dubai,AE,POS,0.1,0,0,normal,0.1
75d3098a-8f98-4a40-9a5b-812fb6f36c72,7/12/2026 19:08,ACC74674,4472-XXXX-XXXX-1102,12.46,USD,Gas Station,Tokyo,JP,Mobile App,36.4,0,2,normal,0.184
d13db890-4294-498a-870a-ba388fb44012,5/16/2026 9:56,ACC99262,4425-XXXX-XXXX-2169,46.33,USD,Utilities,Toronto,CA,ATM,35,0,0,normal,0.088
a629ce18-35cd-4cdc-8185-19ca69598662,5/23/2026 10:12,ACC17318,4463-XXXX-XXXX-7760,52.35,USD,Utilities,Tokyo,JP,Online,26.3,0,0,normal,0.035
0e749c3b-90a4-43fb-853c-67fa3e4f4288,7/18/2026 19:22,ACC51088,4324-XXXX-XXXX-5773,9.12,USD,Restaurant,Sydney,AU,Mobile App,24.2,0,0,normal,0.223
14495b47-0d9c-47a0-99fe-46ff468e92fc,6/20/2026 21:28,ACC24212,4147-XXXX-XXXX-9857,15.37,USD,Pharmacy,New York,US,ATM,8.7,0,0,normal,0.229
16cdc9ff-ae8b-4e0e-b682-7f87497b49b6,6/9/2026 8:36,ACC23994,4645-XXXX-XXXX-6886,14.74,USD,Grocery,Berlin,DE,ATM,3.4,0,0,normal,0.186
51019252-4159-483a-8a9f-194568a57e7d,5/19/2026 7:25,ACC72966,4037-XXXX-XXXX-2689,10,USD,Insurance,Mumbai,IN,Mobile App,3,0,0,normal,0.151
9e658ccd-7577-4d56-be9f-ea1607d88553,7/15/2026 10:25,ACC67445,4554-XXXX-XXXX-5820,10.5,USD,Electronics,Delhi,IN,ATM,18,0,0,normal,0.193
485a3b6c-bcbe-4f7e-a8a8-c27c698d8904,8/6/2026 10:27,ACC49329,4949-XXXX-XXXX-4445,25.85,USD,Insurance,Mumbai,IN,Online,13,0,0,normal,0.105
3a90ba62-72ce-4d66-b8e6-26c2358370ab,6/12/2026 21:12,ACC81989,4934-XXXX-XXXX-8714,32.44,USD,Coffee Shop,Houston,US,Online,30.5,0,0,normal,0.153
72c2dcd2-b62a-408a-ac89-6cd9640cbd5a,7/27/2026 5:49,ACC30715,4804-XXXX-XXXX-1476,5.51,USD,Home Improvement,Singapore,SG,ATM,20.6,0,0,normal,0.066
d1fb91cb-35e9-420a-b3eb-f0c20358b9f5,5/4/2026 7:50,ACC64859,4460-XXXX-XXXX-1438,73,USD,Utilities,Sydney,AU,ATM,24,0,0,normal,0.092
9023c803-4412-4c37-8e60-aaea1df13b96,6/17/2026 9:57,ACC42550,4820-XXXX-XXXX-4644,159.84,USD,Grocery,Delhi,IN,ATM,20.9,0,0,normal,0.161
8120c1bb-a43c-4d65-bf50-45105f5a6c1d,7/24/2026 5:11,ACC10841,4541-XXXX-XXXX-7083,789.74,USD,Grocery,Pyongyang,KP,Mobile App,4950.2,1,3,suspicious,0.678
d50b6133-53b1-4e33-8278-46ec9683fb28,7/19/2026 7:33,ACC47132,4257-XXXX-XXXX-4163,38.15,USD,Restaurant,New York,US,POS,0.9,0,0,normal,0.235
7ac8c697-004f-4b9b-81fb-0a2cbe1cf58f,7/1/2026 16:46,ACC60609,4998-XXXX-XXXX-5462,7.93,USD,Coffee Shop,Delhi,IN,ATM,24.7,0,2,normal,0.116
8a90e49c-3a66-4a65-8d6f-6d49cede9f22,5/1/2026 20:39,ACC79142,4040-XXXX-XXXX-6527,5.3,USD,Pharmacy,Singapore,SG,POS,2.8,0,0,normal,0.203
5faa9922-3917-4ad9-b448-57a86b3dddff,5/12/2026 17:04,ACC79615,4161-XXXX-XXXX-1931,6.5,USD,Grocery,Paris,FR,POS,34.1,0,0,normal,0.026
8079a521-6689-41ba-9026-67ffdcf953bf,6/3/2026 18:58,ACC92802,4186-XXXX-XXXX-3209,20.51,USD,Entertainment,Berlin,DE,POS,28.6,0,1,normal,0.019
34e9fcf9-627b-4ce0-b84d-3ee1df4a5d3f,6/15/2026 3:42,ACC23181,4114-XXXX-XXXX-3330,669.75,USD,Healthcare,Moscow,RU,ATM,9494,1,2,suspicious,0.731
666fdc40-9234-4978-aee9-3ad143b0c9df,7/28/2026 7:03,ACC57996,4593-XXXX-XXXX-7293,12.44,USD,Electronics,Berlin,DE,Online,5.9,0,0,normal,0.081
8b9948c7-26c5-4780-899b-087d58a4c474,5/20/2026 12:15,ACC12933,4188-XXXX-XXXX-5208,47.77,USD,Home Improvement,Paris,FR,POS,33.5,0,0,normal,0.038
a116963f-3a13-49d5-af68-4713e217972a,6/9/2026 7:04,ACC17294,4948-XXXX-XXXX-2995,61.78,USD,Grocery,Houston,US,Mobile App,16.2,0,2,normal,0.207
1bb64c07-bdc4-452b-a1d3-0b612c56e171,6/28/2026 12:07,ACC29758,4291-XXXX-XXXX-6096,19.72,USD,Utilities,Houston,US,ATM,27,0,0,normal,0.073
c6f4fb30-139c-4130-b68c-8d6c6e9af88a,7/23/2026 9:01,ACC44961,4950-XXXX-XXXX-6792,37.54,USD,Retail,Mumbai,IN,Online,6.1,0,0,normal,0.086
6e047e74-2389-4b03-8d85-2acaa330bb15,6/17/2026 8:22,ACC55406,4651-XXXX-XXXX-1157,20.47,USD,Education,Houston,US,Mobile App,0.1,0,0,normal,0.214
4d8840ca-2645-4572-b6ac-6285a6adf966,7/13/2026 14:23,ACC23114,4707-XXXX-XXXX-4373,44.01,USD,Utilities,Delhi,IN,Mobile App,19.9,0,1,normal,0.17
75291a8e-5dd6-427d-9fb9-ba3a27979e69,5/24/2026 9:43,ACC88912,4854-XXXX-XXXX-1922,3845.27,USD,Electronics,Lagos,NG,ATM,3408.7,1,2,suspicious,0.733
3ef8d062-16cf-45ea-8221-1fb074b2d916,6/8/2026 16:10,ACC36978,4976-XXXX-XXXX-8992,28.85,USD,Education,Chicago,US,ATM,35.3,0,0,normal,0.189
ee69c2b3-9fe4-4e91-9c95-b34781f60ee0,8/7/2026 4:29,ACC72681,4709-XXXX-XXXX-3229,4958.42,USD,Travel,Los Angeles,US,Online,18.8,0,1,suspicious,0.691
c63c2cb4-43ba-4bcc-a1d3-7f05ded0b0aa,6/10/2026 17:42,ACC45043,4515-XXXX-XXXX-7929,12.74,USD,Insurance,Singapore,SG,Mobile App,2.2,0,0,normal,0.119
dd55f829-affc-4e9f-9afc-0a6b4ca1e11c,6/28/2026 14:02,ACC37297,4591-XXXX-XXXX-6434,13.28,USD,Entertainment,New York,US,Mobile App,2.6,0,0,normal,0.212
f9e8d14b-166c-4547-bc86-c572f29b9500,6/9/2026 20:10,ACC12102,4431-XXXX-XXXX-1457,53.99,USD,Utilities,Singapore,SG,POS,13.5,0,0,normal,0.171
6ea73ebd-eccb-4c96-a051-35960c4f46a5,8/5/2026 11:58,ACC84473,4470-XXXX-XXXX-9804,23.73,USD,Subscription,Dubai,AE,Mobile App,5.9,0,0,normal,0.071
e40e3997-a2b3-4f92-901a-75cdffc2dc84,5/29/2026 15:54,ACC20506,4755-XXXX-XXXX-6273,17.67,USD,Restaurant,Los Angeles,US,ATM,6.6,0,0,normal,0.213
3d6ca530-7c3d-4b22-a0a0-f2239f7def99,5/10/2026 10:24,ACC71928,4557-XXXX-XXXX-3685,32.41,USD,Restaurant,Paris,FR,Mobile App,26.3,0,0,normal,0.142
c7be7269-8209-46be-9187-d7e72a21e7dc,6/25/2026 14:26,ACC60434,4290-XXXX-XXXX-8486,6.86,USD,Grocery,Delhi,IN,Mobile App,27.5,0,1,normal,0.064
35d0188c-1cff-45a5-9bb3-94e4e95c07a2,6/29/2026 21:24,ACC24047,4762-XXXX-XXXX-2805,32.09,USD,Travel,Chicago,US,Online,0.7,0,0,normal,0.074
b23ea5b9-a46e-45f6-8ece-baaa11f32f0e,5/26/2026 7:31,ACC63483,4105-XXXX-XXXX-1430,20.54,USD,Subscription,Los Angeles,US,POS,14.2,0,0,normal,0.154
2c5d8a18-022e-4ccf-b557-301ae78d0ed4,6/29/2026 0:51,ACC66485,4174-XXXX-XXXX-3890,27.43,USD,Gas Station,Paris,FR,Mobile App,7.5,0,0,normal,0.127
b1c2af84-de30-4c32-a229-8aac5ef7fda6,5/3/2026 16:30,ACC44973,4787-XXXX-XXXX-6573,44.97,USD,Restaurant,Toronto,CA,POS,11.7,0,0,normal,0.011
24a4d7b7-1f0d-45fa-9a56-bb03ef6dcbee,7/16/2026 13:52,ACC88056,4903-XXXX-XXXX-6871,49.37,USD,Coffee Shop,London,GB,ATM,37.2,0,1,normal,0.233
563c1d4d-8a5f-436a-aa0d-0da8935eb17d,6/22/2026 8:36,ACC40726,4660-XXXX-XXXX-8961,21.97,USD,Retail,Bangalore,IN,ATM,8.8,0,1,normal,0.132
c9f5ca79-6b5b-4501-926a-b4a58f4f4480,6/11/2026 18:28,ACC92211,4151-XXXX-XXXX-5225,34.96,USD,Gas Station,Chicago,US,Mobile App,36.4,0,1,normal,0.026
33d9dfe4-64fb-43ba-89ae-86cc7319408f,5/22/2026 9:09,ACC36724,4420-XXXX-XXXX-9221,17.48,USD,Coffee Shop,Paris,FR,ATM,34.9,0,1,normal,0.025
e11916c4-4fb0-4545-9a69-6c9d46fe80df,5/13/2026 18:03,ACC49514,4625-XXXX-XXXX-8075,78.22,USD,Grocery,Delhi,IN,POS,4.1,0,0,normal,0.023
1eb397d6-ccc9-4138-a118-4d15a47dd575,6/1/2026 18:14,ACC16839,4656-XXXX-XXXX-8873,87.57,USD,Insurance,Bangalore,IN,Mobile App,22.2,0,0,normal,0.213
e1e96f49-4715-4599-b58f-a20cbdcd5237,7/31/2026 16:06,ACC22559,4396-XXXX-XXXX-3105,22.77,USD,Healthcare,Dubai,AE,Mobile App,30.5,0,0,normal,0.196
e6247b0b-392d-4bb8-b9dc-a3f0aaef9ae9,5/20/2026 12:02,ACC35772,4470-XXXX-XXXX-3927,58.37,USD,Pharmacy,Houston,US,ATM,18.8,0,1,normal,0.136
979b3e9c-8ac6-48c6-b984-5e758fe0c2e2,5/6/2026 4:42,ACC17784,4142-XXXX-XXXX-4346,14.09,USD,Subscription,Berlin,DE,Mobile App,37,0,0,normal,0.221
ba879cf6-bdf5-4c46-8bd7-82a7f5303154,5/20/2026 17:35,ACC50897,4211-XXXX-XXXX-2381,23.57,USD,Electronics,New York,US,Mobile App,3.7,0,0,normal,0.065
bc8efb6d-0db9-4a98-9178-8149badaed35,7/10/2026 15:00,ACC36680,4273-XXXX-XXXX-9998,54.97,USD,Coffee Shop,Houston,US,Online,37.1,0,0,normal,0.178
32ba9d16-5c5e-4439-981b-412fa3ef14ac,5/7/2026 16:14,ACC10565,4087-XXXX-XXXX-8763,15.95,USD,Healthcare,Tokyo,JP,Mobile App,9.8,0,1,normal,0.118
f642c53e-1875-4520-b3f3-23660b47ae9c,6/24/2026 22:52,ACC33519,4309-XXXX-XXXX-1231,13.31,USD,Healthcare,Sydney,AU,Online,11,0,2,normal,0.143
132d272a-a0bb-4135-82e8-fdc8563c318a,7/5/2026 11:51,ACC13620,4247-XXXX-XXXX-9633,22.05,USD,Gas Station,London,GB,Mobile App,5.9,0,0,normal,0.06
a3229bc5-6c9b-471c-b3b2-f3d47cd4c259,6/27/2026 20:54,ACC75061,4765-XXXX-XXXX-2620,46.39,USD,Coffee Shop,Houston,US,ATM,30.5,0,0,normal,0.021
ea90f09a-f28b-4d2f-8880-c1d328c17138,6/8/2026 1:15,ACC98055,4263-XXXX-XXXX-7808,8.25,USD,Subscription,Chicago,US,Online,36.2,0,0,normal,0.049
0fee795d-ba7b-4275-90be-61801fa93829,5/27/2026 10:53,ACC80657,4932-XXXX-XXXX-2500,147.98,USD,Entertainment,Toronto,CA,Online,36.8,0,0,normal,0.133
12330511-2e65-4839-b8c8-7a7417669a2b,5/24/2026 10:06,ACC29523,4246-XXXX-XXXX-6091,49.99,USD,Retail,Dubai,AE,Mobile App,25,0,0,normal,0.017
226aa8a7-d3aa-4608-8044-090161596fb8,5/22/2026 13:26,ACC11487,4220-XXXX-XXXX-7478,95.45,USD,Home Improvement,Houston,US,Mobile App,20.2,0,0,normal,0.248
74bbd828-a56e-43ee-baa3-cda2fef9d87f,5/9/2026 18:25,ACC28338,4340-XXXX-XXXX-9529,15.17,USD,Restaurant,Chicago,US,Mobile App,24.4,0,1,normal,0.122
729608c5-dac1-49d5-80a5-4146319b8023,5/20/2026 20:35,ACC37159,4908-XXXX-XXXX-7810,891.8,USD,Restaurant,Chicago,US,Online,24,0,11,suspicious,0.739
6d976543-dca4-450f-a5a6-10300b321923,6/24/2026 15:04,ACC44600,4517-XXXX-XXXX-9004,11.29,USD,Home Improvement,Mumbai,IN,Mobile App,36.2,0,1,normal,0.032
6f15fd32-573d-42c9-8e16-59491d32ba4a,5/4/2026 16:54,ACC94245,4822-XXXX-XXXX-1572,22.79,USD,Electronics,Dubai,AE,POS,4.5,0,1,normal,0.113
7483a5c4-59a0-45d9-91e3-0b3db2749ea1,6/11/2026 12:37,ACC87388,4809-XXXX-XXXX-3291,49.54,USD,Entertainment,New York,US,Mobile App,15.9,0,0,normal,0.226
39d0d86b-392b-41b8-8201-a5ddd57f6cfb,5/20/2026 11:20,ACC95459,4307-XXXX-XXXX-4757,61.45,USD,Pharmacy,Tokyo,JP,POS,26,0,1,normal,0.22
09b525c8-7010-45a7-b04c-01294f87a9f1,5/30/2026 14:30,ACC88765,4660-XXXX-XXXX-4055,4.09,USD,Subscription,Paris,FR,ATM,31.4,0,0,normal,0.183
4c3dada8-8d27-4355-beb6-9563af6ceb97,6/14/2026 2:03,ACC39755,4706-XXXX-XXXX-2290,4532.99,USD,Coffee Shop,New York,US,Mobile App,27.3,0,2,suspicious,0.91
f17da948-45f8-460a-b441-d934fca89ec4,5/22/2026 13:44,ACC33950,4828-XXXX-XXXX-4143,14.08,USD,Healthcare,Toronto,CA,Mobile App,39.3,0,1,normal,0.116
928fcaa3-54cf-43c0-ab3b-55e9f5af011a,5/13/2026 8:23,ACC32396,4534-XXXX-XXXX-6038,31.84,USD,Subscription,Chicago,US,ATM,11.9,0,0,normal,0.221
e2fc9a15-a189-4e73-ac5f-b1b6926cb0af,6/29/2026 10:21,ACC71537,4779-XXXX-XXXX-6246,74.21,USD,Electronics,Delhi,IN,Online,14.8,0,0,normal,0.145
0d47c987-5e50-43dd-bed5-9f2c105adb81,6/5/2026 14:42,ACC88632,4453-XXXX-XXXX-6772,18.21,USD,Electronics,Singapore,SG,Mobile App,22,0,2,normal,0.213
b8c8b55b-e0cb-4674-a78f-9d5812debe47,5/15/2026 16:28,ACC95790,4105-XXXX-XXXX-5496,14.17,USD,Healthcare,Delhi,IN,Online,19.1,0,0,normal,0.095
d0bdd5d7-a229-4397-9621-2b63d790daac,6/20/2026 19:29,ACC24746,4634-XXXX-XXXX-9817,16.01,USD,Gas Station,Toronto,CA,Online,23.1,0,0,normal,0.215
d7723bdb-82e7-4b33-8407-b169b142575c,7/21/2026 16:35,ACC65363,4827-XXXX-XXXX-1209,51.32,USD,Education,Sydney,AU,POS,1,0,0,normal,0.171
3fd68dec-dd69-4ba3-a4fe-f148c0252b7c,6/8/2026 22:26,ACC36315,4831-XXXX-XXXX-1210,68.19,USD,Utilities,Berlin,DE,POS,36.3,0,0,normal,0.019
198fedca-9c7c-4293-adad-2094acd060ae,5/26/2026 10:02,ACC64209,4938-XXXX-XXXX-5242,17.31,USD,Education,Singapore,SG,ATM,29.2,0,2,normal,0.21
381bb775-58f8-4a22-97fc-0bf75b7e03bf,5/20/2026 11:59,ACC53017,4601-XXXX-XXXX-4153,54.61,USD,Entertainment,Sydney,AU,POS,4.1,0,0,normal,0.026
d73f449f-bfb2-4c2e-91fa-fb7e0ecf4130,7/29/2026 16:50,ACC10395,4763-XXXX-XXXX-4570,43.41,USD,Pharmacy,Toronto,CA,POS,1.8,0,0,normal,0.025
0a97b28e-de09-451e-b24e-0847998f8900,5/2/2026 13:44,ACC77441,4658-XXXX-XXXX-5600,21.75,USD,Gas Station,London,GB,Online,6,0,0,normal,0.154
f46a4880-ee8c-4a63-bb51-41f6da3c7a1f,6/7/2026 11:30,ACC34267,4196-XXXX-XXXX-4545,30.96,USD,Home Improvement,Los Angeles,US,ATM,11.1,0,0,normal,0.192
8877e61e-a7b5-4b86-b727-e13e3b6a4de0,7/8/2026 20:57,ACC33010,4502-XXXX-XXXX-1621,119.84,USD,Travel,New York,US,POS,2.2,0,0,normal,0.015
c2e6efbc-e7ec-4796-94af-1503a9b97fd3,7/29/2026 8:11,ACC94849,4227-XXXX-XXXX-5178,15.82,USD,Insurance,Dubai,AE,Mobile App,2.8,0,0,normal,0.187
78df74cc-2431-449e-884d-f7f717a60397,8/6/2026 12:57,ACC66124,4812-XXXX-XXXX-1081,81.64,USD,Insurance,Chicago,US,Online,10.5,0,0,normal,0.113
edaa8efa-704f-47c1-a99b-33367f8f3eff,8/1/2026 17:35,ACC61024,4064-XXXX-XXXX-1903,20.77,USD,Grocery,Chicago,US,POS,33.3,0,1,normal,0.131
a884a4f9-b056-4142-9f1b-27f3c7067d4f,6/1/2026 12:23,ACC97843,4375-XXXX-XXXX-8336,28.27,USD,Grocery,London,GB,POS,5.9,0,0,normal,0.183
50d6e5fd-c9ff-4c8e-b640-1ea07b685f17,6/26/2026 22:14,ACC99015,4376-XXXX-XXXX-3937,66.97,USD,Subscription,Bangalore,IN,POS,39.9,0,0,normal,0.035
e8eb0588-8304-4a0f-abc0-0a65aa37e672,7/9/2026 12:27,ACC54223,4892-XXXX-XXXX-3480,248.03,USD,Electronics,Houston,US,ATM,21.2,0,0,normal,0.076
13fe5ce9-2216-40d7-8672-314b3d6b2087,5/8/2026 13:44,ACC66689,4418-XXXX-XXXX-7021,15.48,USD,Travel,Houston,US,ATM,12.7,0,0,normal,0.053
03f05b72-fbde-42c9-b277-d3006acdd6f3,6/10/2026 9:06,ACC38473,4790-XXXX-XXXX-6821,20.9,USD,Gas Station,Houston,US,POS,5.5,0,1,normal,0.116
94f1a4d0-e736-4f2a-86f4-a5ddd50cd330,7/20/2026 10:19,ACC32955,4641-XXXX-XXXX-7999,30.4,USD,Grocery,Houston,US,ATM,1.9,0,0,normal,0.164
96102f12-2bef-4671-be0d-ae362a784ff9,5/22/2026 11:53,ACC62266,4412-XXXX-XXXX-8458,31.85,USD,Home Improvement,London,GB,ATM,11.8,0,0,normal,0.184
4d35a71b-9a25-4618-8ba6-c10d429b2630,5/24/2026 13:52,ACC48307,4462-XXXX-XXXX-7031,44.23,USD,Electronics,Toronto,CA,POS,7.5,0,1,normal,0.031
be9dd7f4-9ca0-4deb-89a3-87dfa07f0933,6/22/2026 7:23,ACC44189,4032-XXXX-XXXX-2889,13.86,USD,Insurance,Paris,FR,Online,19,0,0,normal,0.088
bdb48b2a-fb40-4d98-8524-2545d98bf4d8,6/28/2026 23:18,ACC11348,4456-XXXX-XXXX-7180,20.66,USD,Coffee Shop,Toronto,CA,Online,5.8,0,1,normal,0.216
8f9a1cda-2560-46e6-b7b4-116dabd3691d,6/1/2026 12:23,ACC86298,4024-XXXX-XXXX-2576,44.26,USD,Electronics,Houston,US,Online,1.3,0,0,normal,0.011
4a67f2c3-2bed-46ad-ad6a-0e9faac657f3,5/10/2026 19:34,ACC65333,4610-XXXX-XXXX-2040,63.21,USD,Gas Station,Los Angeles,US,ATM,15.3,0,2,normal,0.137
f065a905-3f24-4726-a6ab-d1046f79fcff,6/5/2026 9:12,ACC32402,4069-XXXX-XXXX-6776,129.17,USD,Home Improvement,New York,US,POS,20.9,0,1,normal,0.183
4e1f133d-032c-4f6d-a01e-7a6b4ec00032,5/8/2026 11:55,ACC38940,4156-XXXX-XXXX-1827,8.27,USD,Travel,Toronto,CA,ATM,38.8,0,1,normal,0.148
e1971fa8-b790-4793-b42c-44b788a5d7ac,7/27/2026 10:49,ACC70266,4982-XXXX-XXXX-6381,76.15,USD,Entertainment,Singapore,SG,POS,36.6,0,0,normal,0.231
1a7cb49d-0b83-45da-8984-ebb3a0a8545a,5/1/2026 11:43,ACC32595,4193-XXXX-XXXX-9162,49.19,USD,Pharmacy,New York,US,Online,21.4,0,2,normal,0.033
c28e6475-456d-4e27-b006-e96a68baf463,6/16/2026 11:44,ACC61138,4390-XXXX-XXXX-6437,63.61,USD,Home Improvement,Berlin,DE,ATM,22.8,0,0,normal,0.04
9137e0f0-5443-4845-8f0f-13c4764ba6c7,6/28/2026 11:06,ACC87291,4941-XXXX-XXXX-8838,11.16,USD,Utilities,Sydney,AU,POS,27.2,0,2,normal,0.13
d65a7321-df59-42e6-b9ec-48b23137d58f,7/6/2026 20:39,ACC59691,4775-XXXX-XXXX-7587,59.12,USD,Insurance,Dubai,AE,Online,36.6,0,0,normal,0.176
8075182c-36a7-45f2-ad85-ddfcc612f866,7/1/2026 19:11,ACC93472,4955-XXXX-XXXX-5485,68.18,USD,Subscription,Singapore,SG,Online,31.2,0,0,normal,0.054
d0c021b6-af1e-4a12-9d6c-7b15a9202193,6/16/2026 20:00,ACC75521,4626-XXXX-XXXX-2442,51.06,USD,Travel,Bangalore,IN,Mobile App,13.9,0,0,normal,0.067
db895848-fef3-443b-8c66-72025cb86711,6/25/2026 11:45,ACC91045,4939-XXXX-XXXX-6019,4.91,USD,Electronics,Delhi,IN,POS,32.6,0,0,normal,0.106
b17cf956-1aff-4b3f-8691-d359182eca76,5/22/2026 1:37,ACC69562,4665-XXXX-XXXX-7308,18.01,USD,Electronics,Sydney,AU,POS,11.6,0,0,normal,0.109
423909a9-18a4-4ad4-a198-6c42ffa073e2,6/14/2026 3:42,ACC22339,4912-XXXX-XXXX-9917,8684.84,USD,Retail,Bangalore,IN,Online,17.4,0,1,suspicious,0.684
fedca0c9-dd38-4840-9aa9-7321aff6c8ee,7/22/2026 7:39,ACC66899,4645-XXXX-XXXX-7979,85.07,USD,Subscription,Sydney,AU,POS,1.6,0,0,normal,0.121
8cc76b1f-cd82-44bc-a80f-205b69a21d2e,7/4/2026 18:10,ACC49809,4364-XXXX-XXXX-4365,85.95,USD,Coffee Shop,Bangalore,IN,ATM,10.6,0,1,normal,0.151
f5468c84-eb46-4208-9cf6-b26f01f5e6cc,5/16/2026 8:52,ACC90546,4745-XXXX-XXXX-8454,11.35,USD,Utilities,Bangalore,IN,ATM,1.9,0,0,normal,0.039
6b6e3044-d473-4f8e-811e-126baa9c4465,5/13/2026 9:54,ACC99247,4732-XXXX-XXXX-7524,3.4,USD,Utilities,London,GB,Mobile App,21.5,0,0,normal,0.147
3700f068-6274-41fe-b932-7fbd5e30cca9,6/21/2026 15:07,ACC51881,4942-XXXX-XXXX-4992,4.9,USD,Grocery,Toronto,CA,ATM,32,0,0,normal,0.124
ab85adb3-f838-45e9-9bde-6948ffc0ea88,7/8/2026 18:35,ACC40753,4151-XXXX-XXXX-3768,33.53,USD,Healthcare,Sydney,AU,Online,25.6,0,1,normal,0.116
f8f9b033-0bd4-4e0c-bc6b-dddbd91d7f50,7/18/2026 6:04,ACC23958,4843-XXXX-XXXX-3424,2.58,USD,Travel,Paris,FR,Online,33.8,0,0,normal,0.239
b31e5bfc-6ad5-420a-89b2-1ad0106a70dd,8/4/2026 15:08,ACC69515,4015-XXXX-XXXX-3732,13.9,USD,Insurance,Chicago,US,POS,16.7,0,1,normal,0.181
4ca5bc21-9b4b-4e2c-a263-e5dd7cd08605,5/13/2026 10:39,ACC76949,4368-XXXX-XXXX-1908,36.26,USD,Travel,Mumbai,IN,ATM,34.4,0,0,normal,0.048
43494e8e-bacd-4637-a2dd-724443c2b9a7,7/30/2026 15:15,ACC78906,4936-XXXX-XXXX-6880,37.97,USD,Travel,Paris,FR,ATM,15.6,0,0,normal,0.147
0f79e1b2-e1ab-4fa2-8ef0-96fd747962c6,8/4/2026 11:23,ACC95267,4811-XXXX-XXXX-1612,24.73,USD,Retail,Dubai,AE,ATM,35.1,0,0,normal,0.138
28ba787d-182a-4de9-b9aa-6aded3fe8afd,5/28/2026 10:49,ACC86622,4438-XXXX-XXXX-7543,55.73,USD,Retail,London,GB,Mobile App,8.8,0,2,normal,0.132
c84fcad8-6f14-4f96-868d-111cbd5db162,6/25/2026 12:35,ACC49618,4115-XXXX-XXXX-7733,34.37,USD,Restaurant,Delhi,IN,ATM,9.7,0,1,normal,0.135
3371a5ad-0e11-4eeb-b6f5-7342e399042c,5/23/2026 14:07,ACC62532,4109-XXXX-XXXX-3203,987.53,USD,Healthcare,Toronto,CA,ATM,17,0,2,suspicious,0.902
868b9e96-6ae7-4a4d-97ef-994626f35423,8/3/2026 23:29,ACC23033,4333-XXXX-XXXX-2040,19.32,USD,Home Improvement,Bangalore,IN,Online,16.2,0,1,normal,0.105
4fcdbeb4-42cf-42c3-a82f-956687b79cad,7/6/2026 12:57,ACC69251,4280-XXXX-XXXX-4430,18.07,USD,Travel,Houston,US,Online,23.1,0,0,normal,0.198
9b59ee1a-097c-4ff2-8ef5-532252b94822,7/24/2026 18:04,ACC71121,4697-XXXX-XXXX-3461,24.4,USD,Travel,Los Angeles,US,Mobile App,25,0,0,normal,0.083
6fe686cc-caef-4f47-b738-44e90564a0b7,6/28/2026 10:05,ACC86027,4360-XXXX-XXXX-3354,33.84,USD,Home Improvement,Delhi,IN,POS,5.5,0,0,normal,0.197
2a6651fb-1eea-40d2-b578-3cf8e371dbba,6/9/2026 11:28,ACC66599,4157-XXXX-XXXX-2036,56.71,USD,Insurance,Paris,FR,Online,18.9,0,0,normal,0.1
80f85a1b-5177-45c1-9593-316dfd1e5f70,7/7/2026 20:35,ACC82199,4281-XXXX-XXXX-3050,8.54,USD,Electronics,Houston,US,Mobile App,24.6,0,0,normal,0.164
4c2d087c-7851-4386-82fa-7760ddf688fc,5/1/2026 8:24,ACC47707,4427-XXXX-XXXX-3938,21.7,USD,Pharmacy,Singapore,SG,ATM,36.3,0,0,normal,0.017
7e8f68f8-c591-43f6-9dd6-8b83b322c3e9,5/27/2026 3:08,ACC42576,4377-XXXX-XXXX-8404,54.09,USD,Restaurant,Tokyo,JP,ATM,20.6,0,0,normal,0.011
813a315a-d108-419f-9ad6-e6639f4a301d,5/31/2026 18:32,ACC15286,4220-XXXX-XXXX-6370,129.34,USD,Pharmacy,Los Angeles,US,Online,3.6,0,0,normal,0.095
f6b132a6-3173-48e8-b566-f6a8c1205514,5/2/2026 8:24,ACC51383,4804-XXXX-XXXX-8972,37.82,USD,Coffee Shop,Singapore,SG,Mobile App,10,0,1,normal,0.021
c6221cdf-5b64-46e3-862d-bd8b24731ab0,7/26/2026 15:26,ACC68349,4430-XXXX-XXXX-9133,9.06,USD,Home Improvement,London,GB,Mobile App,12.6,0,0,normal,0.029
82c0f190-4bf1-45bd-b2d3-83a8a4196f60,7/25/2026 9:46,ACC31286,4981-XXXX-XXXX-5449,9.49,USD,Utilities,Toronto,CA,Online,22.5,0,0,normal,0.196
3473fe4d-b695-4038-afe8-35915daf30c7,6/9/2026 14:23,ACC84256,4662-XXXX-XXXX-8436,34.67,USD,Insurance,Los Angeles,US,ATM,1.5,0,2,normal,0.124
b9418d89-da69-4e9d-8946-da9d1e657dce,7/20/2026 21:46,ACC89557,4662-XXXX-XXXX-9751,35.85,USD,Education,Los Angeles,US,POS,17.5,0,1,normal,0.024
b181d79b-0a7b-4857-9aab-f8e7e684fe53,6/11/2026 13:15,ACC37349,4833-XXXX-XXXX-9644,14.32,USD,Subscription,Berlin,DE,Mobile App,30.4,0,0,normal,0.119
655ff942-a1c3-4ab9-a661-32195b581a30,5/13/2026 13:39,ACC89791,4585-XXXX-XXXX-4783,19.33,USD,Education,Berlin,DE,Mobile App,33.4,0,0,normal,0.074
7e69b91f-2d12-4c98-8c29-2b91a5becefd,8/5/2026 20:10,ACC10358,4013-XXXX-XXXX-2458,66.62,USD,Home Improvement,Toronto,CA,POS,33.4,0,0,normal,0.046
7ed02a80-8195-41df-8783-1fd562a699a5,5/24/2026 9:15,ACC43218,4463-XXXX-XXXX-2948,38.82,USD,Healthcare,Mumbai,IN,ATM,37.8,0,0,normal,0.013
7153c95f-b206-424a-9797-34dfca3aab0b,7/23/2026 11:18,ACC45903,4898-XXXX-XXXX-9927,19.86,USD,Home Improvement,Paris,FR,ATM,39.5,0,1,normal,0.052
83e360af-b083-44e7-97dc-492796d84a68,6/24/2026 0:53,ACC77726,4187-XXXX-XXXX-3636,23,USD,Restaurant,Dubai,AE,Mobile App,28.7,0,0,normal,0.043
75485411-9705-4976-a5bd-c36d5ebf4306,7/27/2026 12:38,ACC97097,4300-XXXX-XXXX-3725,20.12,USD,Insurance,Los Angeles,US,ATM,6.8,0,0,normal,0.21
c930c6bc-017d-49f7-a996-6f1e7ec61262,7/11/2026 16:15,ACC84972,4089-XXXX-XXXX-1662,53.78,USD,Education,Tokyo,JP,Online,35.7,0,0,normal,0.019
aa624f1c-94bc-4719-b40d-bb80946588f0,6/29/2026 12:41,ACC37969,4237-XXXX-XXXX-2644,31.53,USD,Healthcare,Berlin,DE,POS,16.3,0,0,normal,0.046
9106b547-5876-4208-84cf-378c321d10eb,6/26/2026 11:34,ACC60885,4895-XXXX-XXXX-8573,20.74,USD,Travel,Los Angeles,US,POS,14,0,0,normal,0.138
b40a249b-1b3a-48ad-951d-444146dba4c4,7/7/2026 21:32,ACC23917,4326-XXXX-XXXX-4960,56.25,USD,Gas Station,Tokyo,JP,ATM,4.9,0,0,normal,0.044
a748c75e-e3ef-420e-a064-7f8da510f59f,6/27/2026 9:59,ACC40832,4919-XXXX-XXXX-5740,46.73,USD,Subscription,Tokyo,JP,Mobile App,26,0,0,normal,0.03
5d30099a-b11a-4518-9ec4-dd7bdf9953a9,6/12/2026 12:06,ACC97136,4682-XXXX-XXXX-6857,19.69,USD,Retail,Toronto,CA,POS,3.5,0,0,normal,0.221
e36e3c96-19e4-45a1-8288-3a9c6597fa91,5/15/2026 15:35,ACC60394,4473-XXXX-XXXX-1672,5.16,USD,Healthcare,Mumbai,IN,ATM,36.4,0,0,normal,0.055
b4321f8a-a16c-4e12-8fea-ceb1f6e2e713,5/6/2026 8:04,ACC53666,4807-XXXX-XXXX-1881,38.36,USD,Gas Station,Bangalore,IN,POS,12.4,0,1,normal,0.202
faea7d0d-2ab6-42ad-ae3c-4c1fbd0de1d1,8/2/2026 8:55,ACC75129,4490-XXXX-XXXX-5955,2244.01,USD,Electronics,Unknown,XX,Mobile App,11331,1,3,suspicious,0.682
e76d5e6f-2095-496a-a84d-07750670d1c5,7/12/2026 7:24,ACC77603,4047-XXXX-XXXX-7568,52.26,USD,Entertainment,Sydney,AU,POS,35.1,0,1,normal,0.196
cd9c39c9-d3f3-4a6b-bf9e-1df253ade751,7/26/2026 15:12,ACC50425,4143-XXXX-XXXX-7917,28.48,USD,Pharmacy,Sydney,AU,Online,19,0,0,normal,0.217
37614242-4b26-445a-b264-96cbbf46a238,5/20/2026 20:59,ACC80206,4901-XXXX-XXXX-6633,183.92,USD,Travel,Sydney,AU,ATM,10.6,0,0,normal,0.147
a20e1725-80c2-4e7e-a572-96d50811ad04,7/3/2026 9:30,ACC38110,4837-XXXX-XXXX-7872,42.85,USD,Retail,Tokyo,JP,ATM,29.1,0,2,normal,0.033
3cb48ef4-68e7-467f-b47d-8d0585bd82ec,5/28/2026 13:51,ACC16003,4248-XXXX-XXXX-3138,14.27,USD,Grocery,Paris,FR,POS,6.9,0,0,normal,0.084
f4a9fe67-3671-49bd-bcbd-0eb9442123b3,7/24/2026 11:12,ACC77033,4118-XXXX-XXXX-7311,11.82,USD,Insurance,Sydney,AU,Online,10.2,0,1,normal,0.01
f60f9800-3efc-42f5-88c8-19f6e4a71e7e,7/11/2026 18:24,ACC95745,4832-XXXX-XXXX-5364,26.2,USD,Gas Station,Berlin,DE,Online,30.8,0,0,normal,0.122
78e5be9d-29f5-406f-9430-3b098f90ef43,5/27/2026 0:21,ACC61775,4563-XXXX-XXXX-9871,26.77,USD,Coffee Shop,Bangalore,IN,ATM,35.6,0,0,normal,0.165
aa061318-43e7-4050-9af9-5377134ab211,5/6/2026 21:32,ACC50730,4564-XXXX-XXXX-1224,120.59,USD,Travel,Los Angeles,US,ATM,3.7,0,2,normal,0.229
1c44aada-1a5b-4b2b-9eb8-36ce49d38fe4,7/25/2026 17:54,ACC35733,4095-XXXX-XXXX-7289,16.13,USD,Entertainment,Delhi,IN,Mobile App,15.8,0,0,normal,0.083
1306cd2e-f2bb-4db0-8346-0c815b7028c0,6/13/2026 8:15,ACC26429,4214-XXXX-XXXX-3133,12.01,USD,Home Improvement,Los Angeles,US,POS,17,0,1,normal,0.037
38f231fb-83bc-43bc-a215-8242975d6caa,6/5/2026 16:52,ACC78785,4631-XXXX-XXXX-7276,3.19,USD,Pharmacy,Paris,FR,ATM,23.5,0,2,normal,0.128
c994443c-b27f-406f-a224-827809d391d9,7/21/2026 14:46,ACC38906,4499-XXXX-XXXX-4595,29.36,USD,Home Improvement,Tokyo,JP,Mobile App,17.4,0,0,normal,0.091
20648a60-a211-4550-b0d2-76c348097b58,5/12/2026 16:45,ACC56538,4198-XXXX-XXXX-9621,3.62,USD,Utilities,Tokyo,JP,Mobile App,23.5,0,1,normal,0.039
7613103c-b151-4533-9050-7d4ef161bf6d,7/30/2026 2:18,ACC99537,4386-XXXX-XXXX-9314,7.33,USD,Gas Station,Mumbai,IN,Mobile App,2.9,0,1,normal,0.085
7ce45661-71df-4bcb-82b1-00cf191277a2,7/14/2026 13:58,ACC11742,4238-XXXX-XXXX-1347,9.01,USD,Home Improvement,London,GB,POS,12.4,0,1,normal,0.192
954bc4d7-b83b-4279-9496-1f64160cb553,5/29/2026 8:09,ACC86989,4747-XXXX-XXXX-8776,27.86,USD,Pharmacy,Berlin,DE,Online,29.8,0,2,normal,0.218
68df21fb-51bc-496c-a42b-c978db32c6a2,6/12/2026 16:45,ACC32736,4204-XXXX-XXXX-5446,28.36,USD,Home Improvement,Mumbai,IN,ATM,3.6,0,1,normal,0.168
2c3716f2-557c-4eed-8f85-5b881f2f77d3,5/31/2026 1:36,ACC23317,4177-XXXX-XXXX-2037,8175.46,USD,Home Improvement,Paris,FR,Mobile App,33.6,0,2,suspicious,0.825
b0379e24-a95d-4537-9ecc-d13e5b0a6ba6,5/15/2026 7:39,ACC80268,4417-XXXX-XXXX-1702,36.95,USD,Education,Bangalore,IN,Mobile App,25.2,0,1,normal,0.091
faa9bda1-fdf9-4a88-8ff4-19d72a6f64b6,8/7/2026 9:18,ACC34582,4504-XXXX-XXXX-9971,4.46,USD,Subscription,Paris,FR,Online,2.4,0,0,normal,0.17
b9a9c79c-69f5-48c7-b56f-24da50966016,5/20/2026 8:12,ACC66280,4322-XXXX-XXXX-3290,30.71,USD,Restaurant,Dubai,AE,Online,11.1,0,0,normal,0.143
cfc18e85-e6da-4927-975e-31ba8de6dff4,5/30/2026 15:10,ACC82462,4752-XXXX-XXXX-8822,26.97,USD,Home Improvement,Sydney,AU,ATM,22.2,0,0,normal,0.129
d8f15041-8242-4917-b4a5-c068b2549a9e,5/25/2026 8:06,ACC39873,4028-XXXX-XXXX-4467,51.76,USD,Pharmacy,Paris,FR,Mobile App,5.9,0,0,normal,0.097
d3bbd1aa-5e65-4256-85d8-150f4223e6e9,6/13/2026 4:50,ACC19065,4217-XXXX-XXXX-5409,44.35,USD,Travel,Toronto,CA,POS,23.4,0,0,normal,0.026
b148879a-7f33-444e-8a13-d494742b8f72,6/8/2026 5:28,ACC46940,4458-XXXX-XXXX-2802,25.46,USD,Entertainment,New York,US,ATM,33.6,0,0,normal,0.073
0fbbae58-7016-4697-8b2d-959a27d720fc,5/24/2026 12:12,ACC14716,4033-XXXX-XXXX-3897,65.19,USD,Utilities,Dubai,AE,Mobile App,35.4,0,0,normal,0.113
9a2c64c4-9ab9-4020-8394-9dc908d2d509,7/25/2026 12:38,ACC13296,4109-XXXX-XXXX-2443,53.33,USD,Retail,Chicago,US,Mobile App,9.5,0,0,normal,0.183
940d01dc-3677-474f-be6f-45b78d611987,8/1/2026 4:21,ACC13703,4714-XXXX-XXXX-3422,11.83,USD,Healthcare,Houston,US,Mobile App,24.2,0,1,normal,0.045
aabe5feb-9cde-4fb7-8b92-bd819e152054,5/24/2026 18:06,ACC66618,4215-XXXX-XXXX-9270,27.69,USD,Home Improvement,Bangalore,IN,Mobile App,35.4,0,1,normal,0.162
f8b27f94-9f72-43b3-a18e-d96d8aa001bb,6/12/2026 7:27,ACC85228,4914-XXXX-XXXX-7909,103.98,USD,Pharmacy,Toronto,CA,ATM,12.7,0,0,normal,0.057
df491e17-4b53-4f0d-b433-ea23405b8ccb,7/31/2026 20:50,ACC78337,4648-XXXX-XXXX-5480,9.81,USD,Education,Bangalore,IN,Mobile App,23.1,0,0,normal,0.1
d65a2854-1055-41db-b4f2-a8c027a584a0,6/20/2026 7:00,ACC10113,4955-XXXX-XXXX-1619,24.28,USD,Restaurant,Paris,FR,ATM,10.7,0,1,normal,0.227
5b3cd606-01a8-4d98-8921-b13fb36ecf2b,6/28/2026 13:41,ACC62640,4436-XXXX-XXXX-2768,6.68,USD,Grocery,Tokyo,JP,ATM,28.5,0,0,normal,0.226
510ffc3f-948b-4981-bbd5-be6cc45d1287,6/27/2026 14:35,ACC66224,4645-XXXX-XXXX-3621,986.41,USD,Education,Paris,FR,Online,14.1,0,2,suspicious,0.941
723450ba-51f3-4220-b16d-95ae615e6210,8/4/2026 11:51,ACC26569,4968-XXXX-XXXX-9492,38.33,USD,Home Improvement,Tokyo,JP,POS,33.7,0,0,normal,0.044
79f7c4ee-3d47-457f-b9a7-a6485dfab537,6/6/2026 19:56,ACC39105,4800-XXXX-XXXX-6800,16.44,USD,Travel,Paris,FR,Online,5.2,0,0,normal,0.031
36df18ef-538c-4fc3-b041-0fb5bac6322a,6/25/2026 20:46,ACC20118,4627-XXXX-XXXX-6454,60.55,USD,Home Improvement,Sydney,AU,Online,31.5,0,0,normal,0.228
111979a1-3279-41fb-b664-6291296fda66,5/22/2026 14:36,ACC15453,4778-XXXX-XXXX-8231,7.7,USD,Pharmacy,Toronto,CA,Online,39.6,0,0,normal,0.209
624a5241-5636-49ca-90c2-6d2b7c64375a,7/29/2026 11:18,ACC12592,4776-XXXX-XXXX-5606,21.98,USD,Retail,Los Angeles,US,Mobile App,7.7,0,1,normal,0.16
05826c5d-2a4f-4d99-b664-b72a6b3ad4fe,6/9/2026 10:40,ACC47938,4335-XXXX-XXXX-2965,141.21,USD,Retail,New York,US,POS,19.9,0,0,normal,0.041
99f415bb-b6de-4996-b0eb-99f8ba2fb511,8/7/2026 18:34,ACC22932,4014-XXXX-XXXX-9050,59.27,USD,Healthcare,Singapore,SG,POS,6.2,0,0,normal,0.165
d1118a66-7ffd-4798-bb02-1b0a3299d5bb,8/6/2026 19:56,ACC24674,4085-XXXX-XXXX-8281,91.74,USD,Insurance,Toronto,CA,POS,29.2,0,0,normal,0.16
96a939aa-dd7b-47ff-ad47-2782d3754e5e,7/14/2026 20:55,ACC37060,4395-XXXX-XXXX-3823,10.11,USD,Subscription,Berlin,DE,Mobile App,39.3,0,0,normal,0.195
2260df83-dd57-4f28-98ae-c588d62ddc93,7/16/2026 15:17,ACC93964,4292-XXXX-XXXX-4575,14.38,USD,Travel,Chicago,US,ATM,10,0,0,normal,0.068
4b383ce6-3ef2-40a9-9ec8-88b989a0e27f,5/7/2026 10:39,ACC80650,4788-XXXX-XXXX-2605,60.64,USD,Coffee Shop,Delhi,IN,ATM,27.5,0,0,normal,0.094
63ec4fc8-7579-4b1e-8388-d1ae34b7cbc8,7/30/2026 8:12,ACC64638,4853-XXXX-XXXX-6902,43.15,USD,Pharmacy,Delhi,IN,ATM,32,0,1,normal,0.159
f4673292-4ff6-4b36-a0f3-18c7ce3cc656,6/5/2026 11:14,ACC94089,4640-XXXX-XXXX-6785,14.14,USD,Grocery,London,GB,Mobile App,3.8,0,1,normal,0.123
2cfceaad-aee2-49c5-a958-bc91b8f406ce,5/11/2026 18:56,ACC91232,4614-XXXX-XXXX-8751,20.91,USD,Healthcare,Tokyo,JP,Mobile App,28.6,0,0,normal,0.192
9f98f02a-1464-4185-b414-2182fcf53370,7/20/2026 14:49,ACC77970,4594-XXXX-XXXX-7547,13.68,USD,Travel,London,GB,ATM,29.9,0,1,normal,0.246
98d23202-ae42-443f-a20b-80bc0c489808,8/4/2026 8:07,ACC73469,4801-XXXX-XXXX-2260,20.61,USD,Gas Station,Mumbai,IN,Mobile App,10.1,0,0,normal,0.16
22a75d5b-f607-4453-ad1a-6919d70f2fa2,7/13/2026 11:31,ACC81137,4713-XXXX-XXXX-9029,50.57,USD,Gas Station,Paris,FR,Online,22.7,0,0,normal,0.088
e7a5547c-c5ac-492b-93f0-5c8da5096010,7/23/2026 14:00,ACC55587,4959-XXXX-XXXX-1425,12.73,USD,Entertainment,Berlin,DE,Mobile App,36.9,0,1,normal,0.204
1d01c9bf-7171-4c73-94df-1209ce42e762,6/4/2026 1:32,ACC61795,4238-XXXX-XXXX-5278,6978.57,USD,Subscription,Tokyo,JP,Online,32.4,0,2,suspicious,0.772
00704772-c849-4734-8175-6dfbef97cded,5/27/2026 9:12,ACC82305,4132-XXXX-XXXX-2412,8.75,USD,Coffee Shop,Houston,US,POS,12.4,0,2,normal,0.183
665ecfaf-2341-444b-a0ea-c7b0c08c1139,6/26/2026 15:19,ACC11921,4068-XXXX-XXXX-5327,5.31,USD,Education,Toronto,CA,Online,35.3,0,1,normal,0.239
132ffe17-40d0-47e5-9b27-ce7947a0a4b4,5/5/2026 7:00,ACC76608,4802-XXXX-XXXX-6636,64.86,USD,Retail,Sydney,AU,Online,15.2,0,0,normal,0.168
fb0b3812-f27b-4e19-bdcb-d9dda21feba4,7/4/2026 15:27,ACC16629,4457-XXXX-XXXX-8956,167.71,USD,Grocery,Mumbai,IN,ATM,5,0,0,normal,0.015
45f3fcee-3e1f-4d4a-a643-f73ee89dde9b,7/27/2026 10:24,ACC80063,4425-XXXX-XXXX-3108,20.27,USD,Travel,Tokyo,JP,Online,12.6,0,0,normal,0.242
de82772a-3d07-4be7-9082-d94ccb7390f5,5/17/2026 16:05,ACC99463,4043-XXXX-XXXX-1934,13.08,USD,Electronics,Delhi,IN,Online,28,0,0,normal,0.047
0f4899ff-a87b-4ca1-a30b-f88f2572ac99,5/26/2026 5:16,ACC86221,4828-XXXX-XXXX-1268,17.5,USD,Electronics,Dubai,AE,POS,18.2,0,0,normal,0.049
a66be52e-bcd4-460f-93fb-5ffaaefe44da,5/16/2026 5:59,ACC55053,4897-XXXX-XXXX-1948,517.82,USD,Home Improvement,Houston,US,Online,4.8,0,10,suspicious,0.925
b1b0b4b6-0f20-4625-a49a-2afc208b8dc0,5/25/2026 15:53,ACC31771,4615-XXXX-XXXX-7185,18.7,USD,Entertainment,Tokyo,JP,Online,13.9,0,2,normal,0.243
2adf2e48-361f-4680-b9aa-eaa6fbbbb3bc,7/8/2026 20:09,ACC27042,4282-XXXX-XXXX-2254,20.45,USD,Insurance,Bangalore,IN,ATM,35.4,0,0,normal,0.141
b6ea8850-fd19-448b-afb0-c4d94e70f7ed,6/21/2026 18:35,ACC24736,4509-XXXX-XXXX-4178,81.49,USD,Entertainment,Mumbai,IN,Online,34.8,0,1,normal,0.172
e1bed608-78c0-490d-b549-7e306b8aa01e,7/19/2026 16:24,ACC30408,4854-XXXX-XXXX-4085,7.47,USD,Restaurant,Delhi,IN,POS,35.7,0,2,normal,0.202
2e550506-f6fa-4252-b879-cd7d6f10ca8a,5/28/2026 6:44,ACC92323,4766-XXXX-XXXX-3480,17.58,USD,Travel,Berlin,DE,ATM,24.6,0,0,normal,0.062
f802bb66-8e83-4048-bf41-7d8a3618a4cf,8/8/2026 17:45,ACC44638,4992-XXXX-XXXX-8723,15.84,USD,Pharmacy,Bangalore,IN,ATM,11.6,0,0,normal,0.242
a75aad34-a7f0-44b9-930b-0c3adda3c732,5/3/2026 18:50,ACC32388,4860-XXXX-XXXX-4572,15.59,USD,Coffee Shop,London,GB,POS,12.9,0,0,normal,0.02
4143004b-2bde-4a82-a035-ade6d0d7ba49,7/14/2026 17:00,ACC75994,4588-XXXX-XXXX-9982,58.39,USD,Entertainment,Chicago,US,ATM,21.6,0,0,normal,0.221
db837ad0-cb0a-4291-8a8a-98c266d2c1eb,6/9/2026 16:55,ACC98039,4660-XXXX-XXXX-5915,12.58,USD,Utilities,Mumbai,IN,ATM,12.6,0,1,normal,0.027
30c01168-6a4e-41dd-b06f-fb2570a728d8,6/10/2026 12:32,ACC61277,4535-XXXX-XXXX-2717,82.29,USD,Insurance,Singapore,SG,POS,7.3,0,0,normal,0.017
2e1f48e5-c936-48a0-aa6c-086ac50792e0,5/19/2026 11:07,ACC30006,4703-XXXX-XXXX-8770,36.87,USD,Utilities,Paris,FR,POS,3.6,0,0,normal,0.114
4061fa8d-8043-408c-91ce-8018841d09fb,6/23/2026 17:16,ACC42636,4181-XXXX-XXXX-1151,17.86,USD,Education,New York,US,Online,20.7,0,0,normal,0.123
423d1685-0a41-4f64-afc5-b2b9c92ea7fb,7/21/2026 19:22,ACC48314,4184-XXXX-XXXX-1737,13.45,USD,Insurance,London,GB,Mobile App,35.2,0,1,normal,0.124
ac88c606-dae5-479d-b2fd-8b5ebf6e5fd6,5/30/2026 7:27,ACC28630,4802-XXXX-XXXX-7910,22.11,USD,Pharmacy,Toronto,CA,POS,37.5,0,0,normal,0.078
2ba7ffa6-176f-40f4-b42d-9ceac3583cd3,8/1/2026 17:51,ACC51302,4697-XXXX-XXXX-2137,55.96,USD,Healthcare,Paris,FR,Online,7.5,0,1,normal,0.044
a8a80684-01fb-4f4b-8072-d31eae863207,7/1/2026 12:45,ACC24679,4967-XXXX-XXXX-8486,18.35,USD,Retail,Paris,FR,POS,0.3,0,1,normal,0.106
be307bb1-f4d3-4c59-943a-ecbbb73644ee,7/2/2026 6:45,ACC90349,4015-XXXX-XXXX-1741,24.12,USD,Retail,Paris,FR,ATM,8.2,0,0,normal,0.232
f5ea6a83-0968-4286-b5d2-4304fe8fd834,7/21/2026 19:58,ACC24478,4154-XXXX-XXXX-2423,19.66,USD,Insurance,Mumbai,IN,Mobile App,31.6,0,0,normal,0.071
e2e04c5e-020a-4864-a9c0-7d73714b96d2,6/22/2026 6:15,ACC96520,4368-XXXX-XXXX-2767,51.15,USD,Entertainment,Paris,FR,POS,11.7,0,1,normal,0.103
99a61288-8102-4181-9067-896101d003d4,6/28/2026 15:49,ACC96951,4106-XXXX-XXXX-3200,49.34,USD,Insurance,Paris,FR,Mobile App,4.6,0,0,normal,0.143
7703601a-14d6-4ec3-b987-c9de79a9f3a3,6/7/2026 17:52,ACC10647,4956-XXXX-XXXX-1860,3.05,USD,Insurance,Los Angeles,US,Mobile App,35.3,0,0,normal,0.022
5659c152-f100-4392-a6ad-7cb406f1ca49,6/10/2026 18:13,ACC83454,4825-XXXX-XXXX-4478,20.1,USD,Subscription,Tokyo,JP,POS,25.6,0,0,normal,0.071
448fa3c3-b90a-4666-a580-ce8c98bf40c4,7/19/2026 11:36,ACC28040,4340-XXXX-XXXX-6876,10.43,USD,Subscription,Berlin,DE,ATM,18,0,0,normal,0.173
01d9616b-ec28-47e5-b708-0df230310ece,6/25/2026 17:02,ACC11403,4206-XXXX-XXXX-9489,9.1,USD,Travel,Berlin,DE,Mobile App,7.8,0,1,normal,0.133
02ed971f-c19f-4e65-91c3-7232f0379f1b,7/30/2026 17:04,ACC83373,4897-XXXX-XXXX-4129,38.43,USD,Utilities,Tokyo,JP,ATM,15,0,1,normal,0.249
53a96325-a930-4414-87ff-a64e6ffe9249,7/9/2026 15:49,ACC73942,4238-XXXX-XXXX-6189,26.12,USD,Home Improvement,New York,US,Mobile App,32.2,0,0,normal,0.056
5dc37c64-8d74-4f0b-a9b5-d7e029ad2c3d,7/17/2026 13:41,ACC65518,4718-XXXX-XXXX-7590,100.45,USD,Entertainment,Singapore,SG,POS,25.6,0,0,normal,0.047
551c51d8-e599-4144-a967-ec2e513b0ae8,5/15/2026 12:49,ACC58908,4006-XXXX-XXXX-8888,63.34,USD,Education,Bangalore,IN,POS,2.4,0,0,normal,0.145
6c0b3264-57b1-4b0c-9ade-1f4d12c70e0e,7/20/2026 9:20,ACC76496,4805-XXXX-XXXX-9316,6,USD,Entertainment,Sydney,AU,POS,15.6,0,0,normal,0.163
b3c8b2e2-3e2e-4f2f-9887-230d6a1286cc,7/28/2026 18:27,ACC10301,4146-XXXX-XXXX-8009,46.1,USD,Subscription,Delhi,IN,Online,9.8,0,1,normal,0.027
66c3fa82-93f8-4389-baa7-4a4fc87150cc,5/16/2026 6:58,ACC59250,4209-XXXX-XXXX-1621,24.47,USD,Utilities,Sydney,AU,Online,36.9,0,0,normal,0.237
dd3d555c-15c8-4350-94dc-b9310be48165,5/24/2026 20:11,ACC94835,4722-XXXX-XXXX-5842,28.35,USD,Subscription,Mumbai,IN,ATM,35.8,0,2,normal,0.191
0453a278-5cdc-4429-91e4-396f2c1046bc,5/29/2026 16:27,ACC83051,4545-XXXX-XXXX-2939,63.03,USD,Travel,Bangalore,IN,Online,12.7,0,1,normal,0.184
f71034ab-d7ff-411a-8aed-d15d75512f9b,6/12/2026 12:58,ACC35578,4597-XXXX-XXXX-9625,12.38,USD,Restaurant,Bangalore,IN,Online,31.3,0,1,normal,0.057
b6383441-576a-4c39-91ab-015987f074fb,5/27/2026 9:27,ACC22004,4003-XXXX-XXXX-8093,55.07,USD,Home Improvement,Paris,FR,Online,8.4,0,1,normal,0.103
858fa7ec-59c4-42a8-8887-0fb5f8cd5bd6,5/6/2026 15:49,ACC81532,4966-XXXX-XXXX-2371,30.51,USD,Entertainment,Berlin,DE,Online,14.8,0,1,normal,0.158
deeb08ad-541f-415c-87ab-d4042ca9d02c,7/7/2026 17:31,ACC68593,4480-XXXX-XXXX-2539,140.73,USD,Coffee Shop,New York,US,ATM,37.4,0,0,normal,0.15
714aea5a-4e95-41a0-922c-4a3335426c9a,7/6/2026 12:37,ACC76470,4742-XXXX-XXXX-3415,29.41,USD,Insurance,Sydney,AU,Online,19.4,0,0,normal,0.118
5ed23d2c-9157-46a3-8eca-5a1f1ea1f824,5/24/2026 14:01,ACC39581,4794-XXXX-XXXX-9561,53.76,USD,Subscription,Houston,US,ATM,18,0,0,normal,0.216
f6c6cc41-667e-4efd-9cfd-822748d027ea,8/6/2026 17:41,ACC89098,4552-XXXX-XXXX-1019,23.77,USD,Restaurant,Singapore,SG,ATM,20.9,0,0,normal,0.02
227d135f-0a98-4d05-917e-f74153bc05b5,5/2/2026 13:28,ACC11109,4229-XXXX-XXXX-5135,43.4,USD,Gas Station,New York,US,Mobile App,28.5,0,1,normal,0.076
7ff89d2a-a92e-4918-9ec3-4a8a044d485b,7/14/2026 14:20,ACC51098,4822-XXXX-XXXX-1807,17.57,USD,Home Improvement,Toronto,CA,POS,5,0,0,normal,0.154
cd529229-e756-4470-88ca-43a0958ae5d4,5/2/2026 17:14,ACC19547,4802-XXXX-XXXX-8552,132.86,USD,Education,Tokyo,JP,Mobile App,13.4,0,0,normal,0.24
5e1cedc9-4a84-48e5-ae38-06b4e94dd8e8,6/3/2026 17:16,ACC93447,4686-XXXX-XXXX-8758,5.15,USD,Home Improvement,Mumbai,IN,Online,11.1,0,0,normal,0.163
ddc6efed-9102-4f2a-8c70-efd5342a4f2c,5/16/2026 14:32,ACC83946,4114-XXXX-XXXX-2011,34.51,USD,Electronics,Singapore,SG,Online,22.9,0,0,normal,0.089
773bda03-3d64-4917-af40-1f0cc89afdb9,5/4/2026 7:13,ACC94188,4573-XXXX-XXXX-5853,13.57,USD,Travel,Delhi,IN,Online,15.9,0,0,normal,0.058
9d596f69-78bc-41e0-909c-2abcca57b9b0,5/22/2026 18:33,ACC95162,4247-XXXX-XXXX-8139,6.84,USD,Home Improvement,Houston,US,Online,3.4,0,1,normal,0.046
bf626958-fa30-4f6e-b341-39bc2f37af63,5/13/2026 10:02,ACC54427,4746-XXXX-XXXX-4995,4.38,USD,Home Improvement,Singapore,SG,Mobile App,16.8,0,1,normal,0.203
1b76a86d-48a4-4820-a814-51d1ae0030f3,6/21/2026 11:21,ACC72000,4588-XXXX-XXXX-5807,14.21,USD,Electronics,Mumbai,IN,POS,36.6,0,2,normal,0.207
5be063b3-54fd-4a87-8251-fbb32c685abf,6/14/2026 19:23,ACC98864,4023-XXXX-XXXX-9731,42.07,USD,Home Improvement,Dubai,AE,Mobile App,27.2,0,1,normal,0.01
fa1ef02c-ef81-4014-a507-7ae92d639264,7/2/2026 11:01,ACC84311,4122-XXXX-XXXX-4678,8.06,USD,Gas Station,Paris,FR,POS,22.5,0,0,normal,0.166
aa2059f8-83fd-405a-8d01-84fb2f5b5315,7/29/2026 21:06,ACC57798,4544-XXXX-XXXX-4864,148.69,USD,Gas Station,Mumbai,IN,Online,9.8,0,1,normal,0.238
3c58ef9e-88bd-45fa-821d-9e6bb4f50dd8,6/20/2026 10:58,ACC92419,4131-XXXX-XXXX-1596,19.02,USD,Electronics,Dubai,AE,Online,3.4,0,0,normal,0.143
09d40bb1-323c-4a69-ae64-47560b28460b,6/24/2026 17:45,ACC84642,4171-XXXX-XXXX-9964,7.47,USD,Insurance,Dubai,AE,POS,19,0,0,normal,0.072
244a20b5-40d2-499a-b9c2-6e7f5bd0114f,7/23/2026 12:04,ACC43888,4319-XXXX-XXXX-7255,2.5,USD,Utilities,Paris,FR,POS,38.8,0,0,normal,0.053
de724987-31c5-418b-8166-7d942df70dd1,8/1/2026 15:35,ACC45748,4344-XXXX-XXXX-3504,30.82,USD,Healthcare,Sydney,AU,Mobile App,4.4,0,0,normal,0.156
df8816e8-d01c-4153-906c-102d3c0d2f44,7/30/2026 12:19,ACC18258,4982-XXXX-XXXX-5601,27.77,USD,Grocery,Tokyo,JP,Mobile App,28.8,0,0,normal,0.074
b83f527a-4688-40db-bc9e-aad36a49d177,7/13/2026 21:30,ACC55054,4904-XXXX-XXXX-9645,53.66,USD,Pharmacy,Bangalore,IN,POS,4.1,0,0,normal,0.071
2a1b6344-3978-45db-b854-a50456e0e667,7/8/2026 17:33,ACC49305,4457-XXXX-XXXX-3819,75.73,USD,Entertainment,Chicago,US,ATM,7.5,0,1,normal,0.221
8acab364-a56d-42fd-bddd-3fbc43ab3bac,5/2/2026 14:50,ACC52611,4266-XXXX-XXXX-1997,7.4,USD,Travel,Houston,US,Online,35.2,0,0,normal,0.157
a593a97b-269a-44e0-9339-d6a617b6784f,6/20/2026 12:04,ACC59820,4389-XXXX-XXXX-4419,40.13,USD,Travel,Chicago,US,Online,38.8,0,1,normal,0.138
6eeb4357-3953-4853-9500-6d6c8a46bd14,7/18/2026 10:10,ACC25565,4610-XXXX-XXXX-8132,19.58,USD,Healthcare,Bangalore,IN,Online,8.7,0,0,normal,0.037
0e4004e5-58fe-4125-98e5-19428c267c5b,6/2/2026 7:14,ACC87430,4494-XXXX-XXXX-8178,44.4,USD,Home Improvement,Bangalore,IN,Online,24.5,0,1,normal,0.157
75d0dc68-ae5e-4699-941c-9875271b79b9,7/15/2026 12:52,ACC35571,4717-XXXX-XXXX-9978,39.96,USD,Electronics,Delhi,IN,ATM,3.9,0,0,normal,0.2
837769ae-d400-4601-a68d-818eaea994a8,6/22/2026 18:15,ACC96820,4163-XXXX-XXXX-1984,19.25,USD,Pharmacy,Toronto,CA,Online,14.5,0,0,normal,0.244
6c79f1f4-d7bd-4a38-812f-dd73986c2d94,6/5/2026 7:43,ACC90651,4379-XXXX-XXXX-8177,45.78,USD,Home Improvement,Bangalore,IN,Online,17.7,0,1,normal,0.169
2aa77363-ad17-4aaf-be2c-ed4b94bdc231,6/12/2026 15:38,ACC93744,4062-XXXX-XXXX-6913,64.32,USD,Restaurant,Delhi,IN,ATM,32.9,0,1,normal,0.024
2da8ba32-a86b-4bf3-9b61-5bd9f0e65627,7/12/2026 15:18,ACC40710,4781-XXXX-XXXX-9306,36.38,USD,Coffee Shop,Paris,FR,POS,16.8,0,1,normal,0.239
51c66aeb-3ab6-4e1a-acf4-58926f49b73a,7/9/2026 9:57,ACC80178,4860-XXXX-XXXX-5018,58.78,USD,Entertainment,Berlin,DE,ATM,30.8,0,0,normal,0.076
28a2d211-364a-49d2-a304-7b0d680c6201,6/7/2026 10:44,ACC38195,4051-XXXX-XXXX-8780,17.5,USD,Electronics,New York,US,POS,6,0,0,normal,0.177
2610a7a7-3296-4c53-bd74-879f571fd29a,7/1/2026 9:55,ACC25930,4124-XXXX-XXXX-4950,12.92,USD,Entertainment,Singapore,SG,POS,0.4,0,2,normal,0.138
54309853-d640-48d9-8b71-2bee9bf27882,6/6/2026 11:15,ACC65760,4027-XXXX-XXXX-5933,47.69,USD,Entertainment,Mumbai,IN,Online,38.7,0,0,normal,0.04
6b942089-c915-44f8-af84-08488e1a8f77,6/24/2026 18:03,ACC44711,4958-XXXX-XXXX-8033,19.32,USD,Subscription,Bangalore,IN,POS,10.6,0,0,normal,0.046
c9198ee4-ada3-4072-9002-1802f167d84a,6/24/2026 11:27,ACC17321,4740-XXXX-XXXX-3160,60.72,USD,Insurance,Berlin,DE,ATM,2.6,0,0,normal,0.046
6fdb94b5-7e5b-40ee-b81c-429f93300d2a,5/15/2026 11:33,ACC57581,4464-XXXX-XXXX-2270,55.62,USD,Utilities,London,GB,ATM,35.9,0,0,normal,0.153
ffa752d3-bee1-4c9c-9378-f9701d02b82a,5/3/2026 7:09,ACC86089,4704-XXXX-XXXX-4621,25.39,USD,Retail,Los Angeles,US,ATM,15,0,0,normal,0.173
ba01fe45-3105-482e-973a-87822685b79e,6/22/2026 16:36,ACC65641,4416-XXXX-XXXX-6605,16.09,USD,Utilities,New York,US,Online,37.7,0,1,normal,0.143
3bf41ad7-6c8a-4e03-a0f0-074fcd8de505,7/22/2026 17:50,ACC38240,4954-XXXX-XXXX-5831,31.56,USD,Gas Station,Delhi,IN,ATM,31.7,0,0,normal,0.084
0f79679f-d3f3-46d8-a71e-0ce71a67f409,8/1/2026 13:55,ACC47409,4661-XXXX-XXXX-1969,42.71,USD,Retail,Berlin,DE,POS,26.1,0,0,normal,0.187
751da7cb-ebb8-4619-9fa3-0ff1e555e7d6,5/8/2026 16:52,ACC92786,4730-XXXX-XXXX-9516,6.91,USD,Entertainment,Bangalore,IN,Mobile App,16.8,0,1,normal,0.178
38d547a1-ee49-46d6-ac83-80b8580456fc,5/5/2026 7:40,ACC73576,4482-XXXX-XXXX-1321,4.04,USD,Education,Bangalore,IN,ATM,23.4,0,0,normal,0.147
20eacdb2-b6a2-4fcd-95f8-7baf07892bfa,6/10/2026 6:57,ACC52494,4777-XXXX-XXXX-1272,879.94,USD,Utilities,Sydney,AU,Online,0.7,0,9,suspicious,0.87
793a18b0-409f-4d44-b705-c1e735f137ce,7/12/2026 10:50,ACC39464,4288-XXXX-XXXX-1025,72.98,USD,Restaurant,Dubai,AE,ATM,21.7,0,0,normal,0.157
9d7ae687-7f85-4451-be1a-5ff64bb2f5b6,6/17/2026 17:38,ACC76982,4628-XXXX-XXXX-7779,20.45,USD,Grocery,New York,US,Online,39.9,0,0,normal,0.095
6d6fb4fb-f527-40aa-bed3-cdaac71c1fc8,7/15/2026 18:14,ACC41399,4529-XXXX-XXXX-5454,13.02,USD,Retail,Chicago,US,Mobile App,25.9,0,0,normal,0.075
30f91a2c-91f7-4ae3-90a0-8dcd2271d2a8,7/19/2026 9:07,ACC97141,4717-XXXX-XXXX-7590,30.15,USD,Gas Station,Tokyo,JP,Online,17.4,0,0,normal,0.183
41a9525f-9572-46b2-a685-b61c9282bcc2,7/10/2026 11:13,ACC43809,4484-XXXX-XXXX-5194,2.8,USD,Restaurant,Mumbai,IN,ATM,26,0,0,normal,0.04
b44d3bd8-4ea9-4efc-9970-cd7ee08c2996,7/11/2026 14:52,ACC53557,4563-XXXX-XXXX-2336,19.87,USD,Subscription,Berlin,DE,Mobile App,22.8,0,0,normal,0.243
be907947-67ed-4baa-8b84-53b0a695899d,5/17/2026 8:32,ACC46524,4144-XXXX-XXXX-4169,145.67,USD,Grocery,London,GB,Mobile App,27,0,0,normal,0.223
21ba449c-ec0e-4601-8b2e-a9442511f436,5/22/2026 11:16,ACC55485,4989-XXXX-XXXX-5253,37.14,USD,Healthcare,Delhi,IN,ATM,25.3,0,0,normal,0.018
a00798ae-f477-454d-a2b6-29b99705c132,7/11/2026 6:44,ACC51408,4965-XXXX-XXXX-6659,2.5,USD,Gas Station,Tokyo,JP,Online,38.5,0,1,normal,0.127
da632a29-da2f-44a2-a0e9-fa1ff635c135,5/26/2026 13:50,ACC43222,4405-XXXX-XXXX-4228,18.79,USD,Subscription,Singapore,SG,POS,27.3,0,1,normal,0.093
b1df6082-2989-4c22-9b00-26d4b13d5754,6/17/2026 8:32,ACC72566,4163-XXXX-XXXX-6647,57.56,USD,Electronics,Paris,FR,POS,18.8,0,0,normal,0.178
9eed411e-3f19-4242-9384-beef80a3f2ee,7/29/2026 12:37,ACC14951,4010-XXXX-XXXX-5105,20.23,USD,Home Improvement,Paris,FR,POS,28.4,0,0,normal,0.171
4d45c8fc-0824-4201-8f32-0f65e993163c,7/16/2026 12:25,ACC36683,4355-XXXX-XXXX-5718,15.64,USD,Retail,Bangalore,IN,Mobile App,29.4,0,0,normal,0.131
e9e74905-22fc-447d-94b5-3830aff57c63,5/28/2026 12:09,ACC26054,4292-XXXX-XXXX-7524,27.92,USD,Pharmacy,New York,US,Online,23.7,0,0,normal,0.196
044ee4bf-1174-421f-ae90-f5bf7d9599e8,6/25/2026 18:48,ACC96977,4120-XXXX-XXXX-3334,16.37,USD,Education,Tokyo,JP,ATM,13.7,0,0,normal,0.214
2a29d3e3-812f-4162-a6d1-bce6c722a1cd,5/2/2026 19:52,ACC41883,4096-XXXX-XXXX-7683,2536.99,USD,Wire Transfer,Los Angeles,US,ATM,27.4,0,1,suspicious,0.718
f1ed7c60-a42c-4549-971b-d26f9d6a92b9,7/20/2026 4:38,ACC49924,4911-XXXX-XXXX-9328,37.43,USD,Electronics,Bangalore,IN,Online,26.2,0,0,normal,0.092
ff6e38ab-dbc3-45c6-85ae-70aeec88440b,6/12/2026 10:49,ACC50023,4626-XXXX-XXXX-2987,203.72,USD,Pharmacy,Mumbai,IN,ATM,22.8,0,0,normal,0.069
41fdb2f7-3924-42b9-aa20-7202c28eea12,5/19/2026 13:05,ACC71509,4035-XXXX-XXXX-6289,13.02,USD,Home Improvement,Dubai,AE,Mobile App,22.1,0,1,normal,0.118
ddc5d682-8738-4ca6-8469-d942c99606d4,7/29/2026 11:36,ACC77984,4723-XXXX-XXXX-2426,9.22,USD,Electronics,Toronto,CA,ATM,7.1,0,0,normal,0.094
318afb17-f580-483b-a2ee-b7ad9252b131,7/24/2026 18:27,ACC50060,4706-XXXX-XXXX-2047,10.99,USD,Gas Station,Chicago,US,POS,11.4,0,0,normal,0.138
bf04eb5c-ab1f-4e32-9476-3937db2bfe6a,8/7/2026 8:57,ACC22355,4479-XXXX-XXXX-8896,14.76,USD,Gas Station,Sydney,AU,Mobile App,22.4,0,0,normal,0.089
b9f3bb44-dc73-4919-b547-4abc5c0d53fe,6/14/2026 12:58,ACC58177,4902-XXXX-XXXX-5902,41.54,USD,Home Improvement,Los Angeles,US,Online,15.3,0,1,normal,0.22
15f8c094-2eae-48f5-8fee-280201622b04,6/18/2026 21:34,ACC13116,4781-XXXX-XXXX-6006,505.24,USD,Home Improvement,Houston,US,Online,13.5,0,10,suspicious,0.759
e21fba4d-ce4a-494a-aa32-f4cdd014b51b,5/3/2026 11:58,ACC75422,4664-XXXX-XXXX-8471,25.14,USD,Utilities,Sydney,AU,ATM,16.4,0,0,normal,0.14
0f537563-0ef6-4baa-82e8-76c55c9208ec,6/15/2026 11:22,ACC63440,4130-XXXX-XXXX-6555,36.62,USD,Electronics,Berlin,DE,Online,6.2,0,0,normal,0.229
c0955603-6dd4-4ae4-9dc0-f0e2caa55b3b,7/15/2026 16:50,ACC93277,4779-XXXX-XXXX-6209,38.39,USD,Insurance,Berlin,DE,ATM,2.7,0,0,normal,0.229
6ad458ab-5adb-4e90-baf4-ccb22a195b8b,5/19/2026 23:09,ACC11137,4916-XXXX-XXXX-8705,3947.11,USD,Restaurant,Moscow,RU,Mobile App,8428,1,1,suspicious,0.853
36b11478-fd25-449f-9cb2-87eb4cd96190,6/1/2026 17:13,ACC65194,4925-XXXX-XXXX-4840,976.74,USD,Insurance,Delhi,IN,Mobile App,13.3,0,1,suspicious,0.881
99e1a945-9b37-4e9b-8b16-19263459d87b,7/23/2026 14:35,ACC30083,4532-XXXX-XXXX-9900,38.73,USD,Grocery,Bangalore,IN,ATM,0.6,0,0,normal,0.022
6bab281c-0357-4db7-8f4a-2cb559229b7e,6/18/2026 13:30,ACC51079,4337-XXXX-XXXX-7388,15.48,USD,Restaurant,Toronto,CA,Online,37.4,0,0,normal,0.036
b8499882-4ed1-4fad-8a97-ec3159c1b2e7,7/14/2026 2:46,ACC35637,4557-XXXX-XXXX-9597,3481.98,USD,Travel,Toronto,CA,Online,14.5,0,3,suspicious,0.812
1486067b-ef7d-447c-b897-b896cc746bf9,7/23/2026 9:04,ACC55943,4603-XXXX-XXXX-2600,21.77,USD,Insurance,Toronto,CA,ATM,5.4,0,0,normal,0.066
63f74c3c-a10c-400a-ad2e-7fe495db9b98,6/29/2026 9:57,ACC77173,4688-XXXX-XXXX-6486,17.71,USD,Travel,Berlin,DE,Online,9.3,0,0,normal,0.048
bf285c3e-bd5c-47c2-be0e-97d336e1385f,6/22/2026 5:34,ACC72862,4863-XXXX-XXXX-1135,3161.26,USD,Utilities,Pyongyang,KP,POS,10912.2,1,2,suspicious,0.735
fe4e2c47-f0eb-446f-aadc-dcad09172a8e,5/3/2026 10:26,ACC74506,4306-XXXX-XXXX-9346,46.01,USD,Education,Toronto,CA,POS,22.9,0,0,normal,0.163
17eb62ae-f048-4e5d-b098-ed7aa265c183,7/12/2026 2:00,ACC40939,4177-XXXX-XXXX-1516,4201.8,USD,Grocery,Los Angeles,US,Mobile App,3.9,0,1,suspicious,0.912
2d0428d8-ea47-4205-a469-de249c6c2702,5/12/2026 15:43,ACC12192,4542-XXXX-XXXX-5501,26.7,USD,Entertainment,Delhi,IN,Mobile App,0.7,0,1,normal,0.172
6ed2891f-bb1c-40bc-8569-c17362f27991,6/8/2026 14:45,ACC70775,4095-XXXX-XXXX-2422,10.98,USD,Gas Station,Delhi,IN,Online,15.3,0,0,normal,0.021
b7e5db5d-4a3b-4910-99b1-ca94e756fbe3,5/17/2026 22:45,ACC80098,4198-XXXX-XXXX-8842,12.79,USD,Gas Station,Singapore,SG,Mobile App,1.2,0,1,normal,0.2
76690410-49c6-4a50-aed6-f3380a141e43,7/1/2026 9:47,ACC14670,4971-XXXX-XXXX-1130,187.18,USD,Electronics,Paris,FR,Online,5.5,0,0,normal,0.236
7c430f38-3c47-4727-b02f-4e1220eccfa5,7/20/2026 15:05,ACC85744,4489-XXXX-XXXX-9029,7.14,USD,Entertainment,Chicago,US,Mobile App,12.9,0,1,normal,0.064
45db2558-f7f3-45c8-af8a-7d51a8d28574,6/21/2026 8:53,ACC26254,4719-XXXX-XXXX-2241,28.32,USD,Electronics,Houston,US,Online,7.5,0,0,normal,0.248
64df2981-3d46-4cbe-a1a8-92fc730b9385,8/4/2026 3:44,ACC60961,4313-XXXX-XXXX-9152,14.38,USD,Restaurant,Los Angeles,US,Mobile App,30.8,0,0,normal,0.137
84d285af-d28a-4b90-a4f1-fb4a06b8191d,6/28/2026 12:18,ACC89381,4717-XXXX-XXXX-3247,34.59,USD,Restaurant,New York,US,ATM,33.2,0,0,normal,0.183
8e37b27d-1df9-4ff5-8e04-c538e480e389,6/10/2026 17:26,ACC92203,4558-XXXX-XXXX-5745,29.61,USD,Subscription,Berlin,DE,Mobile App,19.3,0,1,normal,0.174
518f5d6a-05fd-4a2d-9a9d-f77a40c4aff1,5/19/2026 12:59,ACC40976,4490-XXXX-XXXX-9765,77.58,USD,Electronics,Chicago,US,Online,2.7,0,2,normal,0.156
59463467-6aca-4104-a3ac-cf46b848e0b7,6/23/2026 12:28,ACC24806,4324-XXXX-XXXX-9941,29.14,USD,Pharmacy,Houston,US,ATM,19,0,0,normal,0.077
ce8a5214-3f5c-4731-83a4-ff05c8758a63,6/23/2026 12:53,ACC61014,4361-XXXX-XXXX-4080,46.84,USD,Retail,Berlin,DE,Online,19.6,0,1,normal,0.115
17901f0a-5b6d-41c0-897d-74b577678f41,5/2/2026 13:40,ACC72947,4743-XXXX-XXXX-1929,18.31,USD,Pharmacy,Berlin,DE,Online,36.7,0,1,normal,0.029
64fd27aa-7e68-4c4a-8c6f-7da7ee8ef6e4,8/2/2026 16:57,ACC86501,4024-XXXX-XXXX-8452,223.48,USD,Gas Station,New York,US,ATM,30.9,0,1,normal,0.107
b7b5e91b-fd8e-4aa8-842a-40a3cfb1f957,6/10/2026 7:15,ACC40815,4715-XXXX-XXXX-8213,43.35,USD,Home Improvement,Mumbai,IN,ATM,38.1,0,0,normal,0.211
de787dab-91c5-4351-a0a2-41c4bd9dbf0a,6/13/2026 22:55,ACC22328,4704-XXXX-XXXX-9605,195.13,USD,Entertainment,New York,US,Online,6.9,0,9,suspicious,0.949
a871db3b-c0cc-454f-8a77-ec11d1242cc6,5/14/2026 9:03,ACC69345,4278-XXXX-XXXX-9060,8.13,USD,Pharmacy,Houston,US,Online,12.8,0,0,normal,0.243
6c71b18d-3992-4826-998b-2a6ecd7e3b16,7/21/2026 12:42,ACC63727,4408-XXXX-XXXX-1004,33.49,USD,Healthcare,Berlin,DE,Mobile App,36.7,0,1,normal,0.209
8bd66801-0602-41ff-af2d-81cb2464ea66,7/22/2026 21:35,ACC71646,4414-XXXX-XXXX-6376,972.88,USD,Retail,Tokyo,JP,ATM,12.9,0,1,suspicious,0.665
cb10436e-44e9-44af-8f5b-803d7b283344,8/1/2026 20:18,ACC60694,4460-XXXX-XXXX-4893,14.02,USD,Entertainment,Dubai,AE,ATM,24.5,0,0,normal,0.247
97bbcac5-197d-4097-a08b-1a5f3afd0d86,5/2/2026 14:18,ACC72402,4661-XXXX-XXXX-9041,22.81,USD,Retail,Toronto,CA,ATM,31.7,0,0,normal,0.063
f7b94fff-70f3-4517-87af-aa9e62e37ef4,5/15/2026 10:43,ACC45377,4715-XXXX-XXXX-3790,62.08,USD,Home Improvement,Mumbai,IN,Online,23.3,0,0,normal,0.087
21ecf050-13b1-4462-b134-e0e8bda09b38,6/13/2026 3:31,ACC83301,4657-XXXX-XXXX-1408,53.89,USD,Retail,Sydney,AU,Online,18.6,0,0,normal,0.038
ee432701-d968-43f8-9b0f-db8fc9b673f1,7/27/2026 17:37,ACC59934,4020-XXXX-XXXX-9043,18.88,USD,Grocery,Los Angeles,US,ATM,29,0,1,normal,0.031
62da0d8d-a7fd-4095-9f1d-f8ccc85a14d5,5/8/2026 3:19,ACC89521,4836-XXXX-XXXX-3835,2255.22,USD,Healthcare,Houston,US,POS,15.4,0,3,suspicious,0.756
36da959f-d2d8-40f1-94e2-1aadfcccfe2e,6/21/2026 19:50,ACC13002,4429-XXXX-XXXX-2714,575.41,USD,Entertainment,Chicago,US,Online,3.3,0,6,suspicious,0.962
ee8d8d6c-0736-4c25-88f9-9c17358c4178,7/2/2026 3:47,ACC99687,4225-XXXX-XXXX-8434,3795.12,USD,Education,Los Angeles,US,ATM,12.2,0,2,suspicious,0.888
01e90a91-52a1-4148-9cf5-f52a1870db68,5/14/2026 7:42,ACC21855,4330-XXXX-XXXX-3089,65.59,USD,Subscription,London,GB,Online,30.7,0,0,normal,0.129
b06d6431-99ef-4f17-bca7-d881ab6abe94,5/7/2026 9:21,ACC94332,4315-XXXX-XXXX-9186,10.71,USD,Home Improvement,Chicago,US,ATM,38.7,0,0,normal,0.091
46fae7da-3130-441b-b185-7cfaf3804d59,6/7/2026 13:40,ACC16113,4947-XXXX-XXXX-6850,17.04,USD,Restaurant,Houston,US,Online,32.5,0,1,normal,0.025
bff59421-1528-4617-a0e5-852a510de8dc,7/18/2026 8:44,ACC49938,4988-XXXX-XXXX-2780,8.35,USD,Coffee Shop,Los Angeles,US,POS,38.9,0,0,normal,0.169
2f51dcda-ea7c-4f2f-8f4a-8d1df8947f94,7/1/2026 12:20,ACC89102,4691-XXXX-XXXX-4647,7.37,USD,Education,Tokyo,JP,Mobile App,28.4,0,0,normal,0.021
1862d50f-c690-4af1-aad2-213d8b1b98b1,6/2/2026 6:33,ACC55793,4359-XXXX-XXXX-3419,7.27,USD,Entertainment,Singapore,SG,Online,4.1,0,0,normal,0.052
6365821e-ea48-48b1-8491-4551bd0dc8bb,6/2/2026 15:35,ACC70733,4743-XXXX-XXXX-7424,29.55,USD,Subscription,Mumbai,IN,ATM,26.6,0,0,normal,0.02
b9c6c70b-df85-4888-9d4c-71ca0cb5c202,5/20/2026 6:56,ACC55745,4902-XXXX-XXXX-2127,24.79,USD,Retail,London,GB,Online,14.8,0,0,normal,0.21
621115c3-e2a9-451a-b2d7-4a15e8840c02,6/18/2026 11:05,ACC40493,4218-XXXX-XXXX-8784,11.36,USD,Insurance,Singapore,SG,ATM,35.8,0,0,normal,0.245
2288803f-0107-4666-ac86-ec069a32949a,5/13/2026 6:01,ACC69950,4774-XXXX-XXXX-8145,26.91,USD,Subscription,Berlin,DE,Online,34.3,0,0,normal,0.143
8da997ee-fdd0-4c3f-9964-895c9adda219,8/7/2026 21:58,ACC88263,4544-XXXX-XXXX-2442,82.27,USD,Restaurant,Bangalore,IN,Online,8,0,2,normal,0.145
ac567ac7-282c-407f-8220-d0b3c91fb75c,5/24/2026 10:37,ACC55935,4064-XXXX-XXXX-8502,30.83,USD,Grocery,Bangalore,IN,Mobile App,34.1,0,1,normal,0.114
c0f09a4e-324c-4268-8013-e00f88a54e6d,7/28/2026 16:50,ACC91811,4010-XXXX-XXXX-1314,26.87,USD,Utilities,Mumbai,IN,Mobile App,15.2,0,1,normal,0.101
ec34a46f-4bbd-4569-94aa-920c5a9e658b,5/26/2026 10:12,ACC46935,4203-XXXX-XXXX-2382,30.37,USD,Entertainment,Paris,FR,ATM,14.7,0,0,normal,0.101
a23e0d5f-827e-4789-b507-9e9e9a0d9ee5,5/23/2026 12:34,ACC77458,4947-XXXX-XXXX-3314,4.51,USD,Home Improvement,Singapore,SG,ATM,8.1,0,0,normal,0.139
fc67130a-4779-4d84-bf41-65a3ba079ea3,5/12/2026 0:58,ACC59385,4149-XXXX-XXXX-4018,36.64,USD,Entertainment,Los Angeles,US,Mobile App,15.1,0,1,normal,0.077
a94f7d26-e939-487f-a03a-d6baa7ced736,5/29/2026 8:42,ACC16840,4140-XXXX-XXXX-9383,57.67,USD,Coffee Shop,Los Angeles,US,ATM,17,0,0,normal,0.083
695098d7-ddd6-4c4a-8d2d-e8c1dfcb655c,6/17/2026 23:15,ACC26040,4672-XXXX-XXXX-2258,33.59,USD,Gas Station,Sydney,AU,POS,10,0,0,normal,0.129
0291dd6e-e058-41cd-b4d4-8465a72de135,7/21/2026 3:27,ACC22513,4863-XXXX-XXXX-3300,1463.02,USD,Restaurant,Moscow,RU,Online,5251.6,1,2,suspicious,0.938
fe350e41-72de-454e-9443-dfc5c63aed49,6/10/2026 11:37,ACC93287,4809-XXXX-XXXX-8844,55.45,USD,Grocery,Delhi,IN,Online,2.7,0,0,normal,0.138
3646224d-1e6b-4b8a-86fd-e5547590ddcd,7/11/2026 21:40,ACC15318,4392-XXXX-XXXX-4831,19.16,USD,Subscription,Bangalore,IN,ATM,37.2,0,0,normal,0.133
30f02eee-6779-4d7e-9616-8ac5d19b97d8,5/20/2026 9:50,ACC21855,4673-XXXX-XXXX-5780,1750.31,USD,Retail,Lagos,NG,Online,6097.4,1,1,suspicious,0.871
c43910f7-cec8-41bf-bd1c-d56106b23017,5/10/2026 11:47,ACC50272,4275-XXXX-XXXX-8726,7.85,USD,Travel,Berlin,DE,Online,30.6,0,0,normal,0.096
5c51a152-d193-4496-a37f-fc6cad3564af,6/12/2026 21:28,ACC59277,4672-XXXX-XXXX-4027,4.88,USD,Entertainment,Berlin,DE,POS,27.8,0,0,normal,0.122
dcd3f758-264e-4ce4-8086-fbf59d8b57df,6/28/2026 14:06,ACC82974,4628-XXXX-XXXX-8125,36.16,USD,Travel,Chicago,US,ATM,19.9,0,0,normal,0.199
4a517566-9175-40ae-a9f1-4450c02589ae,6/27/2026 5:24,ACC18826,4979-XXXX-XXXX-5996,5.91,USD,Entertainment,Mumbai,IN,Online,34.1,0,1,normal,0.185
6c4cf85e-f18c-4625-bf16-87929cf13847,7/14/2026 13:59,ACC31310,4606-XXXX-XXXX-7512,21.66,USD,Home Improvement,Mumbai,IN,POS,39.5,0,0,normal,0.205
35d8d9a0-c309-4027-a1c2-b73f6cff974c,5/1/2026 14:15,ACC19188,4553-XXXX-XXXX-4700,23.91,USD,Insurance,Sydney,AU,POS,15.4,0,0,normal,0.197
b63cad8d-2974-4320-a101-2d33d98d8da5,5/30/2026 7:12,ACC96755,4189-XXXX-XXXX-7365,31.94,USD,Pharmacy,Berlin,DE,POS,16.3,0,0,normal,0.093
32f02db1-a3ca-4d88-b014-9cd09a9cec08,7/28/2026 11:29,ACC89948,4355-XXXX-XXXX-6164,8.5,USD,Healthcare,Bangalore,IN,Online,35.9,0,0,normal,0.077
7852fb2a-b60d-412c-9748-f696b790a418,6/25/2026 18:56,ACC77149,4844-XXXX-XXXX-2220,116.25,USD,Retail,Berlin,DE,POS,36.6,0,0,normal,0.05
f8ded4fc-e97f-4387-9ced-02bd83c9ea22,6/24/2026 19:54,ACC80400,4282-XXXX-XXXX-6546,19.94,USD,Restaurant,Dubai,AE,POS,13.7,0,1,normal,0.068
f3b15a13-5882-43a3-a53f-173f48664187,5/28/2026 18:05,ACC76952,4270-XXXX-XXXX-3747,73.41,USD,Healthcare,Sydney,AU,Mobile App,36.9,0,0,normal,0.027
c8d63cd9-26e3-4360-8993-aff62e6a8742,5/13/2026 8:19,ACC76736,4383-XXXX-XXXX-9168,73.2,USD,Subscription,Berlin,DE,ATM,7.2,0,1,normal,0.136
81064923-68e0-4857-a166-58c755f3cd92,6/2/2026 19:09,ACC39400,4153-XXXX-XXXX-5559,17.25,USD,Coffee Shop,Berlin,DE,POS,26,0,0,normal,0.12
92116b70-4b97-4844-92ce-ef32b70e9c87,6/4/2026 18:56,ACC51171,4388-XXXX-XXXX-8682,24.79,USD,Pharmacy,Chicago,US,POS,20.3,0,0,normal,0.021
86be2252-76a0-4c06-b8cf-4d194cca0626,8/7/2026 9:42,ACC55890,4865-XXXX-XXXX-7022,20.49,USD,Entertainment,Sydney,AU,POS,30.5,0,0,normal,0.204
c689f82b-e1e2-47d9-80e1-a2147a35116a,7/23/2026 18:41,ACC38039,4384-XXXX-XXXX-5162,35.99,USD,Utilities,Bangalore,IN,Mobile App,38.5,0,0,normal,0.105
0e0daf5b-27a4-475b-bb5f-e15a599f4162,7/28/2026 12:11,ACC76631,4678-XXXX-XXXX-6846,36.39,USD,Utilities,Bangalore,IN,ATM,35.3,0,1,normal,0.237
cf91d1f1-dba6-482d-bd89-736b7c10d123,6/21/2026 15:01,ACC49124,4230-XXXX-XXXX-5876,65.32,USD,Retail,Berlin,DE,Mobile App,28.2,0,0,normal,0.127
d5c71ba8-1fc3-45d5-b1c8-f84a11579816,5/7/2026 19:23,ACC73624,4219-XXXX-XXXX-9834,25.29,USD,Restaurant,Los Angeles,US,Online,28.9,0,1,normal,0.148
857dd676-2432-4441-96d4-aa82b93f3d6d,5/12/2026 6:02,ACC47596,4111-XXXX-XXXX-9834,29.24,USD,Travel,Dubai,AE,Mobile App,9,0,0,normal,0.125
ade69bb7-7c72-4af1-be82-cc54cf7b85f5,7/25/2026 15:50,ACC21247,4115-XXXX-XXXX-1893,11.7,USD,Coffee Shop,Singapore,SG,Online,38,0,1,normal,0.219
b812e762-50ed-4971-8095-4295430d0985,5/31/2026 12:15,ACC27290,4903-XXXX-XXXX-5945,92.49,USD,Grocery,Los Angeles,US,Online,35,0,1,normal,0.032
390e854c-6c1d-45bc-a9dd-2e6b8aa32727,5/21/2026 18:20,ACC50180,4602-XXXX-XXXX-9021,3.88,USD,Restaurant,Bangalore,IN,POS,21.2,0,1,normal,0.218
f557d61a-6a32-42b0-966f-903391488e4c,6/2/2026 16:10,ACC86282,4041-XXXX-XXXX-3185,12.38,USD,Electronics,Bangalore,IN,POS,31.6,0,0,normal,0.1
8857a28d-ec9d-4d26-ba0f-2922ff1b649f,5/21/2026 19:09,ACC56501,4700-XXXX-XXXX-1834,2.5,USD,Insurance,Paris,FR,Mobile App,3.9,0,0,normal,0.213
12acc3c4-4bb1-4611-beb0-8964944a737d,5/12/2026 14:32,ACC41831,4261-XXXX-XXXX-4331,27.17,USD,Subscription,Dubai,AE,Mobile App,25.9,0,1,normal,0.213
2ac4ee0d-ce01-4d42-889d-c0323d39abb0,6/30/2026 20:04,ACC21569,4296-XXXX-XXXX-2507,28.87,USD,Healthcare,Los Angeles,US,POS,5.3,0,0,normal,0.214
053c51b7-7319-444b-ad33-dc1846882bcb,5/14/2026 18:31,ACC41270,4635-XXXX-XXXX-4992,21.18,USD,Electronics,Toronto,CA,Online,39,0,0,normal,0.092
c38475ed-0398-4937-8e41-d0c2b01effd1,7/12/2026 6:28,ACC14586,4920-XXXX-XXXX-2967,34.39,USD,Subscription,Bangalore,IN,Mobile App,5.7,0,0,normal,0.234
846492a4-fa8a-4aff-a153-892df29dc8db,5/28/2026 7:27,ACC16470,4529-XXXX-XXXX-8235,11.02,USD,Entertainment,Paris,FR,ATM,36.7,0,0,normal,0.044
052713ca-26d3-4a48-a43e-ae446f12617d,5/7/2026 13:07,ACC58280,4843-XXXX-XXXX-8605,18.74,USD,Education,Houston,US,ATM,25.4,0,0,normal,0.017
c969e639-1488-451c-9c7f-b58fd798a3e7,5/18/2026 15:43,ACC44510,4450-XXXX-XXXX-8619,17.05,USD,Subscription,Mumbai,IN,Mobile App,9,0,0,normal,0.025
992227e6-7135-4a7e-8d46-a0e5c7965f82,8/7/2026 12:39,ACC17144,4310-XXXX-XXXX-7962,38.67,USD,Coffee Shop,Sydney,AU,Mobile App,29.7,0,0,normal,0.204
4c85a268-2313-45a9-b779-c303b2068f81,5/6/2026 12:17,ACC20696,4383-XXXX-XXXX-4678,24.63,USD,Subscription,Delhi,IN,POS,12.7,0,0,normal,0.182
3ef7cfe9-801b-4eca-a41c-ed6982d159bf,6/14/2026 14:58,ACC22478,4721-XXXX-XXXX-2392,37.72,USD,Electronics,London,GB,ATM,26.5,0,0,normal,0.079
9e5f0da5-8220-4b8a-896f-6d4058598015,5/23/2026 19:12,ACC38183,4440-XXXX-XXXX-8398,90,USD,Entertainment,Paris,FR,Online,16.6,0,1,normal,0.106
c42ffc3b-e61b-4cf4-9397-655dcae4646c,6/15/2026 7:42,ACC18437,4063-XXXX-XXXX-5103,48.48,USD,Education,Singapore,SG,POS,1.5,0,1,normal,0.116
8e8103d6-4bfe-400e-8746-71d784bcc416,6/22/2026 15:20,ACC88849,4578-XXXX-XXXX-6847,9.42,USD,Entertainment,Mumbai,IN,POS,15.2,0,0,normal,0.224
25fc3224-744c-4a75-8f67-869da9d5f220,6/2/2026 22:41,ACC15163,4830-XXXX-XXXX-1563,35.49,USD,Coffee Shop,Dubai,AE,Online,0.8,0,0,normal,0.022
faddf511-7aea-4037-9128-66bdd5c801f9,5/31/2026 11:29,ACC11448,4074-XXXX-XXXX-9081,7.49,USD,Grocery,Tokyo,JP,Online,39.4,0,0,normal,0.041
429c3c5b-8475-4506-8276-a86d9bd9882d,7/7/2026 19:43,ACC67163,4069-XXXX-XXXX-8910,30.79,USD,Coffee Shop,Mumbai,IN,ATM,21,0,2,normal,0.2
dc026ba0-5a6a-4aee-8277-6c2acc73fc95,6/8/2026 21:25,ACC91758,4720-XXXX-XXXX-1217,10.15,USD,Gas Station,Sydney,AU,ATM,0.9,0,0,normal,0.125
0375580b-866c-4e92-ac3d-9c205c7d2210,7/13/2026 21:33,ACC17339,4224-XXXX-XXXX-7427,45.88,USD,Gas Station,Los Angeles,US,Online,32.9,0,2,normal,0.155
0886f94e-2e2c-4a7a-9ed7-c7bb99a1f4b0,6/4/2026 10:19,ACC29392,4508-XXXX-XXXX-3465,10.67,USD,Restaurant,Bangalore,IN,Online,20.8,0,0,normal,0.08
8e400a83-7565-4600-95ce-0cd102ab7409,5/28/2026 15:12,ACC52274,4011-XXXX-XXXX-8877,42.23,USD,Healthcare,New York,US,ATM,34.3,0,0,normal,0.219
33414abe-afb7-4208-805c-2fcd7611b6fe,7/3/2026 8:28,ACC77219,4688-XXXX-XXXX-2213,9.62,USD,Utilities,Los Angeles,US,Mobile App,35.7,0,0,normal,0.034
7b77f59e-d4a8-438a-9a4e-f142daa83d15,5/26/2026 9:06,ACC36517,4883-XXXX-XXXX-3262,36.45,USD,Gas Station,London,GB,Mobile App,27.5,0,1,normal,0.228
3eb0657d-1374-4853-a807-295b60f858d3,6/6/2026 10:49,ACC42421,4682-XXXX-XXXX-8031,10.95,USD,Insurance,Toronto,CA,Online,19,0,1,normal,0.035
e703062e-da88-46ce-a79d-75940fd6b31e,5/4/2026 13:59,ACC67925,4911-XXXX-XXXX-9570,34.56,USD,Pharmacy,Chicago,US,Mobile App,6.9,0,0,normal,0.189
70bfc3a9-b85f-48d3-8b19-bb1529d2010a,6/18/2026 9:48,ACC66371,4354-XXXX-XXXX-7322,60.49,USD,Insurance,Houston,US,POS,18.4,0,0,normal,0.207
ed265598-e85c-449a-a23e-a646add935f7,6/17/2026 15:48,ACC84130,4898-XXXX-XXXX-5806,6.96,USD,Utilities,Singapore,SG,POS,30.2,0,0,normal,0.107
2f9f516d-0c01-4097-b82b-5a41b30996ce,7/10/2026 6:44,ACC51050,4173-XXXX-XXXX-9248,48.96,USD,Subscription,Toronto,CA,Mobile App,5.4,0,0,normal,0.185
b85333c8-fe2b-47d5-8fae-b4e9ed8f1c6e,5/20/2026 8:40,ACC60870,4925-XXXX-XXXX-7919,25.76,USD,Grocery,London,GB,Mobile App,5.1,0,0,normal,0.068
712eb6d6-3b05-46f3-9ca0-8f0994409fa9,7/6/2026 7:47,ACC65789,4300-XXXX-XXXX-1637,16.27,USD,Insurance,Toronto,CA,POS,2.2,0,0,normal,0.241
79e15ccf-b7fd-4853-84f4-b671e05538ea,8/7/2026 20:19,ACC96489,4559-XXXX-XXXX-7116,13.44,USD,Education,Bangalore,IN,Mobile App,19.1,0,2,normal,0.168
df86e21d-c8ae-4714-ab70-39985c04fcc2,6/14/2026 17:47,ACC65987,4045-XXXX-XXXX-9099,28.24,USD,Pharmacy,Delhi,IN,Online,7.1,0,0,normal,0.225
c77d9b36-2d4d-4e20-9169-9c341c0b63b2,8/5/2026 9:11,ACC63296,4972-XXXX-XXXX-4571,87.66,USD,Electronics,London,GB,Online,14.3,0,0,normal,0.25
48125c7d-5b42-460e-bdb2-9cd54788d8a8,6/9/2026 9:03,ACC76188,4280-XXXX-XXXX-9697,173.8,USD,Utilities,Toronto,CA,ATM,35.6,0,2,normal,0.157
cca727d2-518b-4f20-b506-187d3cf81d08,6/14/2026 12:24,ACC38748,4719-XXXX-XXXX-2429,49.48,USD,Travel,Toronto,CA,Online,14.5,0,0,normal,0.214
11f157a0-c429-49dd-99ae-d882ae1c7047,5/21/2026 13:19,ACC64097,4350-XXXX-XXXX-2172,5.74,USD,Electronics,Mumbai,IN,Mobile App,35.8,0,1,normal,0.043
b00c187c-e1ff-4136-9cc0-6964058f6832,7/28/2026 8:00,ACC64344,4563-XXXX-XXXX-3848,27.41,USD,Gas Station,Los Angeles,US,Mobile App,33.3,0,1,normal,0.088
631bb83f-6dff-4a15-9777-d7fe416155c8,5/8/2026 7:33,ACC19232,4588-XXXX-XXXX-4729,12.62,USD,Grocery,Delhi,IN,Mobile App,16.3,0,0,normal,0.107
e068c011-3264-4717-a6cf-5c5833cc7e30,6/5/2026 10:50,ACC18014,4642-XXXX-XXXX-4060,26.32,USD,Coffee Shop,Bangalore,IN,Online,8.8,0,0,normal,0.089
4003659d-b153-4495-97df-5169b590b435,7/2/2026 9:03,ACC16185,4381-XXXX-XXXX-7189,4.47,USD,Travel,New York,US,Online,26.2,0,0,normal,0.169
b9be9045-af04-46f2-b7e9-88f156fb6320,5/12/2026 9:13,ACC67973,4303-XXXX-XXXX-2194,30.19,USD,Coffee Shop,Berlin,DE,Mobile App,20.1,0,0,normal,0.12
c1394571-e60c-43b3-8d5e-5d6a27f170e7,5/9/2026 10:20,ACC89807,4811-XXXX-XXXX-4760,30.45,USD,Home Improvement,Houston,US,Mobile App,28.8,0,0,normal,0.045
7552bca5-0d38-4f98-96a3-0e2928d12bc3,7/21/2026 9:33,ACC75509,4829-XXXX-XXXX-6810,7.81,USD,Coffee Shop,Bangalore,IN,Mobile App,9,0,0,normal,0.191
6529402c-dd28-41b3-ba06-8cfb990eed71,6/29/2026 7:56,ACC63754,4195-XXXX-XXXX-4302,2708.22,USD,Subscription,Moscow,RU,Online,4690.4,1,1,suspicious,0.924
f7520096-f9fc-4c3b-a33d-a07ecb120f2c,6/16/2026 18:35,ACC12542,4320-XXXX-XXXX-9371,23.73,USD,Retail,Paris,FR,POS,15.4,0,0,normal,0.087
b15eb9ec-0fb3-40d1-8b31-4c4ebf121670,5/26/2026 10:51,ACC56255,4261-XXXX-XXXX-6326,16.84,USD,Grocery,Bangalore,IN,POS,6.2,0,1,normal,0.217
816898be-1551-42fc-87e2-9095b395423e,5/1/2026 12:25,ACC22780,4642-XXXX-XXXX-1349,27.22,USD,Utilities,Mumbai,IN,Mobile App,7.7,0,1,normal,0.066
5a38dc3f-32a7-4bdd-b7ce-3b5e137ff53e,5/3/2026 9:52,ACC76385,4626-XXXX-XXXX-5656,68.16,USD,Education,Mumbai,IN,POS,2.9,0,0,normal,0.157
a9f6568d-9f81-488e-98dd-09e6263da95d,5/9/2026 10:38,ACC24459,4970-XXXX-XXXX-6401,31.57,USD,Subscription,Tokyo,JP,Online,24.2,0,0,normal,0.183
90bfc7e6-2ee3-48c3-b45c-9b2f7de2b7e8,6/1/2026 17:33,ACC25325,4333-XXXX-XXXX-7116,39.92,USD,Entertainment,Toronto,CA,ATM,20.9,0,1,normal,0.063
39da76c1-12e9-4fb0-a5f4-0b04fb25590c,6/29/2026 11:59,ACC73813,4684-XXXX-XXXX-1000,3154.36,USD,Wire Transfer,London,GB,ATM,25.7,0,3,suspicious,0.745
43339bc9-8cbe-43b3-af4c-f77572785831,6/25/2026 3:29,ACC96945,4984-XXXX-XXXX-7020,3732.13,USD,Insurance,Paris,FR,Mobile App,27.6,0,1,suspicious,0.956
12e9e532-316d-4b78-9568-85654c3ced09,5/16/2026 22:45,ACC45039,4607-XXXX-XXXX-5774,65.51,USD,Travel,Sydney,AU,POS,33.3,0,0,normal,0.026
6029a12d-ba49-4e84-8669-25434fa4e162,5/29/2026 3:08,ACC42547,4378-XXXX-XXXX-8506,11.66,USD,Pharmacy,Singapore,SG,POS,0.4,0,0,normal,0.088
e31a27b1-6892-4581-853f-90fade0f2dde,5/14/2026 2:00,ACC87808,4179-XXXX-XXXX-1577,7419.6,USD,Utilities,Berlin,DE,Online,24.7,0,1,suspicious,0.866
dd8c6108-7825-4c0d-ba87-9faa2d25d95f,6/15/2026 13:21,ACC38053,4415-XXXX-XXXX-8046,73.28,USD,Coffee Shop,Mumbai,IN,Online,11.5,0,0,normal,0.05
1dd1105c-feb7-4341-9c72-da7054e0eb5a,8/3/2026 12:45,ACC43969,4692-XXXX-XXXX-5433,53.54,USD,Subscription,Chicago,US,ATM,4.6,0,1,normal,0.065
85bf15f3-3377-4464-9a6a-d77d69fea08f,7/15/2026 7:15,ACC51102,4648-XXXX-XXXX-8387,38.98,USD,Insurance,Houston,US,Online,7.2,0,0,normal,0.053
d89efc94-4b87-42c7-b8b2-a7c1c3d8367a,5/30/2026 13:51,ACC67711,4102-XXXX-XXXX-9617,18.39,USD,Grocery,Berlin,DE,ATM,0.6,0,0,normal,0.219
c53cce30-d780-4425-9d0e-8c440e8a2522,5/2/2026 9:38,ACC33616,4764-XXXX-XXXX-7770,43.91,USD,Healthcare,Sydney,AU,POS,3.8,0,2,normal,0.074
f2367d03-a004-4f34-a473-6e41665c9a96,6/1/2026 14:24,ACC24898,4039-XXXX-XXXX-7949,9.81,USD,Restaurant,New York,US,ATM,6.8,0,1,normal,0.127
4778b1b8-b320-4c94-8e3b-771055e8bd63,5/29/2026 17:32,ACC92890,4275-XXXX-XXXX-7786,20.22,USD,Healthcare,Houston,US,ATM,18.1,0,0,normal,0.221
56aa5312-52ff-4bf9-9d84-869b5314de6d,5/31/2026 9:58,ACC98214,4553-XXXX-XXXX-9324,36.42,USD,Retail,Singapore,SG,Online,14,0,0,normal,0.187
627614f5-47f0-4efe-8a85-70aca17f10cd,5/27/2026 15:26,ACC67779,4034-XXXX-XXXX-6977,30.11,USD,Education,Paris,FR,Online,3.6,0,0,normal,0.189
1d22e601-f575-49d7-a6fa-39594a4c2372,6/21/2026 15:14,ACC83783,4775-XXXX-XXXX-5416,61.85,USD,Electronics,Berlin,DE,POS,12.6,0,0,normal,0.18
f4899296-eccc-4f70-a424-3740a2559885,5/5/2026 23:40,ACC32962,4481-XXXX-XXXX-9502,79.13,USD,Entertainment,Sydney,AU,ATM,36.6,0,0,normal,0.15
03a40e31-560a-4f87-bf15-c0bf16573036,5/10/2026 4:43,ACC47382,4667-XXXX-XXXX-8654,8.23,USD,Subscription,Mumbai,IN,Mobile App,29.6,0,1,normal,0.213
ed241138-f122-4b8f-bfc3-6ebfeffdb272,5/25/2026 6:31,ACC12366,4620-XXXX-XXXX-1778,12.85,USD,Entertainment,Sydney,AU,Mobile App,39.7,0,0,normal,0.026
04af1a66-c216-48d2-9328-175036235db4,5/25/2026 12:06,ACC80035,4767-XXXX-XXXX-6653,6.53,USD,Travel,London,GB,Online,39.8,0,0,normal,0.231
a06aae57-f02e-4578-9980-71f0801fc80d,7/11/2026 10:33,ACC13875,4159-XXXX-XXXX-3731,10.22,USD,Insurance,Toronto,CA,Mobile App,22.6,0,0,normal,0.194
fbf9bc36-5574-402e-b8c9-3ca641c00801,6/7/2026 18:33,ACC43720,4735-XXXX-XXXX-4050,9.36,USD,Utilities,Mumbai,IN,POS,29.5,0,1,normal,0.146
00f90042-6d5d-4bba-8b5a-20b6995249f4,6/15/2026 10:49,ACC30028,4723-XXXX-XXXX-4505,10.24,USD,Utilities,Mumbai,IN,POS,16.6,0,0,normal,0.122
21eb2dd5-aa0a-4f4c-9c86-5ac4b4c654f3,5/17/2026 16:58,ACC33992,4382-XXXX-XXXX-3316,10.49,USD,Utilities,Sydney,AU,ATM,16.7,0,0,normal,0.102
b674d851-648b-4b31-b41d-ef9c8a1fa60f,6/28/2026 10:45,ACC51048,4505-XXXX-XXXX-1771,18.94,USD,Insurance,Paris,FR,ATM,11.9,0,2,normal,0.128
6b96282e-c3a6-4355-a2e2-0403ba72bd4e,5/5/2026 17:49,ACC75663,4531-XXXX-XXXX-3923,11.07,USD,Home Improvement,Dubai,AE,Mobile App,13.3,0,2,normal,0.122
5a7e779a-52f9-41a3-bd8b-c8e4dba64ad7,8/3/2026 18:31,ACC22499,4609-XXXX-XXXX-5921,139.11,USD,Home Improvement,Chicago,US,POS,29.2,0,0,normal,0.029
5f7e9c87-d048-46a9-85ca-8bc8ed06709f,6/17/2026 10:53,ACC55056,4435-XXXX-XXXX-6419,15.6,USD,Travel,Paris,FR,Mobile App,28.1,0,0,normal,0.07
cc76939a-2752-4c16-8aab-7775d0721fcb,7/1/2026 13:56,ACC74858,4774-XXXX-XXXX-8600,7.53,USD,Electronics,Berlin,DE,Mobile App,33,0,0,normal,0.232
613d90ba-f43f-43dc-81c8-2e6c5d189586,5/1/2026 11:11,ACC33260,4940-XXXX-XXXX-6301,14.44,USD,Travel,London,GB,POS,0.9,0,0,normal,0.23
4f58910f-1c44-4c38-8865-46017d3f9881,6/1/2026 18:40,ACC95556,4191-XXXX-XXXX-5231,6.29,USD,Education,Houston,US,Online,17.6,0,1,normal,0.159
2eef84dd-8cca-481d-a596-5a24d004953a,8/5/2026 13:41,ACC93819,4046-XXXX-XXXX-8567,19.08,USD,Utilities,Singapore,SG,Online,9.1,0,0,normal,0.047
8d1a633d-ca1a-4532-9629-76ffae80a688,6/9/2026 17:03,ACC10796,4546-XXXX-XXXX-7928,22.12,USD,Retail,Dubai,AE,Mobile App,24.4,0,0,normal,0.151
3945fb04-8cc9-41fe-8cb4-457a9c1b0600,8/8/2026 15:51,ACC87872,4973-XXXX-XXXX-2607,27.19,USD,Grocery,Tokyo,JP,ATM,5.9,0,0,normal,0.085
39bc85d6-fd24-4473-a120-71b4e0aad6f2,6/16/2026 2:33,ACC28094,4863-XXXX-XXXX-1377,8545.91,USD,Grocery,Houston,US,ATM,16.7,0,2,suspicious,0.951
83dae9ea-d3ea-4221-bcad-fca295e5c1fd,8/3/2026 10:37,ACC83010,4273-XXXX-XXXX-3476,165.21,USD,Utilities,Houston,US,POS,28.3,0,1,normal,0.115
a51c0ab1-7c9f-469a-be34-5a7718f8c760,6/21/2026 12:15,ACC27628,4329-XXXX-XXXX-5045,15.93,USD,Utilities,Singapore,SG,Online,3.9,0,1,normal,0.247
469217c8-8897-4755-9aff-c1559637acbc,6/29/2026 20:18,ACC11064,4626-XXXX-XXXX-9362,18.84,USD,Education,Singapore,SG,ATM,33.9,0,1,normal,0.025
addc1819-0fe4-4c0f-92b0-eae8970903f1,7/10/2026 11:16,ACC43388,4307-XXXX-XXXX-1592,43.24,USD,Pharmacy,Bangalore,IN,ATM,38.6,0,0,normal,0.057
20226412-cda9-4dd6-b365-c1ad45d13da3,7/31/2026 16:20,ACC15161,4138-XXXX-XXXX-7241,9.18,USD,Pharmacy,Chicago,US,ATM,15.2,0,0,normal,0.015
c61ba60d-393a-43b1-9989-5f9ca910cd6e,5/23/2026 7:09,ACC58629,4686-XXXX-XXXX-9850,26.97,USD,Education,London,GB,ATM,23.5,0,1,normal,0.222
7094bc0c-977b-4787-bf4e-b85138c178ec,6/5/2026 11:14,ACC92946,4168-XXXX-XXXX-7366,196.05,USD,Pharmacy,Bangalore,IN,Mobile App,13.8,0,0,normal,0.23
f4510c08-6bc7-4c49-84ec-fd0138232b1e,5/30/2026 20:14,ACC62409,4429-XXXX-XXXX-6426,27.18,USD,Home Improvement,London,GB,Mobile App,3.2,0,0,normal,0.125
524b5ec7-a6cd-4940-b543-f9722f6e12e5,6/4/2026 10:58,ACC98000,4781-XXXX-XXXX-1183,38.41,USD,Electronics,Los Angeles,US,Mobile App,6.1,0,0,normal,0.062
c7997cd5-60a0-4685-91e3-82be297b8678,7/24/2026 19:50,ACC97223,4140-XXXX-XXXX-6628,4.22,USD,Restaurant,Chicago,US,Mobile App,10.7,0,0,normal,0.173
9d8f46d6-2cce-496b-bde9-dacffe4dbe42,7/3/2026 7:50,ACC26675,4473-XXXX-XXXX-3588,8.19,USD,Travel,Toronto,CA,ATM,7.2,0,1,normal,0.048
5a8a0431-e5a9-445f-b103-12ec7273c961,7/16/2026 0:53,ACC74887,4465-XXXX-XXXX-5539,46.83,USD,Retail,Bangalore,IN,ATM,8,0,0,normal,0.113
f1f9b711-cb92-4f46-9ecd-fd4b93fa63bf,6/27/2026 8:32,ACC84381,4033-XXXX-XXXX-3983,52.12,USD,Home Improvement,Paris,FR,Mobile App,36.8,0,2,normal,0.063
65a3f21f-4d49-4a42-a2e2-2cecb2507653,5/23/2026 16:11,ACC83272,4378-XXXX-XXXX-2945,20.86,USD,Coffee Shop,Toronto,CA,ATM,4.4,0,0,normal,0.08
855f2e9a-ec78-4320-9cee-45207090a35b,7/25/2026 10:13,ACC86962,4612-XXXX-XXXX-2410,44.81,USD,Insurance,Singapore,SG,Online,8.3,0,0,normal,0.218
a0ad7ae1-7a8e-4ccd-b768-392c512ee809,5/3/2026 0:32,ACC95674,4088-XXXX-XXXX-9260,6.98,USD,Coffee Shop,Delhi,IN,Mobile App,22.5,0,0,normal,0.08
597d04d0-d015-44ef-a03a-9eff1b5f1bb9,7/19/2026 18:02,ACC68288,4473-XXXX-XXXX-8421,38.03,USD,Education,Paris,FR,Online,23.1,0,0,normal,0.088
343a02d1-c846-4a4d-b277-67cd1a35d357,6/2/2026 11:07,ACC91026,4231-XXXX-XXXX-3491,52.61,USD,Restaurant,Toronto,CA,ATM,34.3,0,0,normal,0.24
7026550e-7816-46be-988a-919b322a6c7b,5/26/2026 17:15,ACC27427,4988-XXXX-XXXX-4573,75.96,USD,Retail,Houston,US,Mobile App,38.4,0,0,normal,0.166
d78185cc-d0fd-4a2d-973c-5c457aa83b5f,5/8/2026 23:43,ACC59064,4627-XXXX-XXXX-5466,998.98,USD,Pharmacy,Sydney,AU,ATM,31.3,0,3,suspicious,0.883
4f47af70-0685-45f8-acfe-ebc08e46ee00,6/18/2026 15:52,ACC56748,4085-XXXX-XXXX-1211,11.5,USD,Utilities,Mumbai,IN,POS,28.5,0,0,normal,0.151
e29a203c-e218-49fe-a690-ca5a5a0a0bd3,5/27/2026 2:52,ACC11954,4072-XXXX-XXXX-9128,21.76,USD,Gas Station,New York,US,POS,5.4,0,0,normal,0.046
cf6419f2-c6ee-40de-a03c-4a1f924fd778,5/28/2026 13:04,ACC62459,4113-XXXX-XXXX-7848,7.46,USD,Entertainment,New York,US,POS,19,0,0,normal,0.041
5f218a94-b81d-4850-8a56-078d81c4b51a,5/5/2026 20:04,ACC28928,4225-XXXX-XXXX-8762,13.21,USD,Education,Bangalore,IN,POS,18,0,0,normal,0.149
971d9e62-1ca4-4165-8452-afaf2839db47,5/25/2026 0:18,ACC54829,4108-XXXX-XXXX-8175,983.85,USD,Retail,Moscow,RU,Mobile App,5899.4,1,3,suspicious,0.925
6dc38fc7-121a-4f3a-91cc-65e926b65c56,8/5/2026 0:38,ACC70387,4484-XXXX-XXXX-6978,437.7,USD,Electronics,Moscow,RU,ATM,8967,1,3,suspicious,0.828
d1d5ee11-300d-46dc-9d2c-1a8155e840bb,6/13/2026 12:43,ACC82330,4059-XXXX-XXXX-3293,4.89,USD,Electronics,Dubai,AE,Mobile App,8.8,0,0,normal,0.077
fcda7789-179f-42a4-b96c-b5116318938d,5/29/2026 7:18,ACC22954,4278-XXXX-XXXX-9462,18.77,USD,Home Improvement,Dubai,AE,Mobile App,29.9,0,0,normal,0.146
5f6ebcc6-0806-4c9b-b3d2-e1b2ce7b8ddf,5/17/2026 10:54,ACC59278,4801-XXXX-XXXX-8158,37.95,USD,Education,Mumbai,IN,POS,5.5,0,0,normal,0.085
599960cb-7d44-43b5-bc70-3c8425122d10,7/7/2026 11:02,ACC41696,4517-XXXX-XXXX-2119,24.62,USD,Healthcare,Sydney,AU,POS,32.8,0,1,normal,0.137
45389499-d28a-4ffd-a5fb-f4664720cc91,8/2/2026 22:47,ACC99063,4732-XXXX-XXXX-2924,28.66,USD,Grocery,Toronto,CA,POS,21.6,0,1,normal,0.176
bbde41d5-931a-49b3-9946-ded99787ad99,7/17/2026 18:39,ACC77051,4644-XXXX-XXXX-8209,47.08,USD,Home Improvement,Singapore,SG,ATM,31.5,0,0,normal,0.213
f1f55829-3a21-495e-8e6e-4bc358e12916,6/18/2026 20:20,ACC97500,4543-XXXX-XXXX-6198,17.49,USD,Restaurant,New York,US,ATM,24.5,0,1,normal,0.131
36ed330b-55fc-4d13-835d-3bdf0844a829,8/6/2026 13:41,ACC98103,4698-XXXX-XXXX-3875,4.01,USD,Electronics,Mumbai,IN,POS,23.5,0,1,normal,0.041
6dcd39b8-e61d-43e5-bfe5-df7b81f215f7,5/9/2026 17:29,ACC92397,4633-XXXX-XXXX-6925,9.78,USD,Electronics,Singapore,SG,Online,28.2,0,0,normal,0.065
fc677cc9-ecc0-41a5-ab86-87c064c5509d,6/19/2026 10:14,ACC94875,4768-XXXX-XXXX-9938,23.84,USD,Grocery,New York,US,POS,1.5,0,0,normal,0.225
f2cfa8bc-7227-471d-a68a-28e8265f41bb,7/27/2026 11:50,ACC84949,4827-XXXX-XXXX-1415,14.68,USD,Subscription,Bangalore,IN,Online,39.1,0,0,normal,0.028
c2ba800a-272c-4656-a720-63853f5d95dd,7/27/2026 14:07,ACC74580,4723-XXXX-XXXX-6535,16.89,USD,Pharmacy,Singapore,SG,Mobile App,39.3,0,1,normal,0.077
76b44ee3-3ec8-466b-a952-9748dd04f80e,5/17/2026 15:05,ACC27557,4007-XXXX-XXXX-5399,37.63,USD,Home Improvement,Houston,US,Mobile App,2.7,0,0,normal,0.176
2b21fbf9-60d2-4900-b2b0-39f8035f41f2,5/1/2026 22:40,ACC18484,4142-XXXX-XXXX-8602,228.26,USD,Electronics,Delhi,IN,Online,3.8,0,8,suspicious,0.853
7fafc514-e514-4998-84e8-a1ee875cafcb,6/17/2026 18:56,ACC47367,4231-XXXX-XXXX-5417,10.13,USD,Healthcare,Sydney,AU,ATM,10.6,0,0,normal,0.172
77786df3-c667-4b0a-a112-80a6a37c6c16,5/8/2026 10:56,ACC80328,4812-XXXX-XXXX-7006,17.61,USD,Healthcare,Houston,US,POS,6.5,0,1,normal,0.156
319c3e24-89a8-42b3-8450-2165a3694952,7/31/2026 9:54,ACC34032,4716-XXXX-XXXX-6412,13.64,USD,Retail,London,GB,Mobile App,18.1,0,0,normal,0.124
3d946acd-339b-49b9-bdae-d43b41462e79,7/11/2026 8:42,ACC36832,4141-XXXX-XXXX-6487,50.41,USD,Electronics,Delhi,IN,Online,21.6,0,0,normal,0.187
0d4b9336-744f-43ea-b16b-119dd55ef06a,6/9/2026 12:16,ACC83281,4568-XXXX-XXXX-8925,27.34,USD,Insurance,Bangalore,IN,Mobile App,39.5,0,0,normal,0.196
6bea14de-b1a4-491c-b021-3409cd9a9640,7/12/2026 20:27,ACC46529,4643-XXXX-XXXX-1344,32.06,USD,Electronics,Toronto,CA,ATM,21.4,0,0,normal,0.104
31d005e1-7d3b-498d-b2c5-69726ba60da4,5/18/2026 7:32,ACC52039,4352-XXXX-XXXX-1396,20.47,USD,Subscription,Berlin,DE,Mobile App,6.8,0,0,normal,0.207
38d5bb29-4e15-4646-8a10-ded552830918,7/9/2026 17:21,ACC53890,4364-XXXX-XXXX-3587,15.3,USD,Entertainment,Singapore,SG,Online,19.4,0,0,normal,0.214
19dc0186-4897-47c5-a10a-593acc591c15,5/27/2026 17:19,ACC25825,4548-XXXX-XXXX-6870,21.9,USD,Travel,Houston,US,Online,18.1,0,0,normal,0.215
3ef2e88c-c4fa-47ed-88ae-94aa7808b6e0,6/13/2026 12:59,ACC48360,4658-XXXX-XXXX-7771,35.85,USD,Education,London,GB,Online,29.9,0,0,normal,0.213
8872bd53-79b1-4a8c-91a2-696276c64a5f,6/13/2026 15:29,ACC61558,4695-XXXX-XXXX-6997,32.91,USD,Utilities,Chicago,US,POS,31.1,0,0,normal,0.117
df39f46c-1f8f-4ec6-9069-8a0cc8a7ed8c,5/14/2026 11:54,ACC89813,4584-XXXX-XXXX-1549,16.33,USD,Pharmacy,Toronto,CA,POS,6,0,0,normal,0.177
7b926a64-f4c5-433f-9a4b-c28069856eb2,6/19/2026 19:29,ACC54755,4053-XXXX-XXXX-1475,45.37,USD,Entertainment,Chicago,US,POS,4.5,0,0,normal,0.143
1ea689d3-d6e8-43f4-bc77-4974be32531f,5/3/2026 10:51,ACC20316,4377-XXXX-XXXX-8617,65.71,USD,Retail,Tokyo,JP,Online,17.9,0,0,normal,0.048
a5ef840e-23e3-4a8b-8f52-6cc5ce962b33,6/22/2026 7:07,ACC41483,4860-XXXX-XXXX-2233,10.63,USD,Retail,Paris,FR,POS,24.9,0,1,normal,0.084
9e0b5bc7-8dc6-4d3a-946f-de477d641341,5/13/2026 9:07,ACC80484,4848-XXXX-XXXX-8130,21.53,USD,Entertainment,New York,US,POS,29.9,0,0,normal,0.12
59c11360-b04b-4e69-9bc8-81cc56df09d8,5/23/2026 17:38,ACC87812,4111-XXXX-XXXX-8405,21.65,USD,Coffee Shop,Bangalore,IN,Online,37.8,0,0,normal,0.198
7c4292e7-ff66-4f1c-9d03-9442f1c4504f,7/4/2026 19:00,ACC16949,4718-XXXX-XXXX-4359,76.73,USD,Restaurant,London,GB,Online,22.5,0,2,normal,0.043
ecf6b728-6d1d-4fcd-bb45-9bceade71f73,7/17/2026 15:59,ACC48765,4275-XXXX-XXXX-5936,102.71,USD,Gas Station,London,GB,ATM,31,0,0,normal,0.228
efd83037-10af-4d52-bcc2-050c9097f6b5,5/21/2026 11:50,ACC10993,4227-XXXX-XXXX-5676,119.97,USD,Pharmacy,Dubai,AE,POS,10,0,0,normal,0.158
86a3f223-dd35-4bc8-878a-f6e75cd9d975,8/6/2026 8:20,ACC21253,4118-XXXX-XXXX-3321,23.62,USD,Grocery,Paris,FR,Mobile App,12.5,0,0,normal,0.06
50be53d2-e59f-4bde-8ac3-2687f3c1b17b,7/9/2026 15:01,ACC35509,4254-XXXX-XXXX-3938,29.09,USD,Insurance,Singapore,SG,Online,1.2,0,1,normal,0.185
c165dd42-4924-4a64-b806-884967950b82,8/8/2026 19:57,ACC29316,4361-XXXX-XXXX-5699,6.8,USD,Subscription,Los Angeles,US,Online,36.9,0,0,normal,0.175
a4f1d060-4703-4178-b909-6a0bff45782f,6/23/2026 6:17,ACC57091,4752-XXXX-XXXX-9639,14.62,USD,Electronics,Bangalore,IN,Online,33.2,0,0,normal,0.243
bd7928f1-d994-4fff-a833-c202d39caa2c,5/11/2026 19:41,ACC71156,4507-XXXX-XXXX-6922,8.24,USD,Utilities,Bangalore,IN,POS,35.4,0,0,normal,0.077
43dc9913-80a3-41f2-82dd-15af55b58d96,6/4/2026 9:01,ACC18031,4677-XXXX-XXXX-8364,12.65,USD,Retail,New York,US,Online,24.7,0,0,normal,0.184
96291678-fbc3-4242-bff8-a93c3ecb8d11,7/27/2026 14:07,ACC49642,4847-XXXX-XXXX-3100,1088,USD,Home Improvement,Pyongyang,KP,POS,7096.9,1,1,suspicious,0.651
64c8ab99-afe2-49a4-a644-a1883e4e3f6d,5/30/2026 12:32,ACC55698,4573-XXXX-XXXX-4423,24.7,USD,Grocery,Bangalore,IN,Mobile App,33.8,0,1,normal,0.153
41598a8f-c146-4675-95dc-9b537aeacca6,6/19/2026 16:33,ACC92518,4750-XXXX-XXXX-5413,12.28,USD,Home Improvement,Los Angeles,US,Online,28.6,0,0,normal,0.165
a7d0c418-da78-478a-a7ee-f85f21062027,7/27/2026 1:51,ACC24774,4964-XXXX-XXXX-6719,37.71,USD,Pharmacy,London,GB,Online,20.5,0,0,normal,0.111
c8abac82-d743-42f8-8aed-355405501a5c,6/2/2026 6:11,ACC85444,4780-XXXX-XXXX-3938,7.66,USD,Utilities,Houston,US,POS,5.9,0,0,normal,0.159
1ca765fe-7555-4511-ab98-fc594de24788,6/22/2026 9:00,ACC32347,4163-XXXX-XXXX-6876,24.42,USD,Education,Houston,US,Online,0.7,0,0,normal,0.106
3d5a8b25-ab78-4247-8f4c-7c31ca40d2e3,7/14/2026 18:48,ACC54106,4717-XXXX-XXXX-5738,60.22,USD,Healthcare,Dubai,AE,POS,4.3,0,0,normal,0.155
dc0d8f42-04d7-4e7b-911e-f9919fa80bf7,7/29/2026 17:37,ACC92732,4858-XXXX-XXXX-2212,51.09,USD,Travel,London,GB,Online,12,0,0,normal,0.163
85f2c144-ee02-4778-8ce5-8576b2963fcf,7/14/2026 13:28,ACC23970,4797-XXXX-XXXX-7965,4.3,USD,Retail,Paris,FR,Online,7,0,2,normal,0.134
431a2d8a-0d85-4c16-8007-9da0387ce1be,5/31/2026 9:00,ACC66720,4614-XXXX-XXXX-1506,5.78,USD,Electronics,Bangalore,IN,ATM,2.7,0,0,normal,0.224
6b6d49be-1bd9-4462-ba87-d44cb07a528a,7/16/2026 9:24,ACC70693,4913-XXXX-XXXX-8999,30.72,USD,Pharmacy,New York,US,POS,14.2,0,0,normal,0.089
041f1a48-e09f-482b-ab5b-5583431eb24c,8/3/2026 5:27,ACC91223,4939-XXXX-XXXX-3113,14.05,USD,Healthcare,Sydney,AU,ATM,14.7,0,1,normal,0.238
e6a47310-edc0-49cb-b7c0-164a142070ca,6/28/2026 13:48,ACC11731,4293-XXXX-XXXX-2822,7.78,USD,Home Improvement,Toronto,CA,Online,2.4,0,0,normal,0.155
cc3cfa0a-0334-4d39-9510-1e72f0a12c7b,5/16/2026 10:53,ACC94874,4650-XXXX-XXXX-7726,6.3,USD,Subscription,London,GB,POS,11.7,0,0,normal,0.239
1c498af7-ae16-4a77-a2fc-b2b917a88a98,6/8/2026 4:01,ACC11184,4243-XXXX-XXXX-9805,3044.79,USD,Home Improvement,Dubai,AE,ATM,31.2,0,2,suspicious,0.842
4fb0771f-c8aa-4109-9c95-f19b79d7e1a6,7/11/2026 15:17,ACC19266,4394-XXXX-XXXX-6454,107.26,USD,Home Improvement,Singapore,SG,POS,11.9,0,1,normal,0.178
98861b52-818b-417f-8d22-0ed4ee5cbb65,6/13/2026 17:20,ACC47701,4709-XXXX-XXXX-1769,17.27,USD,Electronics,Tokyo,JP,ATM,15.5,0,2,normal,0.244
02bad1e4-6c8d-45c9-a61f-703ebd1df3c7,6/28/2026 11:24,ACC28236,4157-XXXX-XXXX-6410,27.33,USD,Grocery,Singapore,SG,ATM,39.2,0,0,normal,0.104
53706cd6-6778-4d6e-a7dc-a030570a45cd,6/13/2026 11:31,ACC70324,4594-XXXX-XXXX-7523,8.85,USD,Subscription,Paris,FR,Online,11.7,0,0,normal,0.155
b6731ca4-bb65-4264-ac7f-876f62e24ce0,7/18/2026 15:10,ACC96627,4272-XXXX-XXXX-2531,26.59,USD,Utilities,Chicago,US,ATM,22.9,0,0,normal,0.161
786d337a-4942-4e60-972c-da63e0e0f464,8/1/2026 13:40,ACC85324,4130-XXXX-XXXX-9322,14.64,USD,Gas Station,Delhi,IN,POS,16.2,0,1,normal,0.036
3f4c3a8d-8452-4eae-abb2-a0f8c7f7a984,7/18/2026 13:22,ACC30431,4601-XXXX-XXXX-9209,11.29,USD,Education,Toronto,CA,Mobile App,20.9,0,0,normal,0.232
87de0a8a-ba6b-45ee-852c-3d3b3e767982,7/30/2026 7:22,ACC51587,4350-XXXX-XXXX-8967,12.29,USD,Gas Station,Tokyo,JP,Online,28.1,0,0,normal,0.077
6356e223-6d14-4d06-a5d7-177074a18401,7/19/2026 7:13,ACC65450,4031-XXXX-XXXX-8334,52.52,USD,Subscription,Singapore,SG,POS,11.9,0,1,normal,0.047
acd5080a-2a09-467e-9841-5c7a23aa97c5,6/1/2026 1:18,ACC20531,4530-XXXX-XXXX-4093,13.36,USD,Insurance,Houston,US,ATM,6.6,0,0,normal,0.176
75c199a6-93aa-4fc9-a7c1-17d334288afc,6/16/2026 6:03,ACC39559,4490-XXXX-XXXX-1694,26.95,USD,Entertainment,Houston,US,POS,8.8,0,0,normal,0.047
ea80114c-3167-4854-b5d4-4218547c4930,7/14/2026 17:41,ACC33153,4608-XXXX-XXXX-5520,13.69,USD,Subscription,Berlin,DE,ATM,20.7,0,0,normal,0.022
75314816-77cd-4b30-85f2-ccc010c5d6e5,6/17/2026 11:46,ACC24927,4954-XXXX-XXXX-4273,54.87,USD,Pharmacy,Singapore,SG,Online,27.3,0,0,normal,0.239
69cfee2a-def0-41e7-a119-8b65000f5548,5/26/2026 18:32,ACC51674,4613-XXXX-XXXX-8037,28.92,USD,Retail,Dubai,AE,Online,36.8,0,1,normal,0.151
577012f3-a360-4431-b0af-182fce93777a,5/25/2026 7:15,ACC48759,4129-XXXX-XXXX-6695,43.79,USD,Coffee Shop,Toronto,CA,Mobile App,18.1,0,0,normal,0.235
feea109b-002a-4aae-9782-d562be3e5787,7/15/2026 8:13,ACC55000,4542-XXXX-XXXX-7062,6.01,USD,Travel,Delhi,IN,POS,8.9,0,2,normal,0.131
a95fec30-c386-4741-8f39-82ec03350e2b,7/5/2026 16:24,ACC81394,4430-XXXX-XXXX-6773,27.17,USD,Electronics,London,GB,Online,33.6,0,1,normal,0.236
0e8a0c65-32d8-4963-86c2-4f406eef82f1,5/19/2026 3:03,ACC86923,4767-XXXX-XXXX-6705,31.98,USD,Gas Station,Tokyo,JP,POS,3.7,0,0,normal,0.077
8eab1f26-1080-4e77-aae7-59a010228af2,7/17/2026 16:44,ACC88275,4262-XXXX-XXXX-2196,17.96,USD,Home Improvement,Paris,FR,POS,22.3,0,0,normal,0.233
e9f78aa0-130d-4aa6-b288-0ed4f7690627,6/3/2026 12:43,ACC48456,4674-XXXX-XXXX-9750,102.89,USD,Entertainment,Toronto,CA,ATM,5.6,0,0,normal,0.085
74e0e497-bfdc-45a9-8f78-d22121fa3b27,6/10/2026 2:32,ACC39072,4821-XXXX-XXXX-4186,2153.83,USD,Coffee Shop,London,GB,POS,13.9,0,1,suspicious,0.793
d374537a-7594-4b16-b237-5ab9ccf7e2f9,7/23/2026 8:24,ACC79767,4287-XXXX-XXXX-9827,73.47,USD,Gas Station,Tokyo,JP,Online,12.9,0,1,normal,0.079
b2c51414-29cf-429f-9a51-ccaa5ddf9932,7/18/2026 7:07,ACC86273,4607-XXXX-XXXX-5472,19.45,USD,Healthcare,Tokyo,JP,ATM,14.2,0,0,normal,0.238
e030bacf-8c47-4c1d-8874-f6822cb0d954,5/17/2026 7:44,ACC58348,4150-XXXX-XXXX-9023,985.11,USD,Pharmacy,Berlin,DE,Online,25.7,0,1,suspicious,0.806
e6209710-89c3-4e9a-82d4-f505dd8b6799,6/27/2026 18:17,ACC47144,4149-XXXX-XXXX-1562,33.99,USD,Coffee Shop,Tokyo,JP,Mobile App,12.4,0,2,normal,0.04
28a676df-7f5d-4bf7-aece-fa6031ad8f37,8/5/2026 15:48,ACC17542,4917-XXXX-XXXX-6695,30.26,USD,Restaurant,London,GB,ATM,34.7,0,0,normal,0.174
7b1fa689-9c2a-4588-9467-9a88124876b8,5/3/2026 18:51,ACC92103,4101-XXXX-XXXX-6398,19.73,USD,Healthcare,Dubai,AE,POS,10.9,0,2,normal,0.213
6f62b88f-149e-4c6f-a618-3e0cc1b71a78,8/1/2026 21:39,ACC28264,4301-XXXX-XXXX-8543,5.9,USD,Education,Delhi,IN,Online,33.4,0,0,normal,0.234
8f094172-4809-4373-bc9f-b091b4805630,6/15/2026 6:11,ACC47940,4288-XXXX-XXXX-8961,46.9,USD,Healthcare,New York,US,POS,30.4,0,0,normal,0.047
1d52a017-2b98-42b2-b5f9-79a8bd419c05,6/13/2026 17:01,ACC75860,4355-XXXX-XXXX-7450,22.81,USD,Gas Station,Bangalore,IN,Online,18.3,0,0,normal,0.134
a43c2bc2-b214-4fdb-9749-db497e65516b,8/3/2026 15:54,ACC82264,4358-XXXX-XXXX-6640,94.94,USD,Gas Station,Delhi,IN,Online,33.5,0,0,normal,0.209
9cc895a1-a2ba-4b4c-a4c8-634b0ceaed7c,6/5/2026 11:23,ACC75215,4208-XXXX-XXXX-6014,11.94,USD,Education,Chicago,US,ATM,25,0,1,normal,0.074
62bfe347-01c6-4219-a057-b11fa7e8736f,5/7/2026 5:38,ACC34665,4336-XXXX-XXXX-2522,993.28,USD,Coffee Shop,Paris,FR,Online,19.3,0,2,suspicious,0.792
9fdabc69-693e-485d-9b60-81296e9490f9,6/17/2026 7:11,ACC88576,4086-XXXX-XXXX-3535,45.92,USD,Retail,Dubai,AE,Online,16.1,0,0,normal,0.225
cb7e6f0b-786a-440c-b65d-50de38a7ad13,5/30/2026 9:52,ACC73620,4573-XXXX-XXXX-8145,47.71,USD,Retail,Los Angeles,US,ATM,25.9,0,0,normal,0.048
4fc7b69c-8db7-4922-8b91-0307234f6e8f,7/19/2026 9:53,ACC44641,4922-XXXX-XXXX-3915,5371.03,USD,Wire Transfer,Tokyo,JP,Online,1.8,0,1,suspicious,0.92
f8f2d9f8-e1cc-4725-a3c2-6f5424b1e482,6/26/2026 12:10,ACC46724,4432-XXXX-XXXX-8578,56.79,USD,Home Improvement,Singapore,SG,ATM,5.7,0,0,normal,0.116
91c4f15b-71ad-4e7f-87b3-3c9d68c6b286,7/10/2026 17:50,ACC15276,4046-XXXX-XXXX-1637,31.95,USD,Retail,Delhi,IN,Online,28.5,0,1,normal,0.135
6f5a079b-1539-452c-800f-68df6f81c2dc,7/15/2026 12:32,ACC59927,4355-XXXX-XXXX-7972,525.03,USD,Gas Station,Berlin,DE,Online,8.8,0,12,suspicious,0.887
feb6258b-c713-47cb-8629-78e4fcfb0a1e,5/27/2026 1:34,ACC60533,4880-XXXX-XXXX-2246,97.43,USD,Entertainment,Tokyo,JP,Online,25.3,0,7,suspicious,0.877
8a411939-4e60-44a3-b398-5b679f5e9869,5/6/2026 10:48,ACC94448,4872-XXXX-XXXX-1691,11.43,USD,Insurance,Chicago,US,ATM,31.3,0,0,normal,0.225
87ca1ea0-1df9-402c-8956-05c293e9200d,6/11/2026 7:58,ACC54634,4364-XXXX-XXXX-1852,42.69,USD,Gas Station,Paris,FR,ATM,20.4,0,0,normal,0.147
67a9e6ba-bdd1-4426-8d8d-97cdad47b72d,5/25/2026 14:13,ACC82323,4319-XXXX-XXXX-9541,16.98,USD,Electronics,Paris,FR,Mobile App,30.3,0,0,normal,0.017
c1ef2db5-a99d-48af-8a87-4e1594814356,7/24/2026 7:11,ACC74999,4228-XXXX-XXXX-9659,3903.22,USD,Electronics,Dubai,AE,Online,4.4,0,3,suspicious,0.715
74d1ddcc-7400-4ba0-b677-d2289ec92a2b,5/9/2026 12:31,ACC70079,4962-XXXX-XXXX-9791,102.03,USD,Retail,Delhi,IN,Online,29.6,0,0,normal,0.027
40d8fa83-1104-41c4-8e76-a98c26fcb57d,7/27/2026 13:24,ACC80126,4995-XXXX-XXXX-6977,23.07,USD,Insurance,Dubai,AE,POS,31.4,0,2,normal,0.138
de13f1de-ffa1-4466-8bc1-418c23c1f2cb,6/11/2026 0:39,ACC42060,4238-XXXX-XXXX-2719,992.16,USD,Travel,Mumbai,IN,ATM,15.1,0,2,suspicious,0.833
f9a200a2-9df4-4cf5-b54b-f7d0a8376344,6/7/2026 21:40,ACC22934,4946-XXXX-XXXX-4506,93.67,USD,Gas Station,Paris,FR,ATM,14.7,0,0,normal,0.116
44fa4e77-b978-4851-8bdd-b84d83a677df,6/11/2026 9:17,ACC83988,4671-XXXX-XXXX-4049,37.65,USD,Insurance,London,GB,POS,13,0,0,normal,0.148
9dd2a5d1-cbc6-44f3-a144-7944e2fcea88,8/1/2026 22:53,ACC60444,4300-XXXX-XXXX-4196,34.55,USD,Healthcare,Dubai,AE,Online,34.8,0,1,normal,0.198
13ffcf82-effa-41b7-afa7-e50dc6e03d45,5/22/2026 18:55,ACC96787,4405-XXXX-XXXX-2655,19.59,USD,Healthcare,Singapore,SG,Mobile App,12.1,0,0,normal,0.048
0a6ab5a2-9939-4436-a71f-b03cab059ded,6/25/2026 17:49,ACC89551,4521-XXXX-XXXX-4090,50.92,USD,Home Improvement,Sydney,AU,ATM,11.8,0,0,normal,0.225
096cef2d-698e-432d-818f-09169afbd394,5/6/2026 15:21,ACC33647,4279-XXXX-XXXX-6062,49.13,USD,Entertainment,Tokyo,JP,Mobile App,14,0,0,normal,0.044
08321f94-352f-499d-be7f-bc67613b9c26,6/6/2026 12:24,ACC94928,4684-XXXX-XXXX-2376,14.61,USD,Restaurant,Tokyo,JP,Online,20.4,0,0,normal,0.206
e3d03a9e-f981-4d3d-bb5e-9d41b67e69c6,7/10/2026 7:21,ACC62487,4536-XXXX-XXXX-2288,8.34,USD,Healthcare,Dubai,AE,ATM,34.8,0,1,normal,0.063
80d87a6b-97ad-4129-821d-f26cca311f9d,5/21/2026 20:11,ACC55457,4327-XXXX-XXXX-3750,18.49,USD,Gas Station,Sydney,AU,POS,32.9,0,0,normal,0.185
e6827cd7-75bf-4743-a76c-3269755ffdae,6/26/2026 3:10,ACC48170,4314-XXXX-XXXX-3593,17.94,USD,Education,Chicago,US,Mobile App,19,0,0,normal,0.081
79a8ba14-80f1-4632-bcc8-c58e143291b8,6/8/2026 11:04,ACC99610,4617-XXXX-XXXX-8268,30.62,USD,Pharmacy,Dubai,AE,Online,31.9,0,2,normal,0.13
a98d3bbe-7fe0-4ec2-acf3-9dbf0024156e,5/21/2026 9:12,ACC97614,4953-XXXX-XXXX-9682,14.78,USD,Pharmacy,Dubai,AE,Online,25.1,0,2,normal,0.011
3d348d27-2bbd-4e63-9ab1-e6f6a1999bbf,6/6/2026 14:09,ACC50653,4166-XXXX-XXXX-3911,12.34,USD,Home Improvement,Chicago,US,ATM,27.5,0,0,normal,0.044
93cd09d1-20cd-4ce3-86b0-e8f9914577cf,5/26/2026 9:30,ACC78464,4118-XXXX-XXXX-1067,19.71,USD,Grocery,Tokyo,JP,Mobile App,37.3,0,0,normal,0.153
beec6604-1f36-4cbe-aad9-c6a44a426777,6/15/2026 9:58,ACC46903,4967-XXXX-XXXX-3267,36.19,USD,Insurance,Bangalore,IN,ATM,27.3,0,0,normal,0.197
f96774b0-322f-4b84-af0c-be96966ef5a1,7/7/2026 14:45,ACC58741,4129-XXXX-XXXX-5403,48.05,USD,Insurance,London,GB,POS,30.9,0,0,normal,0.204
33d72b27-608c-4a29-bdf8-04c251f920c0,6/5/2026 7:50,ACC62315,4709-XXXX-XXXX-6588,455.54,USD,Healthcare,New York,US,Online,12,0,12,suspicious,0.664
2e2dadac-11c2-4f9e-9dde-ef69454faf51,7/5/2026 12:18,ACC73720,4607-XXXX-XXXX-9686,75.8,USD,Utilities,Berlin,DE,ATM,18.3,0,0,normal,0.226
75b1d576-b242-4485-a554-211c3cd817e1,7/7/2026 3:29,ACC15039,4692-XXXX-XXXX-3173,2112.49,USD,Gas Station,Houston,US,POS,13.4,0,1,suspicious,0.884
d14b6919-9208-4e24-8158-7db2e5e5bd54,5/21/2026 13:13,ACC69910,4123-XXXX-XXXX-7380,21.77,USD,Healthcare,Singapore,SG,POS,23.2,0,0,normal,0.166
c353b283-1283-47d0-a6fe-c70b2cf9e532,7/18/2026 13:29,ACC67653,4120-XXXX-XXXX-5576,22.24,USD,Retail,Sydney,AU,Mobile App,13.5,0,1,normal,0.071
90b4a1c6-d7ae-41c7-ae02-e2bd490b0e7e,5/31/2026 11:48,ACC54350,4695-XXXX-XXXX-1857,13.92,USD,Education,Toronto,CA,Mobile App,2.6,0,0,normal,0.173
930f4840-95bc-4ebd-8c06-08a91a25029b,7/11/2026 17:21,ACC56173,4895-XXXX-XXXX-8401,24.98,USD,Pharmacy,London,GB,ATM,10,0,0,normal,0.235
e54f5461-76bd-4746-870c-816cb16214e5,7/22/2026 13:04,ACC79017,4450-XXXX-XXXX-2013,18.17,USD,Restaurant,Los Angeles,US,Mobile App,5.2,0,0,normal,0.028
ba07c6c4-d08a-4eba-9646-5ddf7fe2d300,6/13/2026 11:37,ACC38594,4104-XXXX-XXXX-3723,7.32,USD,Coffee Shop,Toronto,CA,POS,0.1,0,0,normal,0.041
df51802c-6018-4b0a-a593-f8ba6281e52d,6/19/2026 10:52,ACC37575,4880-XXXX-XXXX-3625,47.07,USD,Education,Dubai,AE,ATM,25.3,0,1,normal,0.194
c1504fd6-4568-4146-b079-83c14f37f534,5/31/2026 9:06,ACC16125,4139-XXXX-XXXX-4904,125.08,USD,Electronics,Paris,FR,Online,0.9,0,0,normal,0.175
7877aa96-a46c-40fe-8f76-2bf4d2c67047,5/7/2026 10:48,ACC39513,4177-XXXX-XXXX-3570,27.55,USD,Electronics,Houston,US,Mobile App,38.3,0,0,normal,0.052
5106e9cc-9f0f-4f93-906e-e1dd371feeaf,6/20/2026 16:01,ACC87286,4843-XXXX-XXXX-6190,21.45,USD,Travel,Los Angeles,US,Online,2.5,0,1,normal,0.012
569069de-a765-4704-8ef9-570ad8ff1a55,6/20/2026 14:39,ACC52508,4453-XXXX-XXXX-5303,56.09,USD,Pharmacy,Paris,FR,Online,5.8,0,2,normal,0.241
3d4b0864-b6e0-45d4-bcd2-b2c49d7f47b7,5/10/2026 16:30,ACC26199,4560-XXXX-XXXX-5140,8.44,USD,Entertainment,New York,US,ATM,28.1,0,0,normal,0.175
d4151135-9320-4e65-8011-e8cfd14c0cde,6/14/2026 18:11,ACC66651,4876-XXXX-XXXX-7240,15.41,USD,Home Improvement,Berlin,DE,Online,5.8,0,2,normal,0.046
b72228dc-c23d-4744-90c9-2692bafb4ab3,8/8/2026 18:53,ACC27688,4171-XXXX-XXXX-1792,24.71,USD,Electronics,Mumbai,IN,ATM,6.2,0,0,normal,0.217
756da996-e7a2-497c-bf55-82512719344f,6/26/2026 21:46,ACC14414,4543-XXXX-XXXX-6679,78.95,USD,Gas Station,Sydney,AU,POS,19.9,0,0,normal,0.227
04956f65-2d45-4b5e-b5b1-e4b9e9f968bd,6/15/2026 3:42,ACC67124,4762-XXXX-XXXX-9094,9083.51,USD,Insurance,Sydney,AU,ATM,33.8,0,1,suspicious,0.97
6c9d0a09-54fe-4c2c-bc85-20c168e8cda7,8/3/2026 21:24,ACC60718,4188-XXXX-XXXX-3716,9.48,USD,Healthcare,Mumbai,IN,ATM,22.5,0,0,normal,0.102
60db3ef8-b70b-49c3-96a1-d44bc0487c78,6/13/2026 21:36,ACC79948,4824-XXXX-XXXX-2222,185.41,USD,Pharmacy,Chicago,US,POS,13.2,0,0,normal,0.234
d993426e-3715-4dd5-bece-faf4b7d9ab28,8/3/2026 8:26,ACC95599,4506-XXXX-XXXX-7703,16.3,USD,Healthcare,New York,US,ATM,16.6,0,1,normal,0.127
9f3dd7d6-c84f-4d4c-878e-5fdf86bc1cb4,7/10/2026 9:36,ACC66685,4431-XXXX-XXXX-1928,116.66,USD,Healthcare,Tokyo,JP,POS,34.6,0,0,normal,0.184
1e4aa1f9-f2d5-4b7d-be7a-ff550472f680,6/8/2026 23:14,ACC62766,4160-XXXX-XXXX-8200,50.33,USD,Insurance,Delhi,IN,Mobile App,33.5,0,1,normal,0.115
0af1e31e-63d3-43ee-82a2-acbffd6a55d3,6/18/2026 17:13,ACC53075,4519-XXXX-XXXX-8918,9.4,USD,Travel,New York,US,Mobile App,38.1,0,0,normal,0.218
f48b33ac-688a-4e35-9004-54b76208b8fc,6/18/2026 9:57,ACC33713,4881-XXXX-XXXX-6471,16.87,USD,Grocery,Dubai,AE,Online,20,0,1,normal,0.183
f078358f-68bc-49bd-9305-49299108fadc,7/2/2026 10:11,ACC65731,4408-XXXX-XXXX-5271,11.97,USD,Utilities,New York,US,POS,10.7,0,1,normal,0.092
90f030f8-cb79-4d7d-9dc6-d25b5f07a1e9,5/24/2026 5:38,ACC43038,4134-XXXX-XXXX-1708,62.06,USD,Pharmacy,Dubai,AE,ATM,19.4,0,0,normal,0.239
f8e2abb1-6745-40a2-829a-8ae05f8df146,6/21/2026 17:10,ACC72420,4308-XXXX-XXXX-8803,6.76,USD,Restaurant,Berlin,DE,Online,15.2,0,1,normal,0.124
93d2a861-676a-4c0b-92bf-0927f0b9304b,5/29/2026 6:53,ACC17157,4432-XXXX-XXXX-6633,75.09,USD,Electronics,New York,US,Online,39.1,0,0,normal,0.058
3b6c6fd1-97b4-449c-8ff7-6829dd405e2b,5/25/2026 11:09,ACC22245,4513-XXXX-XXXX-9933,15.77,USD,Home Improvement,London,GB,Online,28.3,0,0,normal,0.201
4e60c111-8c5f-4462-b1a3-67f86c413783,7/5/2026 17:21,ACC90432,4294-XXXX-XXXX-3912,9.19,USD,Subscription,Berlin,DE,Online,12.2,0,0,normal,0.038
a2df85ea-1765-49b0-adad-f26a70255ffd,5/18/2026 12:33,ACC73369,4750-XXXX-XXXX-9579,10.92,USD,Grocery,Houston,US,Mobile App,31,0,0,normal,0.219
da24f686-4ed8-4ee4-96bc-2c30b332c992,8/7/2026 20:52,ACC22579,4526-XXXX-XXXX-3262,18.02,USD,Coffee Shop,Chicago,US,Online,28.9,0,0,normal,0.01
9700becb-af43-4b68-a070-34ef0ef5bcd8,6/11/2026 16:37,ACC29605,4301-XXXX-XXXX-3403,6.19,USD,Entertainment,Tokyo,JP,ATM,32.9,0,1,normal,0.145
1ec4cf79-27ea-4958-93dc-5ecac03f924b,8/8/2026 9:12,ACC25095,4148-XXXX-XXXX-7517,24.52,USD,Travel,Tokyo,JP,POS,25.3,0,1,normal,0.038
91ce7730-b241-48ab-88fc-f5a248ba5e99,6/27/2026 19:41,ACC62021,4965-XXXX-XXXX-3302,249.47,USD,Education,Delhi,IN,Online,4.5,0,1,normal,0.234
ea110f47-9a8f-41db-9c68-a3717a53cca8,5/6/2026 15:55,ACC38257,4621-XXXX-XXXX-9287,43.7,USD,Insurance,Tokyo,JP,Online,2.9,0,0,normal,0.09
ba98565b-2c68-48be-9fe8-000baf9c77c2,6/13/2026 19:48,ACC33971,4723-XXXX-XXXX-2468,51.73,USD,Electronics,Tokyo,JP,ATM,26.6,0,1,normal,0.114
8c29c303-0fa7-47df-b7df-70c5e76a6ca2,5/11/2026 18:40,ACC22539,4640-XXXX-XXXX-8314,75.12,USD,Electronics,Tokyo,JP,POS,3.4,0,0,normal,0.018
2867aa35-7bc2-457c-b9d6-4f79b23ef37b,7/17/2026 12:57,ACC66810,4778-XXXX-XXXX-3553,20.43,USD,Coffee Shop,Delhi,IN,ATM,0.8,0,0,normal,0.215
5ff7b107-66fe-4f76-8722-096f552f9ecc,7/26/2026 18:42,ACC17323,4556-XXXX-XXXX-5382,18.04,USD,Pharmacy,Singapore,SG,POS,0.8,0,0,normal,0.141
96159348-c146-4629-bd2b-4479c634ae8d,7/26/2026 19:06,ACC42406,4860-XXXX-XXXX-5543,67.69,USD,Home Improvement,Tokyo,JP,ATM,25.1,0,0,normal,0.029
2d9f6653-aaaf-42bc-9eaa-57fa2898e156,5/25/2026 7:54,ACC77698,4124-XXXX-XXXX-3668,25.14,USD,Gas Station,Tokyo,JP,Online,4.8,0,0,normal,0.155
e26f5550-5835-4f69-99b7-3fbd03b5ad5b,5/4/2026 5:43,ACC84650,4296-XXXX-XXXX-6046,3730.31,USD,Home Improvement,Pyongyang,KP,POS,8041.1,1,2,suspicious,0.675
e04a0bdd-038e-49ed-a856-0b8474a89036,7/7/2026 0:34,ACC79794,4780-XXXX-XXXX-2502,976.61,USD,Healthcare,Chicago,US,Online,3.9,0,2,suspicious,0.836
95c18130-70d0-4fec-8ac9-a41f256c1eeb,8/3/2026 13:08,ACC67373,4143-XXXX-XXXX-8713,27.08,USD,Restaurant,London,GB,Mobile App,33.7,0,0,normal,0.014
c16a7b05-5005-4d69-9917-e847a42ca1ea,7/17/2026 14:31,ACC17910,4721-XXXX-XXXX-1116,7.97,USD,Retail,Toronto,CA,Mobile App,21.8,0,2,normal,0.244
e0018346-33e7-4dc4-aff0-3e1dc97c7917,7/28/2026 14:43,ACC26310,4359-XXXX-XXXX-8601,10.11,USD,Restaurant,Singapore,SG,ATM,36.3,0,0,normal,0.198
c51a3a95-9c5f-462c-bccb-f43e44680dce,5/25/2026 20:08,ACC39634,4481-XXXX-XXXX-7477,5.21,USD,Grocery,Bangalore,IN,Mobile App,12,0,0,normal,0.054
d81d472c-07aa-46a0-9c56-1328ca27e846,5/7/2026 10:25,ACC62527,4134-XXXX-XXXX-5423,53.34,USD,Restaurant,Houston,US,POS,3.1,0,0,normal,0.179
bf04503d-2a5a-4450-98a6-ea141cd3e7e0,7/4/2026 18:19,ACC11857,4963-XXXX-XXXX-7605,42.15,USD,Healthcare,New York,US,ATM,33.5,0,0,normal,0.026
b7e31fca-0cb8-4de8-994e-f20db4397e44,7/8/2026 15:13,ACC35249,4281-XXXX-XXXX-5656,7.85,USD,Education,Los Angeles,US,ATM,23.4,0,0,normal,0.16
50a767b2-3d03-487a-866f-aedfea5eefb2,8/4/2026 17:30,ACC93447,4817-XXXX-XXXX-8208,74.76,USD,Gas Station,Paris,FR,POS,7.6,0,0,normal,0.054
10382e02-ff60-4f04-b315-a5694295a172,7/20/2026 18:20,ACC36213,4575-XXXX-XXXX-2441,11.36,USD,Healthcare,Singapore,SG,ATM,9.8,0,0,normal,0.193
b20944c5-cff6-49f8-b1d5-0bb2eccfa2bb,7/12/2026 19:11,ACC53332,4646-XXXX-XXXX-6349,31.92,USD,Pharmacy,Sydney,AU,Online,26.7,0,1,normal,0.152
36d01c8b-f070-4f1c-87bb-ce5649ebb70a,6/20/2026 5:54,ACC58825,4230-XXXX-XXXX-2385,1469.04,USD,Home Improvement,Pyongyang,KP,POS,10946.4,1,2,suspicious,0.951
c2e65223-2147-4bd4-b856-9e3fb693654b,7/22/2026 11:34,ACC87434,4227-XXXX-XXXX-2746,4.41,USD,Utilities,Bangalore,IN,ATM,0.4,0,1,normal,0.086
c9698094-cfcb-47d4-8588-2394bdc49790,6/2/2026 11:14,ACC85707,4876-XXXX-XXXX-9850,37.11,USD,Utilities,Houston,US,Online,12.8,0,1,normal,0.074
64b97078-bced-47de-94a5-8c85e676ef18,5/13/2026 13:48,ACC36406,4003-XXXX-XXXX-9206,69.11,USD,Subscription,Mumbai,IN,Online,33.6,0,0,normal,0.164
8fea7a09-f2a2-44d9-b11a-ee21d8a3a6bd,5/7/2026 16:31,ACC56752,4207-XXXX-XXXX-3467,18.43,USD,Insurance,Paris,FR,Online,12.3,0,0,normal,0.16
57fda256-582e-422e-976c-7b21f53fd837,7/26/2026 16:59,ACC74286,4325-XXXX-XXXX-9381,82.53,USD,Restaurant,Los Angeles,US,POS,36.3,0,0,normal,0.046
906280c8-f998-4bfc-ad65-9dcab1467369,5/5/2026 12:33,ACC44024,4209-XXXX-XXXX-1577,330.91,USD,Home Improvement,Tokyo,JP,Online,23.4,0,11,suspicious,0.682
4c1eb373-f248-410b-ba96-43174e8d063c,6/1/2026 1:10,ACC57734,4501-XXXX-XXXX-8259,64.84,USD,Insurance,Mumbai,IN,Mobile App,21.5,0,0,normal,0.118
736cf502-4cc8-4806-92ca-4fd86956d366,6/30/2026 3:12,ACC16190,4243-XXXX-XXXX-1778,434.7,USD,Utilities,Dubai,AE,Online,20.1,0,11,suspicious,0.743
a7d18c23-bc14-4ad9-9c52-ef74b9efe82e,7/7/2026 23:34,ACC89118,4843-XXXX-XXXX-2324,416.68,USD,Pharmacy,Mumbai,IN,Online,25.3,0,5,suspicious,0.849
f40fe590-2eb7-4d17-a040-256d0c83fbdf,5/16/2026 9:07,ACC13455,4789-XXXX-XXXX-7504,89.55,USD,Subscription,Paris,FR,POS,4.2,0,0,normal,0.03
b319191c-9ec9-4eb2-ac06-ca8b5549dd27,5/10/2026 2:13,ACC82738,4627-XXXX-XXXX-1560,5851.83,USD,Insurance,Singapore,SG,Online,25.8,0,1,suspicious,0.952
f4d5b60d-75ee-4931-8c90-2521b73d6545,6/12/2026 2:34,ACC99872,4903-XXXX-XXXX-3387,41.62,USD,Coffee Shop,Dubai,AE,Online,32.3,0,0,normal,0.091
89d3b2de-2422-4925-b55f-99aa59c95ef5,6/30/2026 19:10,ACC58163,4524-XXXX-XXXX-4274,4.47,USD,Travel,Dubai,AE,ATM,17.8,0,0,normal,0.074
40848fbd-c8d4-440a-a48a-d78fa276de3f,6/7/2026 10:55,ACC75106,4289-XXXX-XXXX-3159,23.82,USD,Gas Station,Berlin,DE,Online,25.4,0,0,normal,0.134
eca1ef58-dbc7-4686-8937-abbce48b31b3,6/30/2026 15:34,ACC56135,4865-XXXX-XXXX-8501,20.34,USD,Travel,Berlin,DE,Online,32.5,0,1,normal,0.081
3eae5528-8306-4fd1-9f51-7304688ac0e0,8/8/2026 14:31,ACC73636,4007-XXXX-XXXX-1805,19.91,USD,Utilities,Los Angeles,US,POS,23.8,0,0,normal,0.082
88cc22ac-00a7-4eca-bb81-5d44d61a4f7f,5/13/2026 10:34,ACC37504,4712-XXXX-XXXX-4425,15.65,USD,Gas Station,Bangalore,IN,POS,4.4,0,1,normal,0.161
b63a24ad-9683-46a8-94e0-f8c6f974c261,6/7/2026 17:49,ACC23362,4694-XXXX-XXXX-3418,5.59,USD,Grocery,Paris,FR,ATM,38,0,0,normal,0.212
f23f6978-e408-4148-84dd-2c5c92e5e27c,7/14/2026 8:22,ACC29603,4620-XXXX-XXXX-2577,24.82,USD,Grocery,Bangalore,IN,Online,19,0,0,normal,0.019
2338ec22-0dd8-4bbc-a594-ebe128e24ddf,7/23/2026 7:53,ACC42284,4088-XXXX-XXXX-6477,88.23,USD,Entertainment,Tokyo,JP,ATM,32.8,0,0,normal,0.127
33228808-a7d2-4d15-844c-be26098a9fbf,5/1/2026 16:01,ACC54759,4090-XXXX-XXXX-6922,13.46,USD,Education,New York,US,Mobile App,21.2,0,0,normal,0.145
23de48ed-617f-4250-9d2b-574cfbaf033a,5/9/2026 13:37,ACC41328,4492-XXXX-XXXX-6431,8.11,USD,Education,Singapore,SG,ATM,8.2,0,0,normal,0.248
d1107dee-a872-4e95-81cc-312eed27f364,5/3/2026 2:28,ACC13009,4411-XXXX-XXXX-6646,5944.45,USD,Grocery,Berlin,DE,ATM,19.7,0,3,suspicious,0.701
fb7bef8e-68db-47d2-9aa7-7dcdeccdf56d,6/10/2026 12:01,ACC49692,4247-XXXX-XXXX-5139,33.46,USD,Pharmacy,London,GB,Online,28.6,0,1,normal,0.028
bf2b2839-ac1f-438c-a5db-764b9a97d99f,6/17/2026 12:04,ACC56234,4200-XXXX-XXXX-2710,64.24,USD,Insurance,Mumbai,IN,POS,26.8,0,2,normal,0.113
59accfda-50ae-470d-a079-2ec3c2bb1185,6/28/2026 18:00,ACC82219,4078-XXXX-XXXX-1738,18.94,USD,Electronics,Chicago,US,POS,20.4,0,0,normal,0.122
8e0d5e7c-ebf7-4b7e-9894-eb5c916d5df8,5/5/2026 20:49,ACC56990,4465-XXXX-XXXX-9552,17.22,USD,Gas Station,Chicago,US,Online,15.2,0,0,normal,0.029
bc4e7c87-5b77-4569-b6ef-48e830d391fe,7/11/2026 22:18,ACC98047,4570-XXXX-XXXX-4810,13.79,USD,Electronics,Chicago,US,Mobile App,35.1,0,0,normal,0.191
42839ae7-c3c9-418f-8b4b-66026343fe93,5/13/2026 17:04,ACC66645,4157-XXXX-XXXX-7786,71.17,USD,Education,Dubai,AE,ATM,39.1,0,0,normal,0.099
ecbf638d-bc2a-48d7-b4a1-a0101ead4d86,5/28/2026 14:10,ACC61420,4188-XXXX-XXXX-2485,88.5,USD,Retail,Singapore,SG,ATM,6.3,0,0,normal,0.238
288d0823-1458-4245-80a5-0eea5258f8e8,7/28/2026 6:40,ACC70875,4208-XXXX-XXXX-6573,9.94,USD,Grocery,Mumbai,IN,Online,12.5,0,1,normal,0.186
06c03541-0920-457a-ae12-4609e60b3e28,5/30/2026 3:55,ACC14903,4297-XXXX-XXXX-3641,15.8,USD,Insurance,Toronto,CA,Online,27.3,0,0,normal,0.16
8ac30e38-644a-42fe-a875-99b26d586bbb,6/15/2026 6:13,ACC50595,4874-XXXX-XXXX-9711,27.63,USD,Coffee Shop,New York,US,POS,6.9,0,0,normal,0.238
325d4958-5203-4397-82f0-4fdadd3b5ee9,5/12/2026 15:07,ACC58719,4632-XXXX-XXXX-7797,130.1,USD,Retail,New York,US,Online,16.8,0,0,normal,0.134
cd4fdbb3-9184-481f-a5c9-ef14ec31965b,7/26/2026 11:05,ACC61932,4254-XXXX-XXXX-3871,52.66,USD,Entertainment,New York,US,POS,21.4,0,0,normal,0.045
c144614b-6ee6-4d0f-bb0b-8dc5d24ecafd,6/20/2026 16:02,ACC26074,4138-XXXX-XXXX-2213,86.82,USD,Retail,Singapore,SG,ATM,6.9,0,1,normal,0.249
7eb0ecf8-4107-45b1-be2e-86eb8ba85467,5/24/2026 18:33,ACC31939,4921-XXXX-XXXX-2633,48.88,USD,Pharmacy,Singapore,SG,ATM,7.7,0,0,normal,0.157
f539d2da-fd11-4c49-a44a-46de6b7a296f,7/13/2026 21:29,ACC88342,4260-XXXX-XXXX-6497,42.27,USD,Restaurant,Toronto,CA,ATM,27.2,0,0,normal,0.062
b750103c-724a-4f6f-9ff5-159561975240,6/7/2026 4:29,ACC72974,4342-XXXX-XXXX-8343,6611.63,USD,Travel,Los Angeles,US,POS,30.9,0,1,suspicious,0.829
86bf9533-b6d5-4c04-b7aa-638301d74242,6/7/2026 12:24,ACC29876,4437-XXXX-XXXX-9962,11.81,USD,Retail,Chicago,US,Mobile App,39.6,0,0,normal,0.248
0eea5080-0aa4-4a2b-b09f-94b3bc2b8e69,6/23/2026 16:30,ACC56194,4081-XXXX-XXXX-6967,13.9,USD,Subscription,Dubai,AE,ATM,6.4,0,0,normal,0.185
870897bc-df22-418d-bef1-37a7ba79c571,6/4/2026 10:57,ACC35609,4617-XXXX-XXXX-2262,2.95,USD,Coffee Shop,Singapore,SG,POS,30.9,0,0,normal,0.198
1a6d2642-8dfb-480e-8b87-e27e3443d9c6,8/8/2026 17:41,ACC15491,4747-XXXX-XXXX-2040,14.45,USD,Healthcare,New York,US,ATM,0.8,0,0,normal,0.057
77dd403f-3b43-4bfd-9153-3ab8963083a7,7/28/2026 3:28,ACC95217,4387-XXXX-XXXX-7715,27.64,USD,Gas Station,Chicago,US,POS,13.7,0,0,normal,0.053
5a6c0a88-8db2-470e-9ef6-68d3d7a5f17a,5/3/2026 8:07,ACC41871,4845-XXXX-XXXX-7662,77.71,USD,Utilities,London,GB,Mobile App,21.7,0,0,normal,0.131
915f9a0d-f9c8-40ba-8ae3-8e417182dd8b,7/13/2026 11:15,ACC39188,4854-XXXX-XXXX-1056,20.3,USD,Entertainment,Dubai,AE,POS,39.1,0,0,normal,0.183
e065fb84-75cb-4799-beb0-332630d4f26d,6/11/2026 15:49,ACC19746,4563-XXXX-XXXX-5177,5.37,USD,Pharmacy,Chicago,US,Mobile App,15.3,0,1,normal,0.106
bf4debcc-b9d3-4fe2-a21f-e816c26ffdf3,6/17/2026 11:17,ACC95455,4824-XXXX-XXXX-6429,10.45,USD,Grocery,Chicago,US,Mobile App,34.1,0,0,normal,0.158
315e2ca6-86a8-4d0d-87c5-10d23c3588dd,7/12/2026 3:09,ACC59861,4050-XXXX-XXXX-8320,104.39,USD,Healthcare,Tokyo,JP,ATM,16,0,0,normal,0.101
115559d6-7857-4c48-8811-9e75a56bc6ff,6/17/2026 9:35,ACC31392,4606-XXXX-XXXX-7991,16.1,USD,Gas Station,Singapore,SG,Online,0.3,0,0,normal,0.093
cb8a7af7-72a3-4bf5-9c24-a30ed6d1267b,5/7/2026 21:36,ACC41266,4129-XXXX-XXXX-8758,97.82,USD,Retail,Singapore,SG,POS,22.6,0,0,normal,0.178
a9811d51-9c9b-4344-a311-004d7f499aca,5/27/2026 21:00,ACC70265,4316-XXXX-XXXX-7089,20.81,USD,Restaurant,Delhi,IN,Mobile App,6.4,0,1,normal,0.102
7212d152-1326-4bab-aab8-7197afb55f03,8/6/2026 11:06,ACC20736,4591-XXXX-XXXX-5026,45.06,USD,Subscription,Toronto,CA,ATM,33.4,0,0,normal,0.237
42e85e79-8e2d-4395-93f4-e0dc9bed7355,6/13/2026 18:01,ACC26223,4557-XXXX-XXXX-1791,33.97,USD,Insurance,Paris,FR,Online,9.6,0,0,normal,0.173
48edb80b-a8bb-4620-901f-3eba4193059f,7/8/2026 3:58,ACC37223,4667-XXXX-XXXX-4407,7461.36,USD,Pharmacy,Mumbai,IN,ATM,3.5,0,1,suspicious,0.67
1a40c8f3-3b38-4bb2-ba66-d0111a266c87,6/30/2026 10:07,ACC21284,4579-XXXX-XXXX-8585,8.12,USD,Utilities,New York,US,POS,4.7,0,0,normal,0.185
b0ddd9ec-00e1-4d47-a32c-b1ee1538d69d,5/14/2026 15:45,ACC70589,4388-XXXX-XXXX-5422,26.31,USD,Gas Station,Dubai,AE,Online,27.4,0,1,normal,0.196
aaee11ad-41f1-4c40-9ac8-ef800d64fb33,5/30/2026 15:24,ACC54125,4791-XXXX-XXXX-5024,49.22,USD,Retail,Mumbai,IN,Online,34.9,0,1,normal,0.028
17a0e1fc-16b2-4bec-b559-818187cc0a5f,6/9/2026 21:03,ACC12427,4312-XXXX-XXXX-9228,2.5,USD,Pharmacy,Houston,US,ATM,20.3,0,0,normal,0.089
4362ee2f-1a25-4afd-9f4e-f1240a02cb4f,6/20/2026 9:35,ACC76227,4113-XXXX-XXXX-1982,14.52,USD,Insurance,Singapore,SG,Mobile App,10.4,0,0,normal,0.04
cdccd5c6-7271-4e53-9150-d1f55267af45,7/21/2026 15:23,ACC13584,4780-XXXX-XXXX-1853,27.37,USD,Healthcare,Delhi,IN,Online,25.2,0,1,normal,0.043
504f6d80-33fc-4c2d-a205-0e0f2dadd7e3,7/13/2026 8:05,ACC92210,4199-XXXX-XXXX-6503,24.81,USD,Pharmacy,Bangalore,IN,ATM,1,0,0,normal,0.212
0cd300e2-e9da-4d2e-b218-dd3d2d8a34ad,5/28/2026 19:25,ACC11063,4906-XXXX-XXXX-2472,8.94,USD,Entertainment,Houston,US,Online,16.6,0,0,normal,0.059
ace94fa3-7586-4556-964c-b9ed4cc16eb9,8/4/2026 10:55,ACC84095,4094-XXXX-XXXX-2840,53.58,USD,Utilities,Toronto,CA,Online,31.9,0,1,normal,0.031
a72de650-abbf-449f-8cb1-3ca9063bb5aa,7/7/2026 19:44,ACC46208,4316-XXXX-XXXX-4122,303.31,USD,Subscription,Dubai,AE,POS,23.2,0,1,normal,0.21
0f96090f-fc5f-4750-be4e-68692223e399,6/14/2026 19:11,ACC31108,4986-XXXX-XXXX-9218,33.99,USD,Insurance,Paris,FR,Mobile App,17.9,0,0,normal,0.08
7462cc21-e7eb-444d-be50-7e40b8975288,5/26/2026 11:13,ACC23643,4317-XXXX-XXXX-5126,62.56,USD,Home Improvement,Singapore,SG,POS,18.5,0,0,normal,0.104
4a898c15-f41d-4856-a879-6896546f8d3a,5/8/2026 10:20,ACC53139,4309-XXXX-XXXX-5278,9.7,USD,Gas Station,Los Angeles,US,Online,39.9,0,0,normal,0.057
8eca5436-f18f-405b-a78d-87b43e79480c,6/13/2026 15:42,ACC87576,4344-XXXX-XXXX-5478,54.43,USD,Restaurant,Bangalore,IN,POS,22.7,0,0,normal,0.113
e4ec7ca8-155b-498e-92bd-e4b01346ff86,5/23/2026 7:22,ACC26812,4709-XXXX-XXXX-8876,24.59,USD,Insurance,Singapore,SG,ATM,7.9,0,1,normal,0.025
bdae67cc-f50e-40c0-bda8-3672ac61daee,8/5/2026 23:41,ACC20515,4863-XXXX-XXXX-3393,33.58,USD,Coffee Shop,Singapore,SG,POS,10.7,0,0,normal,0.14
b8f21026-ee42-4f34-b7a4-c42f168c4048,7/12/2026 11:03,ACC38019,4476-XXXX-XXXX-6268,68.48,USD,Insurance,Berlin,DE,Online,22.5,0,0,normal,0.154
127a30eb-58e9-4cdb-9a6d-cf6049f63fe7,5/30/2026 5:33,ACC26257,4907-XXXX-XXXX-8315,2407.92,USD,Subscription,Lagos,NG,Mobile App,4978.6,1,1,suspicious,0.752
3eaea506-88bb-4d9c-bb99-18501e3decdd,5/18/2026 10:55,ACC33448,4760-XXXX-XXXX-6480,26.41,USD,Grocery,Mumbai,IN,Mobile App,2.5,0,1,normal,0.06
c52fef83-33c9-4072-84c2-49dee85d0fe3,6/4/2026 7:26,ACC91235,4539-XXXX-XXXX-5135,25.78,USD,Restaurant,Singapore,SG,Mobile App,10.7,0,0,normal,0.1
929788d6-7ea8-411f-8951-9be5c6e073b3,5/18/2026 8:18,ACC72573,4392-XXXX-XXXX-1076,34.66,USD,Subscription,Singapore,SG,POS,21.4,0,1,normal,0.238
42ff9c57-0f75-471b-beec-a76290d951ba,7/28/2026 4:27,ACC20589,4026-XXXX-XXXX-4520,8737.94,USD,Restaurant,Tokyo,JP,ATM,33.9,0,2,suspicious,0.921
beb6f508-5e22-4094-a10c-dca797fa6e33,6/11/2026 12:24,ACC23473,4399-XXXX-XXXX-6051,52.86,USD,Grocery,New York,US,ATM,2.1,0,0,normal,0.195
88385c9a-310e-4d38-af90-a838d0f34636,7/23/2026 10:58,ACC11435,4880-XXXX-XXXX-4544,39.01,USD,Grocery,Berlin,DE,POS,23.7,0,2,normal,0.024
28cad3db-82f7-4210-b72b-e6edaef85095,7/12/2026 17:21,ACC70774,4885-XXXX-XXXX-7260,32.77,USD,Insurance,Berlin,DE,Mobile App,25.3,0,0,normal,0.013
0534fe0c-7fde-49ac-8546-f54152226959,6/4/2026 8:36,ACC20831,4354-XXXX-XXXX-2661,25.28,USD,Entertainment,Bangalore,IN,ATM,32.1,0,0,normal,0.087
5ae0a4b5-6bb6-4d79-bd15-b1996ab3ea35,7/18/2026 19:44,ACC62003,4136-XXXX-XXXX-7311,50.07,USD,Gas Station,Los Angeles,US,POS,33.8,0,1,normal,0.22
ef84c0c8-8273-44e6-8094-ad75c09ddb2c,7/1/2026 21:19,ACC13786,4435-XXXX-XXXX-3143,228.15,USD,Retail,Mumbai,IN,Online,34.3,0,0,normal,0.202
0b2edcc1-b7f0-4880-8d95-2cc43b899862,6/10/2026 18:55,ACC12560,4877-XXXX-XXXX-7232,110.26,USD,Subscription,New York,US,ATM,0.2,0,0,normal,0.191
5e46c369-f9c4-40a9-81d8-414062e544a9,6/6/2026 11:50,ACC42382,4260-XXXX-XXXX-9604,21.2,USD,Insurance,Sydney,AU,Online,2,0,1,normal,0.204
fc46e302-22b7-466a-b81c-97bc45aaa5d8,5/13/2026 20:07,ACC63668,4654-XXXX-XXXX-5478,37.86,USD,Travel,Delhi,IN,ATM,7,0,0,normal,0.146
62427fb7-a2f1-4dfd-9379-51dddca55c1f,7/17/2026 11:57,ACC46265,4411-XXXX-XXXX-7985,477.03,USD,Entertainment,Los Angeles,US,Online,35.5,0,12,suspicious,0.676
d7c278b0-60ea-411f-abb0-127fcea61d99,7/14/2026 12:55,ACC72242,4142-XXXX-XXXX-4083,30.16,USD,Subscription,Paris,FR,ATM,33.7,0,0,normal,0.11
2181a1d9-e7a5-4e18-8354-c6a9d2cb037f,6/25/2026 11:53,ACC36148,4820-XXXX-XXXX-7563,97.48,USD,Electronics,Tokyo,JP,Online,4.6,0,0,normal,0.014
e7fe1b21-adc0-44bd-ac15-0707cc399c2e,6/1/2026 8:28,ACC77465,4850-XXXX-XXXX-9435,3327.38,USD,Gift Cards,Dubai,AE,ATM,7.4,0,1,suspicious,0.654
ac54b8e0-bff8-4ca7-8a89-ac2095202485,5/23/2026 19:17,ACC71152,4770-XXXX-XXXX-3287,43.53,USD,Education,Chicago,US,POS,4.6,0,1,normal,0.172
b36d601f-8839-4772-8132-8e0bb273bc2b,5/22/2026 19:25,ACC27797,4866-XXXX-XXXX-9043,42.18,USD,Retail,Delhi,IN,POS,18.1,0,1,normal,0.015
e3c8f60c-8199-4b00-9232-4bca19fac33d,7/19/2026 12:23,ACC98626,4917-XXXX-XXXX-1242,20.48,USD,Gas Station,New York,US,ATM,7.7,0,1,normal,0.15
14e93d3f-48c7-4cd9-8565-25007060fafd,7/31/2026 18:57,ACC75019,4276-XXXX-XXXX-1303,36.8,USD,Pharmacy,New York,US,ATM,18.9,0,1,normal,0.132
c8e83431-04de-46fb-b24b-07bc81041264,6/12/2026 17:10,ACC74798,4168-XXXX-XXXX-1574,115.04,USD,Electronics,Dubai,AE,Online,4.9,0,0,normal,0.093
b6ad2647-2fbd-4a16-ac5a-a29e44b56188,5/19/2026 18:12,ACC15768,4425-XXXX-XXXX-9396,61.44,USD,Healthcare,Houston,US,POS,32.6,0,0,normal,0.16
802b9387-cb9a-445b-96d2-5f64e4dc74db,7/17/2026 15:05,ACC38548,4606-XXXX-XXXX-1145,13.73,USD,Retail,Bangalore,IN,ATM,20.2,0,1,normal,0.072
ccfdcc07-ac71-441d-959e-28c88f0001e3,7/13/2026 18:54,ACC28774,4507-XXXX-XXXX-2876,43.36,USD,Utilities,Mumbai,IN,ATM,38.2,0,0,normal,0.024
71278e77-06ab-433c-b4f2-3401c434fe12,7/30/2026 15:53,ACC20479,4776-XXXX-XXXX-9596,36.31,USD,Utilities,Dubai,AE,ATM,17.4,0,1,normal,0.082
b4211212-0961-42b8-ac4d-8c1446b3f105,6/6/2026 6:42,ACC19539,4192-XXXX-XXXX-4555,48.2,USD,Subscription,Los Angeles,US,ATM,8.4,0,1,normal,0.083
97edb4c4-738b-4508-aa67-127445ce98c5,8/6/2026 10:56,ACC59424,4576-XXXX-XXXX-8923,35.81,USD,Restaurant,Los Angeles,US,Online,30.3,0,2,normal,0.12
fd6f884c-7d07-4660-9c73-a7ffac8fa9eb,7/11/2026 14:54,ACC34878,4991-XXXX-XXXX-3001,17.07,USD,Entertainment,Los Angeles,US,ATM,3.7,0,0,normal,0.163
6bcb0621-6054-4b11-9294-e109cab1257f,7/24/2026 19:10,ACC13589,4144-XXXX-XXXX-6828,36.42,USD,Subscription,Sydney,AU,POS,5.5,0,0,normal,0.186
214f0cd4-7ac9-4445-b34c-3e905bc16d64,7/20/2026 15:07,ACC95715,4943-XXXX-XXXX-5028,6.69,USD,Entertainment,London,GB,ATM,16.7,0,0,normal,0.138
ac014e62-ee30-4b6f-b326-aea9f4d1a66f,6/29/2026 11:49,ACC63364,4147-XXXX-XXXX-9841,62.58,USD,Travel,Berlin,DE,Mobile App,34.5,0,2,normal,0.023
e29c0c89-58cb-4a1e-8db2-0e42879ae0fc,5/25/2026 14:34,ACC21740,4128-XXXX-XXXX-1481,30.29,USD,Education,Houston,US,Mobile App,37.9,0,1,normal,0.013
805a03cf-d4fb-4c4c-8544-04be6b8d0369,7/1/2026 14:19,ACC30889,4425-XXXX-XXXX-9897,28.47,USD,Gas Station,Paris,FR,ATM,3.7,0,0,normal,0.061
43038b19-c00b-4bfc-9408-ef8c84af553e,7/14/2026 17:09,ACC87646,4460-XXXX-XXXX-3666,105.38,USD,Gas Station,Tokyo,JP,Online,9.5,0,1,normal,0.046
8a06ec69-1f5e-4d2c-b2ae-dca80e2f05af,5/17/2026 7:13,ACC70542,4090-XXXX-XXXX-1478,86.76,USD,Education,Toronto,CA,Online,0.9,0,1,normal,0.124
b920611a-0236-4718-ae6c-b721b5513533,7/25/2026 9:54,ACC80694,4248-XXXX-XXXX-2883,51.24,USD,Subscription,London,GB,Online,21.7,0,2,normal,0.108
c26ef871-2f0f-4df1-b3c5-0c4573209406,7/23/2026 21:04,ACC19015,4267-XXXX-XXXX-6906,130.48,USD,Restaurant,Toronto,CA,Mobile App,7.6,0,0,normal,0.105
d620a6d5-d498-4057-841c-738960fc7367,6/4/2026 19:26,ACC18169,4321-XXXX-XXXX-2597,8.54,USD,Gas Station,Chicago,US,Mobile App,39.3,0,0,normal,0.157
cc952aa8-b2e6-444e-97af-810a1177e48b,7/19/2026 14:32,ACC94178,4540-XXXX-XXXX-9129,10.9,USD,Healthcare,Singapore,SG,Online,33.3,0,0,normal,0.124
69f3d6ff-c136-4617-8027-72950e95f68e,7/22/2026 13:01,ACC99006,4255-XXXX-XXXX-9832,19.68,USD,Gas Station,New York,US,POS,11.6,0,0,normal,0.074
53685793-97c7-4868-8f81-c5c84b2cd606,6/10/2026 20:29,ACC28135,4366-XXXX-XXXX-3054,18.86,USD,Retail,Paris,FR,Online,35.7,0,0,normal,0.131
c29cfbd4-b391-4349-accf-1710c1c358e9,6/6/2026 21:03,ACC17938,4753-XXXX-XXXX-4193,30.89,USD,Travel,Tokyo,JP,Mobile App,9.9,0,0,normal,0.178
96173159-499d-4d38-8041-d40112d1d706,6/14/2026 20:38,ACC86619,4098-XXXX-XXXX-9802,22.13,USD,Coffee Shop,Singapore,SG,Online,5.3,0,0,normal,0.016
119418da-6f34-427a-b23a-02f9e4e9e327,7/30/2026 16:15,ACC91968,4630-XXXX-XXXX-5934,47.51,USD,Gas Station,Delhi,IN,ATM,31.6,0,0,normal,0.027
b627b2de-67bb-4d08-ad0b-0b26fed425a4,8/7/2026 8:11,ACC58125,4508-XXXX-XXXX-1000,28.16,USD,Healthcare,Bangalore,IN,POS,37.5,0,0,normal,0.162
616db60e-d5c9-44b0-a415-0c96d57f459d,6/21/2026 17:18,ACC87553,4920-XXXX-XXXX-6407,31.91,USD,Home Improvement,Chicago,US,ATM,6.3,0,2,normal,0.138
d74de7e5-77f0-4418-b5cf-3798f42b8a22,6/18/2026 7:53,ACC61949,4640-XXXX-XXXX-6005,51.79,USD,Entertainment,Delhi,IN,Online,17.2,0,0,normal,0.033
6edd8a89-09e5-4e92-acfa-c24685a57604,6/27/2026 10:46,ACC68183,4359-XXXX-XXXX-8325,36.72,USD,Travel,Berlin,DE,POS,29.1,0,1,normal,0.158
ac4223f5-4444-454b-8cf4-77abc66069c1,7/3/2026 15:35,ACC22099,4956-XXXX-XXXX-3488,27.74,USD,Healthcare,Chicago,US,POS,0.1,0,0,normal,0.042
2b8e4c97-6b52-4e66-b4f5-db07c0b321c3,6/9/2026 19:58,ACC65299,4243-XXXX-XXXX-9409,19.35,USD,Education,New York,US,Mobile App,5.3,0,0,normal,0.148
59388966-db0b-4527-9375-b5ab2b587b66,7/26/2026 16:40,ACC88815,4366-XXXX-XXXX-7336,78.94,USD,Utilities,New York,US,Online,33.6,0,1,normal,0.246
2603992f-8168-484f-87e0-c1da0ce604d4,7/30/2026 15:56,ACC24673,4391-XXXX-XXXX-1607,15.29,USD,Pharmacy,Los Angeles,US,Online,4.2,0,0,normal,0.037
3366a411-02fe-4990-bb9d-10355ed27989,6/17/2026 18:26,ACC71067,4742-XXXX-XXXX-9827,70.83,USD,Home Improvement,Berlin,DE,POS,16.6,0,0,normal,0.233
dce5acde-6482-4d9f-8769-ce61aafcba58,7/1/2026 18:36,ACC63201,4936-XXXX-XXXX-3259,93.95,USD,Subscription,Chicago,US,POS,13.2,0,0,normal,0.206
18c13509-a75f-4843-8a8f-61de11c995ae,7/31/2026 15:10,ACC81614,4806-XXXX-XXXX-2264,50.49,USD,Retail,Mumbai,IN,ATM,3.8,0,1,normal,0.172
78fb9b59-0367-4d5e-9a7c-6af41ac396c0,8/1/2026 12:47,ACC20089,4174-XXXX-XXXX-1159,12.47,USD,Grocery,New York,US,Mobile App,38.8,0,0,normal,0.127
3942b2e5-a108-4663-ac03-06cf2edd2709,8/2/2026 17:01,ACC51482,4265-XXXX-XXXX-9608,10.59,USD,Travel,Los Angeles,US,Mobile App,37.1,0,0,normal,0.129
94801b03-4020-4328-9d56-f921dd977a47,7/27/2026 13:44,ACC65985,4649-XXXX-XXXX-4427,35.91,USD,Travel,Singapore,SG,Online,37.9,0,0,normal,0.086
2f4ba453-3924-43d7-8852-da920e1f16ae,7/2/2026 2:29,ACC40612,4621-XXXX-XXXX-8938,75.98,USD,Utilities,Berlin,DE,ATM,29.6,0,1,normal,0.094
9a69b193-0f19-4e57-b7a2-ae02b80d357f,6/22/2026 9:22,ACC81660,4888-XXXX-XXXX-1264,31.08,USD,Travel,New York,US,Online,5.1,0,1,normal,0.214
fface1ca-d2ca-4b68-9994-ae312ec27193,7/17/2026 6:47,ACC79531,4220-XXXX-XXXX-7163,30.33,USD,Home Improvement,Berlin,DE,ATM,18.1,0,0,normal,0.085
fd142b33-9717-424b-b809-5bc2ef77b889,6/28/2026 9:28,ACC99228,4143-XXXX-XXXX-1417,38.67,USD,Electronics,Mumbai,IN,ATM,39.9,0,0,normal,0.11
8b6c500a-9d72-49e7-a477-f32f2c799084,8/6/2026 19:24,ACC39828,4324-XXXX-XXXX-6010,14.95,USD,Utilities,Chicago,US,POS,36.6,0,0,normal,0.107
6f8ecb69-f62f-4f73-bb61-0c295264f540,5/14/2026 13:53,ACC60026,4542-XXXX-XXXX-5888,24.67,USD,Retail,Berlin,DE,ATM,2.2,0,1,normal,0.043
7a5bee86-94eb-4c8c-aea9-bd975f645f6a,7/11/2026 15:25,ACC18619,4049-XXXX-XXXX-1159,4.62,USD,Education,Paris,FR,ATM,11.5,0,0,normal,0.062
37fedf88-f3fb-4524-afa0-7e7dfcafce6d,6/27/2026 9:54,ACC79822,4757-XXXX-XXXX-5411,31.14,USD,Retail,Tokyo,JP,ATM,33.2,0,0,normal,0.236
0805e10d-13bd-4abd-bd19-6ef5001a014a,5/31/2026 10:18,ACC36306,4117-XXXX-XXXX-2100,85.96,USD,Pharmacy,Dubai,AE,POS,6.1,0,1,normal,0.135
b540acac-1f53-481d-a6f0-248db48a6a03,7/12/2026 7:24,ACC82542,4238-XXXX-XXXX-1530,58.77,USD,Pharmacy,Toronto,CA,Mobile App,7,0,0,normal,0.112
c0e4abad-5e25-4bef-9a01-41316e4571fe,7/21/2026 12:06,ACC79964,4938-XXXX-XXXX-1405,48.84,USD,Retail,London,GB,POS,5.6,0,0,normal,0.162
555f4bbc-9a91-4673-bedc-e25ae0684b88,5/12/2026 16:04,ACC72986,4101-XXXX-XXXX-2415,20.13,USD,Travel,Bangalore,IN,ATM,4.6,0,1,normal,0.198
64e824a9-12f9-4636-a7ba-8c17cd94c838,6/8/2026 15:25,ACC42716,4528-XXXX-XXXX-3131,27.98,USD,Utilities,Bangalore,IN,ATM,31.7,0,0,normal,0.125
0c1a4fc4-3517-4fbb-b429-818e2f1f7e4e,7/22/2026 20:14,ACC60446,4879-XXXX-XXXX-2805,5.5,USD,Entertainment,New York,US,Online,32,0,0,normal,0.042
41f66475-446a-4022-ae98-81b9abf5d3fd,5/31/2026 7:08,ACC80349,4450-XXXX-XXXX-3202,2.57,USD,Utilities,Chicago,US,POS,12.5,0,0,normal,0.227
11a51233-53ef-4308-8bf0-613c5278673f,7/5/2026 18:34,ACC63285,4892-XXXX-XXXX-1091,13.01,USD,Grocery,Paris,FR,Mobile App,27.6,0,1,normal,0.201
e3350377-9943-4ae2-941d-ea157c825480,6/19/2026 14:20,ACC85360,4613-XXXX-XXXX-9789,18.4,USD,Utilities,Paris,FR,Mobile App,15.7,0,1,normal,0.088
3b2900d5-276d-40e9-ba09-249061abaed8,8/3/2026 12:31,ACC37637,4537-XXXX-XXXX-5321,31.8,USD,Electronics,London,GB,Mobile App,30,0,0,normal,0.068
91a05289-f25e-485f-82ef-feaa5547c288,7/16/2026 1:51,ACC98125,4268-XXXX-XXXX-7242,9.77,USD,Electronics,Singapore,SG,Mobile App,4.3,0,0,normal,0.016
c71d775e-d822-427c-ac6d-85149881481c,7/27/2026 11:27,ACC75823,4441-XXXX-XXXX-9321,21.66,USD,Restaurant,London,GB,Mobile App,2.1,0,0,normal,0.033
5f85950f-56fd-470b-aa4f-3511ec6d7183,7/8/2026 7:44,ACC10749,4007-XXXX-XXXX-1856,12.61,USD,Gas Station,London,GB,ATM,21,0,0,normal,0.199
0d77fe95-ef6a-4d45-ba69-b86b0ab9a5ea,7/4/2026 11:52,ACC95105,4009-XXXX-XXXX-2879,22.45,USD,Retail,Delhi,IN,Mobile App,17.8,0,1,normal,0.157
5445630b-cac8-4119-a2ed-e33761c32ba6,6/20/2026 18:40,ACC19751,4998-XXXX-XXXX-9699,2.58,USD,Gas Station,Chicago,US,Mobile App,3,0,0,normal,0.082
ac96fa47-3d47-4474-8a45-2467ef21965e,7/23/2026 11:56,ACC50381,4456-XXXX-XXXX-2435,7.77,USD,Utilities,Tokyo,JP,Online,29.1,0,0,normal,0.248
74ca81f6-6061-49df-a70c-9fab8baf70b2,5/9/2026 1:10,ACC72113,4935-XXXX-XXXX-1144,7678.51,USD,Pharmacy,New York,US,Mobile App,27.9,0,1,suspicious,0.805
f82bd1f9-8942-4cef-9ea7-81fe30910679,6/18/2026 22:36,ACC31132,4952-XXXX-XXXX-3208,971.71,USD,Coffee Shop,London,GB,Mobile App,25,0,2,suspicious,0.686
1e0b760a-0845-433e-8124-258493fd3f7e,7/29/2026 12:47,ACC34344,4993-XXXX-XXXX-4979,17.02,USD,Grocery,Toronto,CA,ATM,33.9,0,1,normal,0.031
cb72a436-5a12-42ff-80c9-017e05a2fbe8,6/12/2026 17:10,ACC66039,4801-XXXX-XXXX-1935,61.63,USD,Utilities,Sydney,AU,POS,22.1,0,2,normal,0.234
31233811-7a00-4ff8-81b1-8b0f9c3e3ef4,6/20/2026 8:43,ACC73596,4468-XXXX-XXXX-9077,11.46,USD,Coffee Shop,London,GB,POS,33.8,0,1,normal,0.04
2a87fbd2-5923-4086-8db4-c2ef51414ed6,6/5/2026 19:39,ACC85608,4511-XXXX-XXXX-4489,241.45,USD,Entertainment,Berlin,DE,ATM,10.7,0,0,normal,0.204
62df0e59-55f4-40aa-91d0-51f61a90cedd,6/28/2026 15:10,ACC59866,4474-XXXX-XXXX-6011,27.09,USD,Gas Station,Singapore,SG,ATM,11.3,0,0,normal,0.125
c8ed365d-a8b7-423a-9b36-483e0092015c,6/22/2026 15:12,ACC61060,4185-XXXX-XXXX-6655,8.82,USD,Education,Toronto,CA,ATM,19.1,0,0,normal,0.012
3b5afa20-33de-49a6-8992-fdd437b2e78c,5/22/2026 4:00,ACC84870,4028-XXXX-XXXX-2861,9.66,USD,Subscription,Houston,US,ATM,31,0,0,normal,0.154
a95e42b4-8df7-45aa-b39c-fc8e9f446d5f,8/8/2026 22:20,ACC63948,4940-XXXX-XXXX-1971,43.08,USD,Entertainment,Mumbai,IN,Mobile App,34.7,0,0,normal,0.218
f087b800-d243-49ee-91d7-511611d74014,6/21/2026 17:01,ACC29034,4593-XXXX-XXXX-1560,16.04,USD,Gas Station,London,GB,ATM,25.3,0,1,normal,0.245
c39c5edf-9f94-4de2-854a-271ae3762487,7/9/2026 4:45,ACC48906,4010-XXXX-XXXX-8369,211.34,USD,Utilities,Houston,US,Online,8.9,0,9,suspicious,0.8
c315b311-9ced-4ad3-901e-519fab4e6775,6/28/2026 15:31,ACC52268,4823-XXXX-XXXX-3280,33.36,USD,Gas Station,Dubai,AE,Online,10,0,0,normal,0.058
ce0aac80-1059-4903-9cde-6e2273f4c6c8,5/10/2026 10:33,ACC83498,4158-XXXX-XXXX-2409,26.42,USD,Utilities,New York,US,Mobile App,5.7,0,1,normal,0.114
bf5e3cfb-39c1-45be-8698-9fc58cc8ea88,5/12/2026 11:30,ACC72482,4622-XXXX-XXXX-5740,9.13,USD,Restaurant,Berlin,DE,Online,9.4,0,1,normal,0.203
bbf8a70c-b021-49eb-9c98-c00ddc5217c9,5/19/2026 6:37,ACC64318,4105-XXXX-XXXX-7857,4144.49,USD,Utilities,Unknown,XX,ATM,9703.6,1,3,suspicious,0.853
6b95793b-9a41-4659-aae6-6c142a214cff,7/25/2026 18:43,ACC27121,4087-XXXX-XXXX-8162,3.02,USD,Electronics,Houston,US,Mobile App,1.7,0,0,normal,0.187
a2cd1f1a-8a7a-4915-83a2-8130a6eeddf8,5/31/2026 20:48,ACC14105,4615-XXXX-XXXX-7230,33.73,USD,Gas Station,New York,US,POS,37.5,0,0,normal,0.113
0079a386-97ca-40bb-928d-72760f137405,6/25/2026 9:20,ACC97340,4813-XXXX-XXXX-3514,135.07,USD,Gas Station,Paris,FR,Online,9.5,0,0,normal,0.086
2b0e8f96-3698-473e-9c3d-6a55afc8b00e,7/13/2026 16:24,ACC94678,4391-XXXX-XXXX-4151,79.36,USD,Entertainment,Chicago,US,Online,29.6,0,0,normal,0.139
cbe21958-d55e-425e-b0b1-d8aec01950d5,7/21/2026 12:42,ACC58710,4577-XXXX-XXXX-3718,14.56,USD,Pharmacy,Paris,FR,Online,11.6,0,0,normal,0.203
2d5d572e-462f-4f05-9204-e03258680192,6/15/2026 17:20,ACC58099,4034-XXXX-XXXX-1620,18.11,USD,Pharmacy,Tokyo,JP,ATM,28.2,0,0,normal,0.126
64338038-58f7-4c8e-ab1e-da53ae60508b,6/6/2026 15:52,ACC75947,4929-XXXX-XXXX-9310,3.13,USD,Coffee Shop,Dubai,AE,POS,30.5,0,1,normal,0.127
943d5996-82e7-4dcb-ae7e-02f18bca9693,8/8/2026 4:47,ACC82406,4029-XXXX-XXXX-3842,1564.52,USD,Electronics,Paris,FR,Online,16,0,3,suspicious,0.919
ccbc9eed-de59-4f6b-a901-cdfe4a325eb5,5/18/2026 12:14,ACC45066,4922-XXXX-XXXX-7855,1970.11,USD,Entertainment,Moscow,RU,Mobile App,6365,1,1,suspicious,0.913
d60ff1b1-39a8-4848-bbef-f4cc9528fb55,5/3/2026 7:14,ACC45851,4089-XXXX-XXXX-5709,44.68,USD,Gas Station,Berlin,DE,Online,23.8,0,1,normal,0.155
8c2f4185-c6d2-495e-bb87-8a9c1dd80e8f,5/28/2026 11:25,ACC90805,4757-XXXX-XXXX-5902,15.46,USD,Travel,Chicago,US,Mobile App,20.3,0,0,normal,0.128
b5151bbe-02c9-4bed-995a-efd1980b0d12,6/21/2026 21:28,ACC93748,4519-XXXX-XXXX-4258,55.45,USD,Insurance,Paris,FR,Online,15,0,0,normal,0.239
50b18491-0ea7-4c58-8751-f22335b06b08,7/22/2026 4:27,ACC11850,4603-XXXX-XXXX-1970,4455.72,USD,Electronics,Toronto,CA,Mobile App,39,0,2,suspicious,0.794
e7cdbc23-8846-4308-8e17-c6057f557a5e,6/12/2026 9:37,ACC89433,4214-XXXX-XXXX-1116,23.63,USD,Coffee Shop,Singapore,SG,Online,39.4,0,0,normal,0.037
9a9e74cd-3607-4f93-ada5-f99eac2c8641,5/16/2026 20:41,ACC22326,4414-XXXX-XXXX-2176,8.49,USD,Coffee Shop,Mumbai,IN,Mobile App,35.6,0,0,normal,0.199
440f2fee-75c1-43d4-ba25-4f77ec4f0c5a,5/5/2026 5:08,ACC61563,4762-XXXX-XXXX-3572,26.26,USD,Education,Paris,FR,POS,13.9,0,0,normal,0.16
e8152e56-8f85-4290-b400-f081dccbafd6,6/5/2026 7:06,ACC10753,4622-XXXX-XXXX-9084,24.35,USD,Gas Station,Mumbai,IN,Online,8.7,0,0,normal,0.119
9e7d8ae7-dee7-48dc-9855-201815f2b986,5/18/2026 8:42,ACC47425,4750-XXXX-XXXX-9779,27.25,USD,Subscription,Dubai,AE,ATM,10.2,0,0,normal,0.2
91bdbd3f-30ce-4c93-badf-46e4fd50628a,5/20/2026 6:39,ACC42591,4196-XXXX-XXXX-4116,4.08,USD,Home Improvement,Berlin,DE,ATM,5.6,0,0,normal,0.121
606a6d09-418c-4667-9bdd-c0c783f0b432,7/3/2026 20:12,ACC17279,4761-XXXX-XXXX-2158,46.96,USD,Home Improvement,London,GB,ATM,3.7,0,0,normal,0.068
9bc34cd3-691b-4ad2-86cb-d0deda135428,5/23/2026 16:25,ACC76698,4722-XXXX-XXXX-5479,24.32,USD,Gas Station,London,GB,ATM,33.4,0,2,normal,0.068
259c6294-6d37-4eb6-9c2c-f32e518586fc,5/27/2026 18:25,ACC77953,4145-XXXX-XXXX-6085,21.35,USD,Subscription,London,GB,ATM,21.5,0,0,normal,0.223
bbc6f2bb-b1f9-481b-a155-854eeeca556f,7/16/2026 17:02,ACC68707,4781-XXXX-XXXX-4244,12.44,USD,Entertainment,Sydney,AU,Mobile App,37.8,0,0,normal,0.114
c5734c2f-387e-4163-870c-d504285e646b,7/16/2026 9:14,ACC11096,4379-XXXX-XXXX-1721,18.46,USD,Subscription,New York,US,Online,29.2,0,1,normal,0.031
1eef8497-5be4-41ca-b884-f48a081fc98c,5/21/2026 11:29,ACC52975,4191-XXXX-XXXX-9733,7.61,USD,Gas Station,Toronto,CA,Mobile App,28.9,0,1,normal,0.053
d96e31c2-bf87-4e85-96a4-7456acf4c66d,6/9/2026 21:10,ACC40785,4358-XXXX-XXXX-7911,24.17,USD,Pharmacy,Singapore,SG,POS,19.6,0,0,normal,0.051
c5d84b6f-5e87-42e3-a95b-67fc023727ef,7/13/2026 18:33,ACC34704,4959-XXXX-XXXX-2848,22.83,USD,Retail,Bangalore,IN,POS,32.4,0,0,normal,0.194
6abb7284-eca4-4548-b442-f28fee8a629d,7/3/2026 12:53,ACC98102,4055-XXXX-XXXX-7909,18.39,USD,Education,Bangalore,IN,Online,30,0,1,normal,0.181
d81cd450-1238-43d9-9b0b-a84c039ff5e0,6/11/2026 17:37,ACC98895,4694-XXXX-XXXX-8972,18.75,USD,Restaurant,Mumbai,IN,Mobile App,1.8,0,0,normal,0.154
e4b3e70b-7189-4aa0-87c7-ffdf07a7d353,5/28/2026 18:24,ACC85115,4218-XXXX-XXXX-7752,21.75,USD,Electronics,Singapore,SG,Mobile App,5.3,0,0,normal,0.24
6e57822f-9b30-4c75-b0cc-167aefe38568,5/9/2026 14:37,ACC64076,4567-XXXX-XXXX-4765,11.76,USD,Insurance,Los Angeles,US,POS,18,0,0,normal,0.236
8169ba6c-bac7-4ee2-9d33-554de45a3459,6/24/2026 13:10,ACC60123,4017-XXXX-XXXX-9143,46.29,USD,Education,Toronto,CA,ATM,38.1,0,1,normal,0.181
9e6b0229-e91f-4245-81c1-37ae56822c20,5/17/2026 7:09,ACC23332,4759-XXXX-XXXX-3764,16.87,USD,Subscription,London,GB,POS,14.5,0,0,normal,0.058
e4a24317-ffd8-4d66-99e6-a1c62a7f24d1,7/17/2026 18:11,ACC26521,4119-XXXX-XXXX-6301,10.1,USD,Utilities,Toronto,CA,Mobile App,24.5,0,0,normal,0.125
658bbdbe-49a8-4d2e-b953-878ac59957a7,6/19/2026 9:44,ACC31873,4053-XXXX-XXXX-4912,8.33,USD,Pharmacy,Delhi,IN,Mobile App,10.5,0,2,normal,0.091
05532a26-8d2b-441e-8fc5-6948106f906e,6/21/2026 12:33,ACC32834,4074-XXXX-XXXX-3273,52.05,USD,Gas Station,Los Angeles,US,Mobile App,22.7,0,2,normal,0.191
4e7ec217-a263-43ca-8279-a149f01fb7ee,5/8/2026 20:51,ACC76416,4169-XXXX-XXXX-1181,16.82,USD,Healthcare,London,GB,POS,5.8,0,1,normal,0.075
24f2a135-682f-42f3-b091-ff947509279e,5/17/2026 19:55,ACC98338,4083-XXXX-XXXX-5458,6.15,USD,Gas Station,Delhi,IN,ATM,26.5,0,0,normal,0.116
6c0f6e76-ee47-468c-8ae5-f7096f298b54,7/14/2026 17:19,ACC99415,4619-XXXX-XXXX-3248,63.74,USD,Healthcare,London,GB,ATM,13.5,0,0,normal,0.244
cc1d03bf-d714-4a7a-aea7-1579926619d2,6/16/2026 19:59,ACC91087,4058-XXXX-XXXX-9944,31.49,USD,Education,Toronto,CA,POS,23.3,0,1,normal,0.246
2abcdf9f-e21b-44ae-8a94-de60b3661e58,5/3/2026 15:46,ACC81260,4942-XXXX-XXXX-2290,6.03,USD,Travel,Bangalore,IN,ATM,1,0,1,normal,0.246
848c6aa8-b4ab-4d6b-b115-e351c15f6c03,5/29/2026 9:03,ACC15171,4798-XXXX-XXXX-3086,6.55,USD,Gas Station,Houston,US,Mobile App,38.2,0,0,normal,0.086
621a19b2-6b04-4f51-b090-8e4a699379ca,7/1/2026 12:12,ACC43244,4267-XXXX-XXXX-9783,5.31,USD,Restaurant,Singapore,SG,ATM,22.6,0,0,normal,0.248
68b5b744-aedd-4b33-8874-5bd25b573cd2,5/18/2026 19:12,ACC17050,4235-XXXX-XXXX-9741,41.45,USD,Restaurant,Dubai,AE,POS,22.4,0,0,normal,0.166
8ee25426-a8c5-418e-9278-39df102debf4,8/7/2026 4:27,ACC25760,4462-XXXX-XXXX-6833,17.27,USD,Healthcare,Mumbai,IN,Online,22.8,0,0,normal,0.132
5eb4bf7b-a5fb-4a16-8dfb-68edc04181f9,6/29/2026 12:48,ACC77090,4051-XXXX-XXXX-2663,48.58,USD,Healthcare,London,GB,POS,14.2,0,0,normal,0.055
d9f0f097-8dc0-4cc2-9459-45a73c6271a7,7/24/2026 13:11,ACC80928,4794-XXXX-XXXX-3385,43.39,USD,Entertainment,Mumbai,IN,Online,18.8,0,0,normal,0.08
5f7f6462-492b-4791-adff-59ef0d6305ac,7/23/2026 18:17,ACC40953,4177-XXXX-XXXX-2276,28.72,USD,Subscription,Tokyo,JP,ATM,4.6,0,0,normal,0.088
b3e08f89-9aa9-45bd-bf47-621b6ffe00c2,8/5/2026 11:45,ACC88737,4958-XXXX-XXXX-3996,17.26,USD,Pharmacy,London,GB,Mobile App,2,0,0,normal,0.14
18373065-a0dd-48dd-8537-bbbb4e25a96a,7/19/2026 6:02,ACC48421,4877-XXXX-XXXX-3158,197.84,USD,Gas Station,Houston,US,Online,14.4,0,0,normal,0.105
49f50bea-f4ec-48c7-94bf-106e75516df7,7/2/2026 17:37,ACC58773,4478-XXXX-XXXX-6692,17.43,USD,Utilities,Chicago,US,Mobile App,5.9,0,0,normal,0.223
1f148828-c776-4b2e-8426-ee19b1880214,7/19/2026 7:34,ACC87780,4429-XXXX-XXXX-9736,24.67,USD,Education,London,GB,Online,21.6,0,0,normal,0.169
9a744e16-ad89-496d-8616-5428d79693fc,8/3/2026 9:47,ACC51399,4566-XXXX-XXXX-2040,26.46,USD,Grocery,Sydney,AU,Mobile App,35.7,0,0,normal,0.124
77f891ed-c914-4e1f-bca0-c94df56209f3,6/18/2026 10:51,ACC91244,4773-XXXX-XXXX-8046,9.97,USD,Gas Station,New York,US,POS,27,0,1,normal,0.117
1a382162-59a0-46d2-9853-ddff05ded6fa,7/1/2026 10:19,ACC81702,4964-XXXX-XXXX-2525,11.97,USD,Restaurant,New York,US,Mobile App,23.8,0,0,normal,0.126
e8901ee8-c82f-4fa9-9f7e-9b7ff58d1d4e,5/26/2026 13:53,ACC16025,4064-XXXX-XXXX-5286,8.89,USD,Coffee Shop,Tokyo,JP,Mobile App,0.5,0,1,normal,0.136
f0942c04-4b5e-4043-bb07-09f128bb9b88,6/14/2026 7:15,ACC82459,4051-XXXX-XXXX-5102,6.23,USD,Education,Singapore,SG,POS,21,0,0,normal,0.046
f29ce4a1-86d8-44b6-9fab-6ef229f26ac6,5/13/2026 11:23,ACC45815,4149-XXXX-XXXX-4698,17.85,USD,Restaurant,Bangalore,IN,Mobile App,0.4,0,0,normal,0.243
92127d0c-3a20-4daa-aed9-662febf7581c,8/5/2026 13:53,ACC86543,4665-XXXX-XXXX-1599,3.52,USD,Travel,London,GB,Online,8.8,0,0,normal,0.217
07c56d33-fd28-4255-b6fd-c1ea9685713f,5/31/2026 6:48,ACC47287,4662-XXXX-XXXX-9398,14.66,USD,Gas Station,Delhi,IN,Mobile App,16.6,0,1,normal,0.03
580fb407-8173-4c64-a641-fafa1ecc3fee,7/12/2026 10:30,ACC72858,4861-XXXX-XXXX-2743,12.54,USD,Healthcare,Delhi,IN,Online,33.5,0,0,normal,0.114
cbb90de5-1cc4-4b93-bc65-0219fff87f6f,7/6/2026 6:48,ACC38647,4915-XXXX-XXXX-5408,11.9,USD,Education,Bangalore,IN,Online,37.9,0,0,normal,0.228
9c3a23ac-e15e-496b-bebd-23c9eea4fecc,5/29/2026 10:37,ACC80592,4277-XXXX-XXXX-5450,39.88,USD,Pharmacy,Singapore,SG,Online,4.4,0,1,normal,0.067
71f07762-650f-43a1-8d69-67631c660bc5,5/7/2026 7:34,ACC30760,4534-XXXX-XXXX-5169,36.17,USD,Utilities,Sydney,AU,POS,7.7,0,0,normal,0.016
65fc9420-df48-4b27-ad17-e83150a624e5,7/6/2026 8:19,ACC28601,4977-XXXX-XXXX-1278,42.67,USD,Education,Chicago,US,Mobile App,12.2,0,1,normal,0.201
f2826787-5657-482b-b624-ff74cc12b652,7/4/2026 12:58,ACC88333,4767-XXXX-XXXX-5981,16.76,USD,Insurance,Paris,FR,Mobile App,2.5,0,0,normal,0.051
874d8981-38b1-43a4-9adb-d7ad57d01ed0,5/11/2026 17:33,ACC32768,4180-XXXX-XXXX-4875,2.5,USD,Retail,Singapore,SG,Mobile App,32.2,0,0,normal,0.229
fd7b3ac5-6316-49c1-ad5b-49ee7dc815b0,8/6/2026 8:31,ACC69545,4567-XXXX-XXXX-5227,122.08,USD,Subscription,Chicago,US,Mobile App,28.4,0,0,normal,0.048
496d441b-b596-4120-94e3-6518507d2e49,7/6/2026 8:41,ACC63419,4986-XXXX-XXXX-8977,20.51,USD,Utilities,Berlin,DE,POS,25.8,0,0,normal,0.113
d37a6ebc-b2e8-4a01-9e19-77410d4acb75,5/9/2026 22:20,ACC17455,4078-XXXX-XXXX-1928,52.9,USD,Grocery,Paris,FR,Online,17.5,0,0,normal,0.085
96338ddf-32b3-44bc-8d85-98c328403153,5/13/2026 14:34,ACC52727,4201-XXXX-XXXX-8496,49.72,USD,Insurance,Singapore,SG,POS,10.5,0,1,normal,0.137
cad40947-d878-4820-9e6e-f2dc875da743,6/8/2026 11:15,ACC26334,4737-XXXX-XXXX-5920,43.16,USD,Restaurant,Dubai,AE,Mobile App,26.7,0,0,normal,0.177
d72ed18f-1956-40c9-b11b-3ed54e4fc5d2,7/12/2026 6:42,ACC58424,4448-XXXX-XXXX-5656,33.04,USD,Grocery,Mumbai,IN,POS,18.9,0,1,normal,0.028
a98b6ea6-3925-45cd-98b7-c8406826c924,5/28/2026 19:22,ACC36176,4962-XXXX-XXXX-8352,25.16,USD,Entertainment,Singapore,SG,POS,4.6,0,0,normal,0.154
98a9d7b4-0c10-4c77-becd-645d3e4e2a36,6/17/2026 19:48,ACC31488,4026-XXXX-XXXX-6896,40.6,USD,Insurance,Mumbai,IN,ATM,19.6,0,0,normal,0.214
2b149bef-be52-4776-9808-385affc1c34a,8/8/2026 10:59,ACC29080,4128-XXXX-XXXX-4855,23.65,USD,Travel,Los Angeles,US,Mobile App,34.6,0,1,normal,0.084
38f861c0-747e-45c7-bd6f-50d7d4d81302,7/23/2026 15:16,ACC45007,4821-XXXX-XXXX-2610,56.37,USD,Entertainment,Tokyo,JP,Mobile App,26.2,0,0,normal,0.196
708d944f-ee85-40e0-be18-d9755045cd24,5/16/2026 16:29,ACC13340,4049-XXXX-XXXX-2084,65.31,USD,Healthcare,Los Angeles,US,ATM,21.1,0,0,normal,0.077
34e3ed0e-756e-4e98-8e4e-b3f5106e32f8,5/24/2026 7:00,ACC69614,4817-XXXX-XXXX-3603,19.85,USD,Entertainment,Berlin,DE,Online,0.7,0,0,normal,0.227
d4fd3d6a-581c-4e6e-a53b-5ccf4006d398,6/22/2026 12:16,ACC60109,4985-XXXX-XXXX-2041,118.98,USD,Education,London,GB,ATM,8.3,0,0,normal,0.029
a5bb207b-7ad4-40dd-8561-5370a3f8f499,7/24/2026 21:53,ACC62530,4409-XXXX-XXXX-8479,44.48,USD,Pharmacy,Delhi,IN,Mobile App,33.4,0,0,normal,0.125
1a3e5e43-f4d8-4f74-bc4b-f5545c6bc510,7/22/2026 12:28,ACC94320,4821-XXXX-XXXX-2787,2.5,USD,Utilities,Singapore,SG,Mobile App,38,0,1,normal,0.018
bfa8bac3-2c2b-4683-8766-74e99cb680a6,5/18/2026 12:50,ACC89707,4041-XXXX-XXXX-3607,9.61,USD,Education,Chicago,US,Online,4.8,0,1,normal,0.073
fdbeba69-9e3a-42df-8ac9-541eb177aa2d,7/14/2026 10:29,ACC73591,4346-XXXX-XXXX-4714,61.17,USD,Coffee Shop,Sydney,AU,POS,17.9,0,0,normal,0.217
5b64a69a-690e-4ead-8d40-4f2605a93245,6/9/2026 9:05,ACC98369,4219-XXXX-XXXX-5970,41.22,USD,Travel,Paris,FR,Mobile App,18.6,0,0,normal,0.065
df55eb5d-b3c8-402c-af2e-bfe69a1e2fdc,7/14/2026 8:24,ACC55471,4661-XXXX-XXXX-5729,5.47,USD,Travel,Tokyo,JP,Online,13.7,0,2,normal,0.142
e5d7c5b7-371c-42cb-927f-57e100702a92,7/31/2026 17:34,ACC43907,4608-XXXX-XXXX-9818,6.13,USD,Coffee Shop,Los Angeles,US,POS,21.9,0,2,normal,0.185
ff972def-f89e-45c2-976a-39d18583bc50,7/11/2026 17:22,ACC70284,4420-XXXX-XXXX-9871,42.56,USD,Subscription,Chicago,US,Online,39.5,0,0,normal,0.16
412282e5-9dde-42c6-81ea-3427b1fdb2ec,6/2/2026 16:20,ACC73121,4409-XXXX-XXXX-1394,81.15,USD,Home Improvement,Mumbai,IN,Mobile App,32,0,0,normal,0.214
f59a940c-f391-45c1-b1fb-025b2956e182,6/8/2026 2:07,ACC87370,4322-XXXX-XXXX-5417,997.2,USD,Education,New York,US,ATM,29.5,0,1,suspicious,0.866
e006f7ac-dfaf-4e13-8e2a-fec4f41f1de0,7/31/2026 18:37,ACC42329,4253-XXXX-XXXX-6362,6.61,USD,Pharmacy,Houston,US,ATM,23.2,0,1,normal,0.152
66ae85b7-4400-448a-b8ec-3c7068995bbf,5/26/2026 13:17,ACC48209,4193-XXXX-XXXX-2031,19.22,USD,Subscription,Berlin,DE,POS,34.9,0,0,normal,0.237
a88ee670-d1cb-4b92-89b2-8eb5b845700f,6/17/2026 8:35,ACC22917,4137-XXXX-XXXX-6968,172.48,USD,Grocery,Sydney,AU,ATM,29.2,0,1,normal,0.023
e3e4ad9d-a2b5-412c-96a0-23a53d8bede4,8/3/2026 17:29,ACC88401,4808-XXXX-XXXX-2267,26.82,USD,Healthcare,Singapore,SG,Mobile App,23.9,0,1,normal,0.113
3e1fb88c-74e2-41e9-973d-53e046ea50ec,6/27/2026 18:53,ACC96196,4897-XXXX-XXXX-7126,34.71,USD,Education,Paris,FR,Online,16.3,0,0,normal,0.032
bc66a6a4-77b4-4860-acbe-6eaf582583ca,6/20/2026 1:58,ACC62928,4968-XXXX-XXXX-7647,14.65,USD,Pharmacy,Singapore,SG,POS,18.9,0,0,normal,0.193
16c1c2f8-b67e-4bc5-9ae0-6372f51648ec,6/3/2026 18:56,ACC11263,4292-XXXX-XXXX-8123,23.13,USD,Electronics,Toronto,CA,Online,12.6,0,0,normal,0.054
bb878d2b-a489-47f2-905c-f7ed9363cf5b,6/22/2026 21:31,ACC75596,4784-XXXX-XXXX-9758,45.49,USD,Restaurant,Singapore,SG,ATM,20.4,0,0,normal,0.157
1ad15e43-4b64-4853-a851-11ea6e085a3b,5/19/2026 7:40,ACC87296,4232-XXXX-XXXX-1999,55.26,USD,Utilities,Singapore,SG,ATM,32.7,0,0,normal,0.139
d1791ca0-4cab-434d-857c-cfc9312ef405,7/6/2026 11:56,ACC58799,4373-XXXX-XXXX-7563,20.04,USD,Coffee Shop,Sydney,AU,Mobile App,18,0,0,normal,0.245
62b625f7-928b-4c73-85b1-ed8a79143449,5/8/2026 11:10,ACC54758,4310-XXXX-XXXX-9770,9.33,USD,Subscription,Chicago,US,Mobile App,36.8,0,1,normal,0.123
45872ba9-ec05-4421-99d9-5f42ffb1d7ec,6/22/2026 17:21,ACC62341,4492-XXXX-XXXX-3304,236.21,USD,Education,Dubai,AE,Online,21.3,0,0,normal,0.147
e201fbe1-bc61-403e-a68b-a69ad004d0a3,5/21/2026 12:31,ACC65345,4068-XXXX-XXXX-2067,11.35,USD,Grocery,Toronto,CA,POS,10.5,0,1,normal,0.096
4b3c24c0-7c25-4ff3-9fa2-576f5de901ca,6/7/2026 19:26,ACC82128,4938-XXXX-XXXX-9810,1598.55,USD,Jewelry,Berlin,DE,ATM,39.6,0,1,suspicious,0.979
29075e23-c452-4125-8117-b154330ef5f7,5/10/2026 16:27,ACC30562,4287-XXXX-XXXX-8861,1333.84,USD,Travel,Paris,FR,Online,21.7,0,2,suspicious,0.692
eab63d96-cad1-47a4-ae84-92072283adb0,7/7/2026 16:07,ACC32954,4425-XXXX-XXXX-5081,51.48,USD,Home Improvement,London,GB,Online,36,0,1,normal,0.12
d2cdaa68-aa3a-4d72-8121-bec522b328d6,6/3/2026 5:08,ACC87286,4304-XXXX-XXXX-9141,29.21,USD,Travel,Delhi,IN,ATM,31.3,0,0,normal,0.128
12c5f38d-6ce5-451c-b026-175394fb8187,8/3/2026 13:59,ACC34232,4802-XXXX-XXXX-2222,23.82,USD,Home Improvement,London,GB,POS,21.7,0,1,normal,0.165
2dae2894-55b8-46b6-9146-f0e43cb57e53,8/3/2026 17:23,ACC47990,4253-XXXX-XXXX-1320,2.55,USD,Coffee Shop,Los Angeles,US,Mobile App,10.4,0,0,normal,0.205
71dec39b-abaf-45ca-bdd1-f5a651ee0d84,6/14/2026 17:28,ACC38247,4263-XXXX-XXXX-5412,6.55,USD,Home Improvement,Chicago,US,Online,2.9,0,0,normal,0.082
e6b5a3aa-32ef-494a-b434-36fb9bf5619a,7/10/2026 15:24,ACC59326,4996-XXXX-XXXX-4651,71.64,USD,Education,Bangalore,IN,ATM,14.1,0,1,normal,0.127
cb135ee6-ec1a-4f80-9e2a-0358c82a1a33,7/9/2026 13:20,ACC70461,4028-XXXX-XXXX-1432,6.43,USD,Subscription,Dubai,AE,ATM,3.5,0,0,normal,0.228
96b0874e-7a65-4c57-b988-b0158143cbd2,5/17/2026 16:25,ACC36347,4573-XXXX-XXXX-6551,35.98,USD,Travel,Tokyo,JP,Online,35.5,0,1,normal,0.241
d390421b-be6e-49de-9a44-eaabe9793e76,7/17/2026 10:23,ACC96008,4176-XXXX-XXXX-2610,210.27,USD,Electronics,Chicago,US,ATM,23.2,0,0,normal,0.11
df4893cb-49a2-4df0-b670-71d841d9ba73,5/14/2026 19:19,ACC96431,4313-XXXX-XXXX-3496,23.75,USD,Utilities,Mumbai,IN,Mobile App,32.3,0,2,normal,0.05
e2a3d4c8-baa9-4f17-b7b2-4f27c0adcf46,6/29/2026 14:20,ACC91094,4554-XXXX-XXXX-1866,31.28,USD,Restaurant,Singapore,SG,Online,30,0,0,normal,0.014
8233a816-6de7-4f67-a32f-5f7f39f8b13a,7/17/2026 13:25,ACC68045,4277-XXXX-XXXX-7778,11.57,USD,Electronics,Tokyo,JP,POS,31.5,0,1,normal,0.159
f5e972c0-449f-41be-8bcd-6231c63c1b1c,7/2/2026 13:40,ACC91913,4061-XXXX-XXXX-3553,21,USD,Grocery,Paris,FR,Online,9.8,0,0,normal,0.104
66fd10f7-59c9-4856-a218-ff1a7bf74d57,5/27/2026 8:26,ACC87516,4198-XXXX-XXXX-7008,20.18,USD,Pharmacy,Delhi,IN,Mobile App,28.9,0,1,normal,0.026
542ca614-facf-4f8e-92d4-1c710f3efd8a,7/7/2026 9:52,ACC30722,4172-XXXX-XXXX-4590,57.89,USD,Utilities,Mumbai,IN,Online,33.8,0,2,normal,0.097
152b9ff2-adb4-49ee-8cb8-86c534a078dc,5/10/2026 19:08,ACC59993,4746-XXXX-XXXX-3613,63.66,USD,Pharmacy,Sydney,AU,POS,2.1,0,0,normal,0.056
389949cc-78c4-4b3b-9e1d-0ddb260d024d,5/11/2026 7:19,ACC22265,4929-XXXX-XXXX-4525,5.78,USD,Retail,Mumbai,IN,Mobile App,2,0,0,normal,0.224
a29eb227-2d39-4261-b392-339521d8f354,8/6/2026 11:18,ACC73307,4526-XXXX-XXXX-2334,11.5,USD,Entertainment,Toronto,CA,POS,17,0,0,normal,0.041
9b92252a-be95-4d85-9704-e39eef5f40dd,7/15/2026 16:31,ACC52039,4112-XXXX-XXXX-8540,42.32,USD,Healthcare,Dubai,AE,POS,13.9,0,1,normal,0.239
2e52fbac-dde1-48c4-ab1b-a62087f8c79c,5/25/2026 18:49,ACC15234,4912-XXXX-XXXX-1981,47.02,USD,Education,Mumbai,IN,POS,4.5,0,2,normal,0.183
d52b75f3-8ab1-4d46-92e5-83d8dc446b13,7/26/2026 7:58,ACC22119,4678-XXXX-XXXX-7051,25.52,USD,Restaurant,Houston,US,Mobile App,13.2,0,0,normal,0.148
35ac44d4-253d-491e-a49e-561f67777206,7/26/2026 8:41,ACC59131,4441-XXXX-XXXX-3385,46.86,USD,Pharmacy,Los Angeles,US,Online,21.2,0,0,normal,0.2
3ee95e3a-b89f-4e4f-bb12-4ae9fb5dcb18,5/6/2026 6:49,ACC12863,4221-XXXX-XXXX-7183,483.94,USD,Travel,Bangalore,IN,Online,15.5,0,12,suspicious,0.837
d904bd75-37fb-4bea-8703-deb9cb7c31ec,7/1/2026 15:28,ACC43728,4904-XXXX-XXXX-2663,5446.83,USD,Travel,Delhi,IN,ATM,34.8,0,2,suspicious,0.709
bc87e253-5bea-4289-b73d-7c07aee37c09,7/29/2026 9:58,ACC60367,4824-XXXX-XXXX-5318,24.53,USD,Healthcare,New York,US,ATM,21.3,0,0,normal,0.065
a4cf0b35-61d6-4367-8109-d22ebb84ea22,6/9/2026 9:29,ACC56944,4503-XXXX-XXXX-2462,25.56,USD,Pharmacy,Tokyo,JP,Online,4.3,0,0,normal,0.123
ba0f4b53-ee26-4b41-b9f7-60e3e2dd6258,8/2/2026 17:55,ACC46507,4240-XXXX-XXXX-6263,10.75,USD,Pharmacy,Delhi,IN,POS,33.4,0,0,normal,0.197
a207700c-814d-4555-b4e3-c6b4e1aeeb76,6/12/2026 17:41,ACC11533,4940-XXXX-XXXX-7703,19.95,USD,Retail,Chicago,US,POS,39.7,0,0,normal,0.224
d18366f7-d6f2-4bf5-80a5-17a853a656bf,7/20/2026 15:18,ACC14074,4525-XXXX-XXXX-9837,22.49,USD,Grocery,Chicago,US,POS,20.7,0,1,normal,0.241
3f0f8036-36fc-444f-a9b6-565f11b21f48,5/15/2026 11:20,ACC97614,4399-XXXX-XXXX-7915,41.16,USD,Education,London,GB,Mobile App,3.7,0,0,normal,0.165
e160490f-1d5f-4975-9630-9086f40f4b4e,7/9/2026 9:16,ACC61434,4455-XXXX-XXXX-9817,2092.52,USD,Gift Cards,London,GB,ATM,35.6,0,1,suspicious,0.756
4612f675-1d5a-4a83-bf06-e356afa250d4,7/10/2026 6:54,ACC82677,4337-XXXX-XXXX-6628,852.21,USD,Electronics,Chicago,US,Online,7.1,0,7,suspicious,0.657
f25344ae-643f-4132-a229-cbde3c1440bb,6/28/2026 2:43,ACC68775,4006-XXXX-XXXX-4540,23.38,USD,Utilities,Los Angeles,US,ATM,20.7,0,0,normal,0.233
7bdec3b9-6cce-4e12-b5d0-d73840a809ce,5/4/2026 9:54,ACC16380,4250-XXXX-XXXX-1724,40.81,USD,Restaurant,Dubai,AE,ATM,17.6,0,0,normal,0.191
dd360442-3c7b-4229-8b02-09a3ee28dfb8,8/5/2026 8:32,ACC95799,4039-XXXX-XXXX-4018,33.58,USD,Entertainment,Mumbai,IN,ATM,23.2,0,0,normal,0.182
4b5eaee0-5e8a-413e-891f-5ffcb5b01bd1,5/10/2026 16:00,ACC92480,4954-XXXX-XXXX-4695,22.72,USD,Education,Paris,FR,Online,14.1,0,0,normal,0.159
db3cebe0-40fe-4b19-9916-777b6a48a49b,5/23/2026 14:37,ACC71749,4237-XXXX-XXXX-8180,4.7,USD,Electronics,New York,US,Mobile App,32.9,0,0,normal,0.156
c28567f3-a6d4-46a1-9c83-9f981fc633f3,5/22/2026 11:09,ACC58804,4676-XXXX-XXXX-3807,16.51,USD,Retail,Bangalore,IN,ATM,35.1,0,0,normal,0.045
177ffb2b-55b3-401b-b2c2-5654d1cc784f,6/2/2026 9:47,ACC62847,4631-XXXX-XXXX-8758,28.72,USD,Coffee Shop,Los Angeles,US,Online,2.4,0,0,normal,0.109
dd58554a-9f9d-41ae-af4e-4aabf404afa9,5/3/2026 17:11,ACC29809,4674-XXXX-XXXX-8317,7.17,USD,Travel,Mumbai,IN,Mobile App,32.3,0,0,normal,0.178
1ba8af98-6857-4574-9fcd-50153f9a509d,5/7/2026 18:35,ACC84341,4897-XXXX-XXXX-6155,15.57,USD,Subscription,Houston,US,Online,26.2,0,0,normal,0.229
71e2b5df-0fd9-4652-8a1e-e0758ab7a807,7/14/2026 15:55,ACC21648,4111-XXXX-XXXX-6642,8.13,USD,Home Improvement,Toronto,CA,Online,10.8,0,0,normal,0.19
dfb4da96-7312-4990-beae-2a4f3924c368,6/5/2026 16:54,ACC41417,4906-XXXX-XXXX-3587,2.5,USD,Restaurant,Dubai,AE,Mobile App,35.3,0,0,normal,0.17
489dc04d-a875-4304-954b-9bd9ddee264b,7/23/2026 5:08,ACC37370,4625-XXXX-XXXX-2228,48.97,USD,Home Improvement,Sydney,AU,Online,22.7,0,2,normal,0.033
57cf50e7-b26f-43ef-acde-d99c839a8802,7/5/2026 15:04,ACC66967,4253-XXXX-XXXX-5891,74.69,USD,Utilities,Sydney,AU,Mobile App,30.1,0,1,normal,0.236
7cbe9e22-f5e7-43d9-a51d-fc4336b59546,8/6/2026 4:46,ACC98219,4561-XXXX-XXXX-8648,47.27,USD,Coffee Shop,Paris,FR,Online,35.9,0,2,normal,0.126
652296c8-1930-434c-b870-7b08a141cccb,8/1/2026 0:47,ACC74091,4780-XXXX-XXXX-7435,38.64,USD,Grocery,Sydney,AU,POS,31.5,0,0,normal,0.029
795d6f38-ae5a-434c-9d34-b127eac4e699,5/4/2026 22:31,ACC59397,4377-XXXX-XXXX-7541,81.4,USD,Healthcare,Chicago,US,ATM,30.5,0,0,normal,0.095
f103f597-1d6e-4769-a135-e2ba73f18671,5/3/2026 14:45,ACC16137,4428-XXXX-XXXX-8771,47.01,USD,Grocery,London,GB,Mobile App,18.9,0,0,normal,0.212
394849f2-ceea-48ce-965a-394b68efa475,5/23/2026 18:19,ACC83821,4836-XXXX-XXXX-8032,19.18,USD,Retail,Sydney,AU,POS,5,0,0,normal,0.111
3ddd3956-d224-4b58-a167-5d268923f455,8/4/2026 17:48,ACC70764,4255-XXXX-XXXX-1041,28.97,USD,Electronics,Berlin,DE,ATM,9.3,0,0,normal,0.173
58ae90de-5017-40fc-afc7-6ab94fd66922,7/29/2026 15:01,ACC29301,4725-XXXX-XXXX-1259,981.5,USD,Healthcare,Bangalore,IN,ATM,31.3,0,2,suspicious,0.902
2c62312d-854e-4681-8960-57ea3c0543e1,7/28/2026 3:00,ACC82152,4520-XXXX-XXXX-8460,3473.94,USD,Insurance,Singapore,SG,Online,23.7,0,1,suspicious,0.722
ac2ee8e3-2f82-4bf4-bae1-0e54f6f447b7,6/6/2026 17:39,ACC30016,4349-XXXX-XXXX-5109,12.78,USD,Home Improvement,Toronto,CA,Online,14,0,0,normal,0.165
